rate_id,service_id,weight,unit,zone,fee,start_date,end_date,hidden,disabled,deleted,deleted_at,created_at,created_by,updated_at,updated_by
,3369,1,oz,1,16.62,2025/1/6 0:00,2099/12/31 23:59,0,0,0,,2025/1/6 0:00,0,2025/1/6 0:00,0
,3369,2,oz,1,16.62,2025/1/6 0:00,2099/12/31 23:59,0,0,0,,2025/1/6 0:00,0,2025/1/6 0:00,0
,3369,3,oz,1,16.62,2025/1/6 0:00,2099/12/31 23:59,0,0,0,,2025/1/6 0:00,0,2025/1/6 0:00,0
,3369,4,oz,1,16.62,2025/1/6 0:00,2099/12/31 23:59,0,0,0,,2025/1/6 0:00,0,2025/1/6 0:00,0
,3369,5,oz,1,16.62,2025/1/6 0:00,2099/12/31 23:59,0,0,0,,2025/1/6 0:00,0,2025/1/6 0:00,0
,3369,6,oz,1,16.62,2025/1/6 0:00,2099/12/31 23:59,0,0,0,,2025/1/6 0:00,0,2025/1/6 0:00,0
,3369,7,oz,1,16.62,2025/1/6 0:00,2099/12/31 23:59,0,0,0,,2025/1/6 0:00,0,2025/1/6 0:00,0
,3369,8,oz,1,16.62,2025/1/6 0:00,2099/12/31 23:59,0,0,0,,2025/1/6 0:00,0,2025/1/6 0:00,0
,3369,9,oz,1,24.72,2025/1/6 0:00,2099/12/31 23:59,0,0,0,,2025/1/6 0:00,0,2025/1/6 0:00,0
,3369,10,oz,1,24.72,2025/1/6 0:00,2099/12/31 23:59,0,0,0,,2025/1/6 0:00,0,2025/1/6 0:00,0
,3369,11,oz,1,24.72,2025/1/6 0:00,2099/12/31 23:59,0,0,0,,2025/1/6 0:00,0,2025/1/6 0:00,0
,3369,12,oz,1,24.72,2025/1/6 0:00,2099/12/31 23:59,0,0,0,,2025/1/6 0:00,0,2025/1/6 0:00,0
,3369,13,oz,1,24.72,2025/1/6 0:00,2099/12/31 23:59,0,0,0,,2025/1/6 0:00,0,2025/1/6 0:00,0
,3369,14,oz,1,24.72,2025/1/6 0:00,2099/12/31 23:59,0,0,0,,2025/1/6 0:00,0,2025/1/6 0:00,0
,3369,15,oz,1,24.72,2025/1/6 0:00,2099/12/31 23:59,0,0,0,,2025/1/6 0:00,0,2025/1/6 0:00,0
,3369,16,oz,1,24.72,2025/1/6 0:00,2099/12/31 23:59,0,0,0,,2025/1/6 0:00,0,2025/1/6 0:00,0
,3369,17,oz,1,24.72,2025/1/6 0:00,2099/12/31 23:59,0,0,0,,2025/1/6 0:00,0,2025/1/6 0:00,0
,3369,18,oz,1,24.72,2025/1/6 0:00,2099/12/31 23:59,0,0,0,,2025/1/6 0:00,0,2025/1/6 0:00,0
,3369,19,oz,1,24.72,2025/1/6 0:00,2099/12/31 23:59,0,0,0,,2025/1/6 0:00,0,2025/1/6 0:00,0
,3369,20,oz,1,24.72,2025/1/6 0:00,2099/12/31 23:59,0,0,0,,2025/1/6 0:00,0,2025/1/6 0:00,0
,3369,21,oz,1,24.72,2025/1/6 0:00,2099/12/31 23:59,0,0,0,,2025/1/6 0:00,0,2025/1/6 0:00,0
,3369,22,oz,1,24.72,2025/1/6 0:00,2099/12/31 23:59,0,0,0,,2025/1/6 0:00,0,2025/1/6 0:00,0
,3369,23,oz,1,24.72,2025/1/6 0:00,2099/12/31 23:59,0,0,0,,2025/1/6 0:00,0,2025/1/6 0:00,0
,3369,24,oz,1,24.72,2025/1/6 0:00,2099/12/31 23:59,0,0,0,,2025/1/6 0:00,0,2025/1/6 0:00,0
,3369,25,oz,1,24.72,2025/1/6 0:00,2099/12/31 23:59,0,0,0,,2025/1/6 0:00,0,2025/1/6 0:00,0
,3369,26,oz,1,24.72,2025/1/6 0:00,2099/12/31 23:59,0,0,0,,2025/1/6 0:00,0,2025/1/6 0:00,0
,3369,27,oz,1,24.72,2025/1/6 0:00,2099/12/31 23:59,0,0,0,,2025/1/6 0:00,0,2025/1/6 0:00,0
,3369,28,oz,1,24.72,2025/1/6 0:00,2099/12/31 23:59,0,0,0,,2025/1/6 0:00,0,2025/1/6 0:00,0
,3369,29,oz,1,24.72,2025/1/6 0:00,2099/12/31 23:59,0,0,0,,2025/1/6 0:00,0,2025/1/6 0:00,0
,3369,30,oz,1,24.72,2025/1/6 0:00,2099/12/31 23:59,0,0,0,,2025/1/6 0:00,0,2025/1/6 0:00,0
,3369,31,oz,1,24.72,2025/1/6 0:00,2099/12/31 23:59,0,0,0,,2025/1/6 0:00,0,2025/1/6 0:00,0
,3369,32,oz,1,24.72,2025/1/6 0:00,2099/12/31 23:59,0,0,0,,2025/1/6 0:00,0,2025/1/6 0:00,0
,3369,33,oz,1,36.29,2025/1/6 0:00,2099/12/31 23:59,0,0,0,,2025/1/6 0:00,0,2025/1/6 0:00,0
,3369,34,oz,1,36.29,2025/1/6 0:00,2099/12/31 23:59,0,0,0,,2025/1/6 0:00,0,2025/1/6 0:00,0
,3369,35,oz,1,36.29,2025/1/6 0:00,2099/12/31 23:59,0,0,0,,2025/1/6 0:00,0,2025/1/6 0:00,0
,3369,36,oz,1,36.29,2025/1/6 0:00,2099/12/31 23:59,0,0,0,,2025/1/6 0:00,0,2025/1/6 0:00,0
,3369,37,oz,1,36.29,2025/1/6 0:00,2099/12/31 23:59,0,0,0,,2025/1/6 0:00,0,2025/1/6 0:00,0
,3369,38,oz,1,36.29,2025/1/6 0:00,2099/12/31 23:59,0,0,0,,2025/1/6 0:00,0,2025/1/6 0:00,0
,3369,39,oz,1,36.29,2025/1/6 0:00,2099/12/31 23:59,0,0,0,,2025/1/6 0:00,0,2025/1/6 0:00,0
,3369,40,oz,1,36.29,2025/1/6 0:00,2099/12/31 23:59,0,0,0,,2025/1/6 0:00,0,2025/1/6 0:00,0
,3369,41,oz,1,36.29,2025/1/6 0:00,2099/12/31 23:59,0,0,0,,2025/1/6 0:00,0,2025/1/6 0:00,0
,3369,42,oz,1,36.29,2025/1/6 0:00,2099/12/31 23:59,0,0,0,,2025/1/6 0:00,0,2025/1/6 0:00,0
,3369,43,oz,1,36.29,2025/1/6 0:00,2099/12/31 23:59,0,0,0,,2025/1/6 0:00,0,2025/1/6 0:00,0
,3369,44,oz,1,36.29,2025/1/6 0:00,2099/12/31 23:59,0,0,0,,2025/1/6 0:00,0,2025/1/6 0:00,0
,3369,45,oz,1,36.29,2025/1/6 0:00,2099/12/31 23:59,0,0,0,,2025/1/6 0:00,0,2025/1/6 0:00,0
,3369,46,oz,1,36.29,2025/1/6 0:00,2099/12/31 23:59,0,0,0,,2025/1/6 0:00,0,2025/1/6 0:00,0
,3369,47,oz,1,36.29,2025/1/6 0:00,2099/12/31 23:59,0,0,0,,2025/1/6 0:00,0,2025/1/6 0:00,0
,3369,48,oz,1,36.29,2025/1/6 0:00,2099/12/31 23:59,0,0,0,,2025/1/6 0:00,0,2025/1/6 0:00,0
,3369,49,oz,1,37.37,2025/1/6 0:00,2099/12/31 23:59,0,0,0,,2025/1/6 0:00,0,2025/1/6 0:00,0
,3369,50,oz,1,37.37,2025/1/6 0:00,2099/12/31 23:59,0,0,0,,2025/1/6 0:00,0,2025/1/6 0:00,0
,3369,51,oz,1,37.37,2025/1/6 0:00,2099/12/31 23:59,0,0,0,,2025/1/6 0:00,0,2025/1/6 0:00,0
,3369,52,oz,1,37.37,2025/1/6 0:00,2099/12/31 23:59,0,0,0,,2025/1/6 0:00,0,2025/1/6 0:00,0
,3369,53,oz,1,37.37,2025/1/6 0:00,2099/12/31 23:59,0,0,0,,2025/1/6 0:00,0,2025/1/6 0:00,0
,3369,54,oz,1,37.37,2025/1/6 0:00,2099/12/31 23:59,0,0,0,,2025/1/6 0:00,0,2025/1/6 0:00,0
,3369,55,oz,1,37.37,2025/1/6 0:00,2099/12/31 23:59,0,0,0,,2025/1/6 0:00,0,2025/1/6 0:00,0
,3369,56,oz,1,37.37,2025/1/6 0:00,2099/12/31 23:59,0,0,0,,2025/1/6 0:00,0,2025/1/6 0:00,0
,3369,57,oz,1,37.37,2025/1/6 0:00,2099/12/31 23:59,0,0,0,,2025/1/6 0:00,0,2025/1/6 0:00,0
,3369,58,oz,1,37.37,2025/1/6 0:00,2099/12/31 23:59,0,0,0,,2025/1/6 0:00,0,2025/1/6 0:00,0
,3369,59,oz,1,37.37,2025/1/6 0:00,2099/12/31 23:59,0,0,0,,2025/1/6 0:00,0,2025/1/6 0:00,0
,3369,60,oz,1,37.37,2025/1/6 0:00,2099/12/31 23:59,0,0,0,,2025/1/6 0:00,0,2025/1/6 0:00,0
,3369,61,oz,1,37.37,2025/1/6 0:00,2099/12/31 23:59,0,0,0,,2025/1/6 0:00,0,2025/1/6 0:00,0
,3369,62,oz,1,37.37,2025/1/6 0:00,2099/12/31 23:59,0,0,0,,2025/1/6 0:00,0,2025/1/6 0:00,0
,3369,63,oz,1,37.37,2025/1/6 0:00,2099/12/31 23:59,0,0,0,,2025/1/6 0:00,0,2025/1/6 0:00,0
,3369,64,oz,1,37.37,2025/1/6 0:00,2099/12/31 23:59,0,0,0,,2025/1/6 0:00,0,2025/1/6 0:00,0
,3369,65,oz,1,39.89,2025/1/6 0:00,2099/12/31 23:59,0,0,0,,2025/1/6 0:00,0,2025/1/6 0:00,0
,3369,66,oz,1,39.89,2025/1/6 0:00,2099/12/31 23:59,0,0,0,,2025/1/6 0:00,0,2025/1/6 0:00,0
,3369,67,oz,1,39.89,2025/1/6 0:00,2099/12/31 23:59,0,0,0,,2025/1/6 0:00,0,2025/1/6 0:00,0
,3369,68,oz,1,39.89,2025/1/6 0:00,2099/12/31 23:59,0,0,0,,2025/1/6 0:00,0,2025/1/6 0:00,0
,3369,69,oz,1,39.89,2025/1/6 0:00,2099/12/31 23:59,0,0,0,,2025/1/6 0:00,0,2025/1/6 0:00,0
,3369,70,oz,1,39.89,2025/1/6 0:00,2099/12/31 23:59,0,0,0,,2025/1/6 0:00,0,2025/1/6 0:00,0
,3369,71,oz,1,39.89,2025/1/6 0:00,2099/12/31 23:59,0,0,0,,2025/1/6 0:00,0,2025/1/6 0:00,0
,3369,72,oz,1,39.89,2025/1/6 0:00,2099/12/31 23:59,0,0,0,,2025/1/6 0:00,0,2025/1/6 0:00,0
,3369,73,oz,1,39.89,2025/1/6 0:00,2099/12/31 23:59,0,0,0,,2025/1/6 0:00,0,2025/1/6 0:00,0
,3369,74,oz,1,39.89,2025/1/6 0:00,2099/12/31 23:59,0,0,0,,2025/1/6 0:00,0,2025/1/6 0:00,0
,3369,75,oz,1,39.89,2025/1/6 0:00,2099/12/31 23:59,0,0,0,,2025/1/6 0:00,0,2025/1/6 0:00,0
,3369,76,oz,1,39.89,2025/1/6 0:00,2099/12/31 23:59,0,0,0,,2025/1/6 0:00,0,2025/1/6 0:00,0
,3369,77,oz,1,39.89,2025/1/6 0:00,2099/12/31 23:59,0,0,0,,2025/1/6 0:00,0,2025/1/6 0:00,0
,3369,78,oz,1,39.89,2025/1/6 0:00,2099/12/31 23:59,0,0,0,,2025/1/6 0:00,0,2025/1/6 0:00,0
,3369,79,oz,1,39.89,2025/1/6 0:00,2099/12/31 23:59,0,0,0,,2025/1/6 0:00,0,2025/1/6 0:00,0
,3369,80,oz,1,39.89,2025/1/6 0:00,2099/12/31 23:59,0,0,0,,2025/1/6 0:00,0,2025/1/6 0:00,0
,3369,81,oz,1,42.38,2025/1/6 0:00,2099/12/31 23:59,0,0,0,,2025/1/6 0:00,0,2025/1/6 0:00,0
,3369,82,oz,1,42.38,2025/1/6 0:00,2099/12/31 23:59,0,0,0,,2025/1/6 0:00,0,2025/1/6 0:00,0
,3369,83,oz,1,42.38,2025/1/6 0:00,2099/12/31 23:59,0,0,0,,2025/1/6 0:00,0,2025/1/6 0:00,0
,3369,84,oz,1,42.38,2025/1/6 0:00,2099/12/31 23:59,0,0,0,,2025/1/6 0:00,0,2025/1/6 0:00,0
,3369,85,oz,1,42.38,2025/1/6 0:00,2099/12/31 23:59,0,0,0,,2025/1/6 0:00,0,2025/1/6 0:00,0
,3369,86,oz,1,42.38,2025/1/6 0:00,2099/12/31 23:59,0,0,0,,2025/1/6 0:00,0,2025/1/6 0:00,0
,3369,87,oz,1,42.38,2025/1/6 0:00,2099/12/31 23:59,0,0,0,,2025/1/6 0:00,0,2025/1/6 0:00,0
,3369,88,oz,1,42.38,2025/1/6 0:00,2099/12/31 23:59,0,0,0,,2025/1/6 0:00,0,2025/1/6 0:00,0
,3369,89,oz,1,42.38,2025/1/6 0:00,2099/12/31 23:59,0,0,0,,2025/1/6 0:00,0,2025/1/6 0:00,0
,3369,90,oz,1,42.38,2025/1/6 0:00,2099/12/31 23:59,0,0,0,,2025/1/6 0:00,0,2025/1/6 0:00,0
,3369,91,oz,1,42.38,2025/1/6 0:00,2099/12/31 23:59,0,0,0,,2025/1/6 0:00,0,2025/1/6 0:00,0
,3369,92,oz,1,42.38,2025/1/6 0:00,2099/12/31 23:59,0,0,0,,2025/1/6 0:00,0,2025/1/6 0:00,0
,3369,93,oz,1,42.38,2025/1/6 0:00,2099/12/31 23:59,0,0,0,,2025/1/6 0:00,0,2025/1/6 0:00,0
,3369,94,oz,1,42.38,2025/1/6 0:00,2099/12/31 23:59,0,0,0,,2025/1/6 0:00,0,2025/1/6 0:00,0
,3369,95,oz,1,42.38,2025/1/6 0:00,2099/12/31 23:59,0,0,0,,2025/1/6 0:00,0,2025/1/6 0:00,0
,3369,96,oz,1,42.38,2025/1/6 0:00,2099/12/31 23:59,0,0,0,,2025/1/6 0:00,0,2025/1/6 0:00,0
,3369,97,oz,1,44.88,2025/1/6 0:00,2099/12/31 23:59,0,0,0,,2025/1/6 0:00,0,2025/1/6 0:00,0
,3369,98,oz,1,44.88,2025/1/6 0:00,2099/12/31 23:59,0,0,0,,2025/1/6 0:00,0,2025/1/6 0:00,0
,3369,99,oz,1,44.88,2025/1/6 0:00,2099/12/31 23:59,0,0,0,,2025/1/6 0:00,0,2025/1/6 0:00,0
,3369,100,oz,1,44.88,2025/1/6 0:00,2099/12/31 23:59,0,0,0,,2025/1/6 0:00,0,2025/1/6 0:00,0
,3369,101,oz,1,44.88,2025/1/6 0:00,2099/12/31 23:59,0,0,0,,2025/1/6 0:00,0,2025/1/6 0:00,0
,3369,102,oz,1,44.88,2025/1/6 0:00,2099/12/31 23:59,0,0,0,,2025/1/6 0:00,0,2025/1/6 0:00,0
,3369,103,oz,1,44.88,2025/1/6 0:00,2099/12/31 23:59,0,0,0,,2025/1/6 0:00,0,2025/1/6 0:00,0
,3369,104,oz,1,44.88,2025/1/6 0:00,2099/12/31 23:59,0,0,0,,2025/1/6 0:00,0,2025/1/6 0:00,0
,3369,105,oz,1,44.88,2025/1/6 0:00,2099/12/31 23:59,0,0,0,,2025/1/6 0:00,0,2025/1/6 0:00,0
,3369,106,oz,1,44.88,2025/1/6 0:00,2099/12/31 23:59,0,0,0,,2025/1/6 0:00,0,2025/1/6 0:00,0
,3369,107,oz,1,44.88,2025/1/6 0:00,2099/12/31 23:59,0,0,0,,2025/1/6 0:00,0,2025/1/6 0:00,0
,3369,108,oz,1,44.88,2025/1/6 0:00,2099/12/31 23:59,0,0,0,,2025/1/6 0:00,0,2025/1/6 0:00,0
,3369,109,oz,1,44.88,2025/1/6 0:00,2099/12/31 23:59,0,0,0,,2025/1/6 0:00,0,2025/1/6 0:00,0
,3369,110,oz,1,44.88,2025/1/6 0:00,2099/12/31 23:59,0,0,0,,2025/1/6 0:00,0,2025/1/6 0:00,0
,3369,111,oz,1,44.88,2025/1/6 0:00,2099/12/31 23:59,0,0,0,,2025/1/6 0:00,0,2025/1/6 0:00,0
,3369,112,oz,1,44.88,2025/1/6 0:00,2099/12/31 23:59,0,0,0,,2025/1/6 0:00,0,2025/1/6 0:00,0
,3369,113,oz,1,47.37,2025/1/6 0:00,2099/12/31 23:59,0,0,0,,2025/1/6 0:00,0,2025/1/6 0:00,0
,3369,114,oz,1,47.37,2025/1/6 0:00,2099/12/31 23:59,0,0,0,,2025/1/6 0:00,0,2025/1/6 0:00,0
,3369,115,oz,1,47.37,2025/1/6 0:00,2099/12/31 23:59,0,0,0,,2025/1/6 0:00,0,2025/1/6 0:00,0
,3369,116,oz,1,47.37,2025/1/6 0:00,2099/12/31 23:59,0,0,0,,2025/1/6 0:00,0,2025/1/6 0:00,0
,3369,117,oz,1,47.37,2025/1/6 0:00,2099/12/31 23:59,0,0,0,,2025/1/6 0:00,0,2025/1/6 0:00,0
,3369,118,oz,1,47.37,2025/1/6 0:00,2099/12/31 23:59,0,0,0,,2025/1/6 0:00,0,2025/1/6 0:00,0
,3369,119,oz,1,47.37,2025/1/6 0:00,2099/12/31 23:59,0,0,0,,2025/1/6 0:00,0,2025/1/6 0:00,0
,3369,120,oz,1,47.37,2025/1/6 0:00,2099/12/31 23:59,0,0,0,,2025/1/6 0:00,0,2025/1/6 0:00,0
,3369,121,oz,1,47.37,2025/1/6 0:00,2099/12/31 23:59,0,0,0,,2025/1/6 0:00,0,2025/1/6 0:00,0
,3369,122,oz,1,47.37,2025/1/6 0:00,2099/12/31 23:59,0,0,0,,2025/1/6 0:00,0,2025/1/6 0:00,0
,3369,123,oz,1,47.37,2025/1/6 0:00,2099/12/31 23:59,0,0,0,,2025/1/6 0:00,0,2025/1/6 0:00,0
,3369,124,oz,1,47.37,2025/1/6 0:00,2099/12/31 23:59,0,0,0,,2025/1/6 0:00,0,2025/1/6 0:00,0
,3369,125,oz,1,47.37,2025/1/6 0:00,2099/12/31 23:59,0,0,0,,2025/1/6 0:00,0,2025/1/6 0:00,0
,3369,126,oz,1,47.37,2025/1/6 0:00,2099/12/31 23:59,0,0,0,,2025/1/6 0:00,0,2025/1/6 0:00,0
,3369,127,oz,1,47.37,2025/1/6 0:00,2099/12/31 23:59,0,0,0,,2025/1/6 0:00,0,2025/1/6 0:00,0
,3369,128,oz,1,47.37,2025/1/6 0:00,2099/12/31 23:59,0,0,0,,2025/1/6 0:00,0,2025/1/6 0:00,0
,3369,129,oz,1,49.86,2025/1/6 0:00,2099/12/31 23:59,0,0,0,,2025/1/6 0:00,0,2025/1/6 0:00,0
,3369,130,oz,1,49.86,2025/1/6 0:00,2099/12/31 23:59,0,0,0,,2025/1/6 0:00,0,2025/1/6 0:00,0
,3369,131,oz,1,49.86,2025/1/6 0:00,2099/12/31 23:59,0,0,0,,2025/1/6 0:00,0,2025/1/6 0:00,0
,3369,132,oz,1,49.86,2025/1/6 0:00,2099/12/31 23:59,0,0,0,,2025/1/6 0:00,0,2025/1/6 0:00,0
,3369,133,oz,1,49.86,2025/1/6 0:00,2099/12/31 23:59,0,0,0,,2025/1/6 0:00,0,2025/1/6 0:00,0
,3369,134,oz,1,49.86,2025/1/6 0:00,2099/12/31 23:59,0,0,0,,2025/1/6 0:00,0,2025/1/6 0:00,0
,3369,135,oz,1,49.86,2025/1/6 0:00,2099/12/31 23:59,0,0,0,,2025/1/6 0:00,0,2025/1/6 0:00,0
,3369,136,oz,1,49.86,2025/1/6 0:00,2099/12/31 23:59,0,0,0,,2025/1/6 0:00,0,2025/1/6 0:00,0
,3369,137,oz,1,49.86,2025/1/6 0:00,2099/12/31 23:59,0,0,0,,2025/1/6 0:00,0,2025/1/6 0:00,0
,3369,138,oz,1,49.86,2025/1/6 0:00,2099/12/31 23:59,0,0,0,,2025/1/6 0:00,0,2025/1/6 0:00,0
,3369,139,oz,1,49.86,2025/1/6 0:00,2099/12/31 23:59,0,0,0,,2025/1/6 0:00,0,2025/1/6 0:00,0
,3369,140,oz,1,49.86,2025/1/6 0:00,2099/12/31 23:59,0,0,0,,2025/1/6 0:00,0,2025/1/6 0:00,0
,3369,141,oz,1,49.86,2025/1/6 0:00,2099/12/31 23:59,0,0,0,,2025/1/6 0:00,0,2025/1/6 0:00,0
,3369,142,oz,1,49.86,2025/1/6 0:00,2099/12/31 23:59,0,0,0,,2025/1/6 0:00,0,2025/1/6 0:00,0
,3369,143,oz,1,49.86,2025/1/6 0:00,2099/12/31 23:59,0,0,0,,2025/1/6 0:00,0,2025/1/6 0:00,0
,3369,144,oz,1,49.86,2025/1/6 0:00,2099/12/31 23:59,0,0,0,,2025/1/6 0:00,0,2025/1/6 0:00,0
,3369,145,oz,1,51.72,2025/1/6 0:00,2099/12/31 23:59,0,0,0,,2025/1/6 0:00,0,2025/1/6 0:00,0
,3369,146,oz,1,51.72,2025/1/6 0:00,2099/12/31 23:59,0,0,0,,2025/1/6 0:00,0,2025/1/6 0:00,0
,3369,147,oz,1,51.72,2025/1/6 0:00,2099/12/31 23:59,0,0,0,,2025/1/6 0:00,0,2025/1/6 0:00,0
,3369,148,oz,1,51.72,2025/1/6 0:00,2099/12/31 23:59,0,0,0,,2025/1/6 0:00,0,2025/1/6 0:00,0
,3369,149,oz,1,51.72,2025/1/6 0:00,2099/12/31 23:59,0,0,0,,2025/1/6 0:00,0,2025/1/6 0:00,0
,3369,150,oz,1,51.72,2025/1/6 0:00,2099/12/31 23:59,0,0,0,,2025/1/6 0:00,0,2025/1/6 0:00,0
,3369,151,oz,1,51.72,2025/1/6 0:00,2099/12/31 23:59,0,0,0,,2025/1/6 0:00,0,2025/1/6 0:00,0
,3369,152,oz,1,51.72,2025/1/6 0:00,2099/12/31 23:59,0,0,0,,2025/1/6 0:00,0,2025/1/6 0:00,0
,3369,153,oz,1,51.72,2025/1/6 0:00,2099/12/31 23:59,0,0,0,,2025/1/6 0:00,0,2025/1/6 0:00,0
,3369,154,oz,1,51.72,2025/1/6 0:00,2099/12/31 23:59,0,0,0,,2025/1/6 0:00,0,2025/1/6 0:00,0
,3369,155,oz,1,51.72,2025/1/6 0:00,2099/12/31 23:59,0,0,0,,2025/1/6 0:00,0,2025/1/6 0:00,0
,3369,156,oz,1,51.72,2025/1/6 0:00,2099/12/31 23:59,0,0,0,,2025/1/6 0:00,0,2025/1/6 0:00,0
,3369,157,oz,1,51.72,2025/1/6 0:00,2099/12/31 23:59,0,0,0,,2025/1/6 0:00,0,2025/1/6 0:00,0
,3369,158,oz,1,51.72,2025/1/6 0:00,2099/12/31 23:59,0,0,0,,2025/1/6 0:00,0,2025/1/6 0:00,0
,3369,159,oz,1,51.72,2025/1/6 0:00,2099/12/31 23:59,0,0,0,,2025/1/6 0:00,0,2025/1/6 0:00,0
,3369,160,oz,1,51.72,2025/1/6 0:00,2099/12/31 23:59,0,0,0,,2025/1/6 0:00,0,2025/1/6 0:00,0
,3369,161,oz,1,53.77,2025/1/6 0:00,2099/12/31 23:59,0,0,0,,2025/1/6 0:00,0,2025/1/6 0:00,0
,3369,162,oz,1,53.77,2025/1/6 0:00,2099/12/31 23:59,0,0,0,,2025/1/6 0:00,0,2025/1/6 0:00,0
,3369,163,oz,1,53.77,2025/1/6 0:00,2099/12/31 23:59,0,0,0,,2025/1/6 0:00,0,2025/1/6 0:00,0
,3369,164,oz,1,53.77,2025/1/6 0:00,2099/12/31 23:59,0,0,0,,2025/1/6 0:00,0,2025/1/6 0:00,0
,3369,165,oz,1,53.77,2025/1/6 0:00,2099/12/31 23:59,0,0,0,,2025/1/6 0:00,0,2025/1/6 0:00,0
,3369,166,oz,1,53.77,2025/1/6 0:00,2099/12/31 23:59,0,0,0,,2025/1/6 0:00,0,2025/1/6 0:00,0
,3369,167,oz,1,53.77,2025/1/6 0:00,2099/12/31 23:59,0,0,0,,2025/1/6 0:00,0,2025/1/6 0:00,0
,3369,168,oz,1,53.77,2025/1/6 0:00,2099/12/31 23:59,0,0,0,,2025/1/6 0:00,0,2025/1/6 0:00,0
,3369,169,oz,1,53.77,2025/1/6 0:00,2099/12/31 23:59,0,0,0,,2025/1/6 0:00,0,2025/1/6 0:00,0
,3369,170,oz,1,53.77,2025/1/6 0:00,2099/12/31 23:59,0,0,0,,2025/1/6 0:00,0,2025/1/6 0:00,0
,3369,171,oz,1,53.77,2025/1/6 0:00,2099/12/31 23:59,0,0,0,,2025/1/6 0:00,0,2025/1/6 0:00,0
,3369,172,oz,1,53.77,2025/1/6 0:00,2099/12/31 23:59,0,0,0,,2025/1/6 0:00,0,2025/1/6 0:00,0
,3369,173,oz,1,53.77,2025/1/6 0:00,2099/12/31 23:59,0,0,0,,2025/1/6 0:00,0,2025/1/6 0:00,0
,3369,174,oz,1,53.77,2025/1/6 0:00,2099/12/31 23:59,0,0,0,,2025/1/6 0:00,0,2025/1/6 0:00,0
,3369,175,oz,1,53.77,2025/1/6 0:00,2099/12/31 23:59,0,0,0,,2025/1/6 0:00,0,2025/1/6 0:00,0
,3369,176,oz,1,53.77,2025/1/6 0:00,2099/12/31 23:59,0,0,0,,2025/1/6 0:00,0,2025/1/6 0:00,0
,3369,177,oz,1,55.83,2025/1/6 0:00,2099/12/31 23:59,0,0,0,,2025/1/6 0:00,0,2025/1/6 0:00,0
,3369,178,oz,1,55.83,2025/1/6 0:00,2099/12/31 23:59,0,0,0,,2025/1/6 0:00,0,2025/1/6 0:00,0
,3369,179,oz,1,55.83,2025/1/6 0:00,2099/12/31 23:59,0,0,0,,2025/1/6 0:00,0,2025/1/6 0:00,0
,3369,180,oz,1,55.83,2025/1/6 0:00,2099/12/31 23:59,0,0,0,,2025/1/6 0:00,0,2025/1/6 0:00,0
,3369,181,oz,1,55.83,2025/1/6 0:00,2099/12/31 23:59,0,0,0,,2025/1/6 0:00,0,2025/1/6 0:00,0
,3369,182,oz,1,55.83,2025/1/6 0:00,2099/12/31 23:59,0,0,0,,2025/1/6 0:00,0,2025/1/6 0:00,0
,3369,183,oz,1,55.83,2025/1/6 0:00,2099/12/31 23:59,0,0,0,,2025/1/6 0:00,0,2025/1/6 0:00,0
,3369,184,oz,1,55.83,2025/1/6 0:00,2099/12/31 23:59,0,0,0,,2025/1/6 0:00,0,2025/1/6 0:00,0
,3369,185,oz,1,55.83,2025/1/6 0:00,2099/12/31 23:59,0,0,0,,2025/1/6 0:00,0,2025/1/6 0:00,0
,3369,186,oz,1,55.83,2025/1/6 0:00,2099/12/31 23:59,0,0,0,,2025/1/6 0:00,0,2025/1/6 0:00,0
,3369,187,oz,1,55.83,2025/1/6 0:00,2099/12/31 23:59,0,0,0,,2025/1/6 0:00,0,2025/1/6 0:00,0
,3369,188,oz,1,55.83,2025/1/6 0:00,2099/12/31 23:59,0,0,0,,2025/1/6 0:00,0,2025/1/6 0:00,0
,3369,189,oz,1,55.83,2025/1/6 0:00,2099/12/31 23:59,0,0,0,,2025/1/6 0:00,0,2025/1/6 0:00,0
,3369,190,oz,1,55.83,2025/1/6 0:00,2099/12/31 23:59,0,0,0,,2025/1/6 0:00,0,2025/1/6 0:00,0
,3369,191,oz,1,55.83,2025/1/6 0:00,2099/12/31 23:59,0,0,0,,2025/1/6 0:00,0,2025/1/6 0:00,0
,3369,192,oz,1,55.83,2025/1/6 0:00,2099/12/31 23:59,0,0,0,,2025/1/6 0:00,0,2025/1/6 0:00,0
,3369,193,oz,1,57.9,2025/1/6 0:00,2099/12/31 23:59,0,0,0,,2025/1/6 0:00,0,2025/1/6 0:00,0
,3369,194,oz,1,57.9,2025/1/6 0:00,2099/12/31 23:59,0,0,0,,2025/1/6 0:00,0,2025/1/6 0:00,0
,3369,195,oz,1,57.9,2025/1/6 0:00,2099/12/31 23:59,0,0,0,,2025/1/6 0:00,0,2025/1/6 0:00,0
,3369,196,oz,1,57.9,2025/1/6 0:00,2099/12/31 23:59,0,0,0,,2025/1/6 0:00,0,2025/1/6 0:00,0
,3369,197,oz,1,57.9,2025/1/6 0:00,2099/12/31 23:59,0,0,0,,2025/1/6 0:00,0,2025/1/6 0:00,0
,3369,198,oz,1,57.9,2025/1/6 0:00,2099/12/31 23:59,0,0,0,,2025/1/6 0:00,0,2025/1/6 0:00,0
,3369,199,oz,1,57.9,2025/1/6 0:00,2099/12/31 23:59,0,0,0,,2025/1/6 0:00,0,2025/1/6 0:00,0
,3369,200,oz,1,57.9,2025/1/6 0:00,2099/12/31 23:59,0,0,0,,2025/1/6 0:00,0,2025/1/6 0:00,0
,3369,201,oz,1,57.9,2025/1/6 0:00,2099/12/31 23:59,0,0,0,,2025/1/6 0:00,0,2025/1/6 0:00,0
,3369,202,oz,1,57.9,2025/1/6 0:00,2099/12/31 23:59,0,0,0,,2025/1/6 0:00,0,2025/1/6 0:00,0
,3369,203,oz,1,57.9,2025/1/6 0:00,2099/12/31 23:59,0,0,0,,2025/1/6 0:00,0,2025/1/6 0:00,0
,3369,204,oz,1,57.9,2025/1/6 0:00,2099/12/31 23:59,0,0,0,,2025/1/6 0:00,0,2025/1/6 0:00,0
,3369,205,oz,1,57.9,2025/1/6 0:00,2099/12/31 23:59,0,0,0,,2025/1/6 0:00,0,2025/1/6 0:00,0
,3369,206,oz,1,57.9,2025/1/6 0:00,2099/12/31 23:59,0,0,0,,2025/1/6 0:00,0,2025/1/6 0:00,0
,3369,207,oz,1,57.9,2025/1/6 0:00,2099/12/31 23:59,0,0,0,,2025/1/6 0:00,0,2025/1/6 0:00,0
,3369,208,oz,1,57.9,2025/1/6 0:00,2099/12/31 23:59,0,0,0,,2025/1/6 0:00,0,2025/1/6 0:00,0
,3369,209,oz,1,59.96,2025/1/6 0:00,2099/12/31 23:59,0,0,0,,2025/1/6 0:00,0,2025/1/6 0:00,0
,3369,210,oz,1,59.96,2025/1/6 0:00,2099/12/31 23:59,0,0,0,,2025/1/6 0:00,0,2025/1/6 0:00,0
,3369,211,oz,1,59.96,2025/1/6 0:00,2099/12/31 23:59,0,0,0,,2025/1/6 0:00,0,2025/1/6 0:00,0
,3369,212,oz,1,59.96,2025/1/6 0:00,2099/12/31 23:59,0,0,0,,2025/1/6 0:00,0,2025/1/6 0:00,0
,3369,213,oz,1,59.96,2025/1/6 0:00,2099/12/31 23:59,0,0,0,,2025/1/6 0:00,0,2025/1/6 0:00,0
,3369,214,oz,1,59.96,2025/1/6 0:00,2099/12/31 23:59,0,0,0,,2025/1/6 0:00,0,2025/1/6 0:00,0
,3369,215,oz,1,59.96,2025/1/6 0:00,2099/12/31 23:59,0,0,0,,2025/1/6 0:00,0,2025/1/6 0:00,0
,3369,216,oz,1,59.96,2025/1/6 0:00,2099/12/31 23:59,0,0,0,,2025/1/6 0:00,0,2025/1/6 0:00,0
,3369,217,oz,1,59.96,2025/1/6 0:00,2099/12/31 23:59,0,0,0,,2025/1/6 0:00,0,2025/1/6 0:00,0
,3369,218,oz,1,59.96,2025/1/6 0:00,2099/12/31 23:59,0,0,0,,2025/1/6 0:00,0,2025/1/6 0:00,0
,3369,219,oz,1,59.96,2025/1/6 0:00,2099/12/31 23:59,0,0,0,,2025/1/6 0:00,0,2025/1/6 0:00,0
,3369,220,oz,1,59.96,2025/1/6 0:00,2099/12/31 23:59,0,0,0,,2025/1/6 0:00,0,2025/1/6 0:00,0
,3369,221,oz,1,59.96,2025/1/6 0:00,2099/12/31 23:59,0,0,0,,2025/1/6 0:00,0,2025/1/6 0:00,0
,3369,222,oz,1,59.96,2025/1/6 0:00,2099/12/31 23:59,0,0,0,,2025/1/6 0:00,0,2025/1/6 0:00,0
,3369,223,oz,1,59.96,2025/1/6 0:00,2099/12/31 23:59,0,0,0,,2025/1/6 0:00,0,2025/1/6 0:00,0
,3369,224,oz,1,59.96,2025/1/6 0:00,2099/12/31 23:59,0,0,0,,2025/1/6 0:00,0,2025/1/6 0:00,0
,3369,225,oz,1,62.02,2025/1/6 0:00,2099/12/31 23:59,0,0,0,,2025/1/6 0:00,0,2025/1/6 0:00,0
,3369,226,oz,1,62.02,2025/1/6 0:00,2099/12/31 23:59,0,0,0,,2025/1/6 0:00,0,2025/1/6 0:00,0
,3369,227,oz,1,62.02,2025/1/6 0:00,2099/12/31 23:59,0,0,0,,2025/1/6 0:00,0,2025/1/6 0:00,0
,3369,228,oz,1,62.02,2025/1/6 0:00,2099/12/31 23:59,0,0,0,,2025/1/6 0:00,0,2025/1/6 0:00,0
,3369,229,oz,1,62.02,2025/1/6 0:00,2099/12/31 23:59,0,0,0,,2025/1/6 0:00,0,2025/1/6 0:00,0
,3369,230,oz,1,62.02,2025/1/6 0:00,2099/12/31 23:59,0,0,0,,2025/1/6 0:00,0,2025/1/6 0:00,0
,3369,231,oz,1,62.02,2025/1/6 0:00,2099/12/31 23:59,0,0,0,,2025/1/6 0:00,0,2025/1/6 0:00,0
,3369,232,oz,1,62.02,2025/1/6 0:00,2099/12/31 23:59,0,0,0,,2025/1/6 0:00,0,2025/1/6 0:00,0
,3369,233,oz,1,62.02,2025/1/6 0:00,2099/12/31 23:59,0,0,0,,2025/1/6 0:00,0,2025/1/6 0:00,0
,3369,234,oz,1,62.02,2025/1/6 0:00,2099/12/31 23:59,0,0,0,,2025/1/6 0:00,0,2025/1/6 0:00,0
,3369,235,oz,1,62.02,2025/1/6 0:00,2099/12/31 23:59,0,0,0,,2025/1/6 0:00,0,2025/1/6 0:00,0
,3369,236,oz,1,62.02,2025/1/6 0:00,2099/12/31 23:59,0,0,0,,2025/1/6 0:00,0,2025/1/6 0:00,0
,3369,237,oz,1,62.02,2025/1/6 0:00,2099/12/31 23:59,0,0,0,,2025/1/6 0:00,0,2025/1/6 0:00,0
,3369,238,oz,1,62.02,2025/1/6 0:00,2099/12/31 23:59,0,0,0,,2025/1/6 0:00,0,2025/1/6 0:00,0
,3369,239,oz,1,62.02,2025/1/6 0:00,2099/12/31 23:59,0,0,0,,2025/1/6 0:00,0,2025/1/6 0:00,0
,3369,240,oz,1,62.02,2025/1/6 0:00,2099/12/31 23:59,0,0,0,,2025/1/6 0:00,0,2025/1/6 0:00,0
,3369,241,oz,1,64.09,2025/1/6 0:00,2099/12/31 23:59,0,0,0,,2025/1/6 0:00,0,2025/1/6 0:00,0
,3369,242,oz,1,64.09,2025/1/6 0:00,2099/12/31 23:59,0,0,0,,2025/1/6 0:00,0,2025/1/6 0:00,0
,3369,243,oz,1,64.09,2025/1/6 0:00,2099/12/31 23:59,0,0,0,,2025/1/6 0:00,0,2025/1/6 0:00,0
,3369,244,oz,1,64.09,2025/1/6 0:00,2099/12/31 23:59,0,0,0,,2025/1/6 0:00,0,2025/1/6 0:00,0
,3369,245,oz,1,64.09,2025/1/6 0:00,2099/12/31 23:59,0,0,0,,2025/1/6 0:00,0,2025/1/6 0:00,0
,3369,246,oz,1,64.09,2025/1/6 0:00,2099/12/31 23:59,0,0,0,,2025/1/6 0:00,0,2025/1/6 0:00,0
,3369,247,oz,1,64.09,2025/1/6 0:00,2099/12/31 23:59,0,0,0,,2025/1/6 0:00,0,2025/1/6 0:00,0
,3369,248,oz,1,64.09,2025/1/6 0:00,2099/12/31 23:59,0,0,0,,2025/1/6 0:00,0,2025/1/6 0:00,0
,3369,249,oz,1,64.09,2025/1/6 0:00,2099/12/31 23:59,0,0,0,,2025/1/6 0:00,0,2025/1/6 0:00,0
,3369,250,oz,1,64.09,2025/1/6 0:00,2099/12/31 23:59,0,0,0,,2025/1/6 0:00,0,2025/1/6 0:00,0
,3369,251,oz,1,64.09,2025/1/6 0:00,2099/12/31 23:59,0,0,0,,2025/1/6 0:00,0,2025/1/6 0:00,0
,3369,252,oz,1,64.09,2025/1/6 0:00,2099/12/31 23:59,0,0,0,,2025/1/6 0:00,0,2025/1/6 0:00,0
,3369,253,oz,1,64.09,2025/1/6 0:00,2099/12/31 23:59,0,0,0,,2025/1/6 0:00,0,2025/1/6 0:00,0
,3369,254,oz,1,64.09,2025/1/6 0:00,2099/12/31 23:59,0,0,0,,2025/1/6 0:00,0,2025/1/6 0:00,0
,3369,255,oz,1,64.09,2025/1/6 0:00,2099/12/31 23:59,0,0,0,,2025/1/6 0:00,0,2025/1/6 0:00,0
,3369,256,oz,1,64.09,2025/1/6 0:00,2099/12/31 23:59,0,0,0,,2025/1/6 0:00,0,2025/1/6 0:00,0
,3369,257,oz,1,66.14,2025/1/6 0:00,2099/12/31 23:59,0,0,0,,2025/1/6 0:00,0,2025/1/6 0:00,0
,3369,258,oz,1,66.14,2025/1/6 0:00,2099/12/31 23:59,0,0,0,,2025/1/6 0:00,0,2025/1/6 0:00,0
,3369,259,oz,1,66.14,2025/1/6 0:00,2099/12/31 23:59,0,0,0,,2025/1/6 0:00,0,2025/1/6 0:00,0
,3369,260,oz,1,66.14,2025/1/6 0:00,2099/12/31 23:59,0,0,0,,2025/1/6 0:00,0,2025/1/6 0:00,0
,3369,261,oz,1,66.14,2025/1/6 0:00,2099/12/31 23:59,0,0,0,,2025/1/6 0:00,0,2025/1/6 0:00,0
,3369,262,oz,1,66.14,2025/1/6 0:00,2099/12/31 23:59,0,0,0,,2025/1/6 0:00,0,2025/1/6 0:00,0
,3369,263,oz,1,66.14,2025/1/6 0:00,2099/12/31 23:59,0,0,0,,2025/1/6 0:00,0,2025/1/6 0:00,0
,3369,264,oz,1,66.14,2025/1/6 0:00,2099/12/31 23:59,0,0,0,,2025/1/6 0:00,0,2025/1/6 0:00,0
,3369,265,oz,1,66.14,2025/1/6 0:00,2099/12/31 23:59,0,0,0,,2025/1/6 0:00,0,2025/1/6 0:00,0
,3369,266,oz,1,66.14,2025/1/6 0:00,2099/12/31 23:59,0,0,0,,2025/1/6 0:00,0,2025/1/6 0:00,0
,3369,267,oz,1,66.14,2025/1/6 0:00,2099/12/31 23:59,0,0,0,,2025/1/6 0:00,0,2025/1/6 0:00,0
,3369,268,oz,1,66.14,2025/1/6 0:00,2099/12/31 23:59,0,0,0,,2025/1/6 0:00,0,2025/1/6 0:00,0
,3369,269,oz,1,66.14,2025/1/6 0:00,2099/12/31 23:59,0,0,0,,2025/1/6 0:00,0,2025/1/6 0:00,0
,3369,270,oz,1,66.14,2025/1/6 0:00,2099/12/31 23:59,0,0,0,,2025/1/6 0:00,0,2025/1/6 0:00,0
,3369,271,oz,1,66.14,2025/1/6 0:00,2099/12/31 23:59,0,0,0,,2025/1/6 0:00,0,2025/1/6 0:00,0
,3369,272,oz,1,66.14,2025/1/6 0:00,2099/12/31 23:59,0,0,0,,2025/1/6 0:00,0,2025/1/6 0:00,0
,3369,273,oz,1,68.2,2025/1/6 0:00,2099/12/31 23:59,0,0,0,,2025/1/6 0:00,0,2025/1/6 0:00,0
,3369,274,oz,1,68.2,2025/1/6 0:00,2099/12/31 23:59,0,0,0,,2025/1/6 0:00,0,2025/1/6 0:00,0
,3369,275,oz,1,68.2,2025/1/6 0:00,2099/12/31 23:59,0,0,0,,2025/1/6 0:00,0,2025/1/6 0:00,0
,3369,276,oz,1,68.2,2025/1/6 0:00,2099/12/31 23:59,0,0,0,,2025/1/6 0:00,0,2025/1/6 0:00,0
,3369,277,oz,1,68.2,2025/1/6 0:00,2099/12/31 23:59,0,0,0,,2025/1/6 0:00,0,2025/1/6 0:00,0
,3369,278,oz,1,68.2,2025/1/6 0:00,2099/12/31 23:59,0,0,0,,2025/1/6 0:00,0,2025/1/6 0:00,0
,3369,279,oz,1,68.2,2025/1/6 0:00,2099/12/31 23:59,0,0,0,,2025/1/6 0:00,0,2025/1/6 0:00,0
,3369,280,oz,1,68.2,2025/1/6 0:00,2099/12/31 23:59,0,0,0,,2025/1/6 0:00,0,2025/1/6 0:00,0
,3369,281,oz,1,68.2,2025/1/6 0:00,2099/12/31 23:59,0,0,0,,2025/1/6 0:00,0,2025/1/6 0:00,0
,3369,282,oz,1,68.2,2025/1/6 0:00,2099/12/31 23:59,0,0,0,,2025/1/6 0:00,0,2025/1/6 0:00,0
,3369,283,oz,1,68.2,2025/1/6 0:00,2099/12/31 23:59,0,0,0,,2025/1/6 0:00,0,2025/1/6 0:00,0
,3369,284,oz,1,68.2,2025/1/6 0:00,2099/12/31 23:59,0,0,0,,2025/1/6 0:00,0,2025/1/6 0:00,0
,3369,285,oz,1,68.2,2025/1/6 0:00,2099/12/31 23:59,0,0,0,,2025/1/6 0:00,0,2025/1/6 0:00,0
,3369,286,oz,1,68.2,2025/1/6 0:00,2099/12/31 23:59,0,0,0,,2025/1/6 0:00,0,2025/1/6 0:00,0
,3369,287,oz,1,68.2,2025/1/6 0:00,2099/12/31 23:59,0,0,0,,2025/1/6 0:00,0,2025/1/6 0:00,0
,3369,288,oz,1,68.2,2025/1/6 0:00,2099/12/31 23:59,0,0,0,,2025/1/6 0:00,0,2025/1/6 0:00,0
,3369,289,oz,1,70.27,2025/1/6 0:00,2099/12/31 23:59,0,0,0,,2025/1/6 0:00,0,2025/1/6 0:00,0
,3369,290,oz,1,70.27,2025/1/6 0:00,2099/12/31 23:59,0,0,0,,2025/1/6 0:00,0,2025/1/6 0:00,0
,3369,291,oz,1,70.27,2025/1/6 0:00,2099/12/31 23:59,0,0,0,,2025/1/6 0:00,0,2025/1/6 0:00,0
,3369,292,oz,1,70.27,2025/1/6 0:00,2099/12/31 23:59,0,0,0,,2025/1/6 0:00,0,2025/1/6 0:00,0
,3369,293,oz,1,70.27,2025/1/6 0:00,2099/12/31 23:59,0,0,0,,2025/1/6 0:00,0,2025/1/6 0:00,0
,3369,294,oz,1,70.27,2025/1/6 0:00,2099/12/31 23:59,0,0,0,,2025/1/6 0:00,0,2025/1/6 0:00,0
,3369,295,oz,1,70.27,2025/1/6 0:00,2099/12/31 23:59,0,0,0,,2025/1/6 0:00,0,2025/1/6 0:00,0
,3369,296,oz,1,70.27,2025/1/6 0:00,2099/12/31 23:59,0,0,0,,2025/1/6 0:00,0,2025/1/6 0:00,0
,3369,297,oz,1,70.27,2025/1/6 0:00,2099/12/31 23:59,0,0,0,,2025/1/6 0:00,0,2025/1/6 0:00,0
,3369,298,oz,1,70.27,2025/1/6 0:00,2099/12/31 23:59,0,0,0,,2025/1/6 0:00,0,2025/1/6 0:00,0
,3369,299,oz,1,70.27,2025/1/6 0:00,2099/12/31 23:59,0,0,0,,2025/1/6 0:00,0,2025/1/6 0:00,0
,3369,300,oz,1,70.27,2025/1/6 0:00,2099/12/31 23:59,0,0,0,,2025/1/6 0:00,0,2025/1/6 0:00,0
,3369,301,oz,1,70.27,2025/1/6 0:00,2099/12/31 23:59,0,0,0,,2025/1/6 0:00,0,2025/1/6 0:00,0
,3369,302,oz,1,70.27,2025/1/6 0:00,2099/12/31 23:59,0,0,0,,2025/1/6 0:00,0,2025/1/6 0:00,0
,3369,303,oz,1,70.27,2025/1/6 0:00,2099/12/31 23:59,0,0,0,,2025/1/6 0:00,0,2025/1/6 0:00,0
,3369,304,oz,1,70.27,2025/1/6 0:00,2099/12/31 23:59,0,0,0,,2025/1/6 0:00,0,2025/1/6 0:00,0
,3369,305,oz,1,72.33,2025/1/6 0:00,2099/12/31 23:59,0,0,0,,2025/1/6 0:00,0,2025/1/6 0:00,0
,3369,306,oz,1,72.33,2025/1/6 0:00,2099/12/31 23:59,0,0,0,,2025/1/6 0:00,0,2025/1/6 0:00,0
,3369,307,oz,1,72.33,2025/1/6 0:00,2099/12/31 23:59,0,0,0,,2025/1/6 0:00,0,2025/1/6 0:00,0
,3369,308,oz,1,72.33,2025/1/6 0:00,2099/12/31 23:59,0,0,0,,2025/1/6 0:00,0,2025/1/6 0:00,0
,3369,309,oz,1,72.33,2025/1/6 0:00,2099/12/31 23:59,0,0,0,,2025/1/6 0:00,0,2025/1/6 0:00,0
,3369,310,oz,1,72.33,2025/1/6 0:00,2099/12/31 23:59,0,0,0,,2025/1/6 0:00,0,2025/1/6 0:00,0
,3369,311,oz,1,72.33,2025/1/6 0:00,2099/12/31 23:59,0,0,0,,2025/1/6 0:00,0,2025/1/6 0:00,0
,3369,312,oz,1,72.33,2025/1/6 0:00,2099/12/31 23:59,0,0,0,,2025/1/6 0:00,0,2025/1/6 0:00,0
,3369,313,oz,1,72.33,2025/1/6 0:00,2099/12/31 23:59,0,0,0,,2025/1/6 0:00,0,2025/1/6 0:00,0
,3369,314,oz,1,72.33,2025/1/6 0:00,2099/12/31 23:59,0,0,0,,2025/1/6 0:00,0,2025/1/6 0:00,0
,3369,315,oz,1,72.33,2025/1/6 0:00,2099/12/31 23:59,0,0,0,,2025/1/6 0:00,0,2025/1/6 0:00,0
,3369,316,oz,1,72.33,2025/1/6 0:00,2099/12/31 23:59,0,0,0,,2025/1/6 0:00,0,2025/1/6 0:00,0
,3369,317,oz,1,72.33,2025/1/6 0:00,2099/12/31 23:59,0,0,0,,2025/1/6 0:00,0,2025/1/6 0:00,0
,3369,318,oz,1,72.33,2025/1/6 0:00,2099/12/31 23:59,0,0,0,,2025/1/6 0:00,0,2025/1/6 0:00,0
,3369,319,oz,1,72.33,2025/1/6 0:00,2099/12/31 23:59,0,0,0,,2025/1/6 0:00,0,2025/1/6 0:00,0
,3369,320,oz,1,72.33,2025/1/6 0:00,2099/12/31 23:59,0,0,0,,2025/1/6 0:00,0,2025/1/6 0:00,0
,3369,321,oz,1,74.97,2025/1/6 0:00,2099/12/31 23:59,0,0,0,,2025/1/6 0:00,0,2025/1/6 0:00,0
,3369,322,oz,1,74.97,2025/1/6 0:00,2099/12/31 23:59,0,0,0,,2025/1/6 0:00,0,2025/1/6 0:00,0
,3369,323,oz,1,74.97,2025/1/6 0:00,2099/12/31 23:59,0,0,0,,2025/1/6 0:00,0,2025/1/6 0:00,0
,3369,324,oz,1,74.97,2025/1/6 0:00,2099/12/31 23:59,0,0,0,,2025/1/6 0:00,0,2025/1/6 0:00,0
,3369,325,oz,1,74.97,2025/1/6 0:00,2099/12/31 23:59,0,0,0,,2025/1/6 0:00,0,2025/1/6 0:00,0
,3369,326,oz,1,74.97,2025/1/6 0:00,2099/12/31 23:59,0,0,0,,2025/1/6 0:00,0,2025/1/6 0:00,0
,3369,327,oz,1,74.97,2025/1/6 0:00,2099/12/31 23:59,0,0,0,,2025/1/6 0:00,0,2025/1/6 0:00,0
,3369,328,oz,1,74.97,2025/1/6 0:00,2099/12/31 23:59,0,0,0,,2025/1/6 0:00,0,2025/1/6 0:00,0
,3369,329,oz,1,74.97,2025/1/6 0:00,2099/12/31 23:59,0,0,0,,2025/1/6 0:00,0,2025/1/6 0:00,0
,3369,330,oz,1,74.97,2025/1/6 0:00,2099/12/31 23:59,0,0,0,,2025/1/6 0:00,0,2025/1/6 0:00,0
,3369,331,oz,1,74.97,2025/1/6 0:00,2099/12/31 23:59,0,0,0,,2025/1/6 0:00,0,2025/1/6 0:00,0
,3369,332,oz,1,74.97,2025/1/6 0:00,2099/12/31 23:59,0,0,0,,2025/1/6 0:00,0,2025/1/6 0:00,0
,3369,333,oz,1,74.97,2025/1/6 0:00,2099/12/31 23:59,0,0,0,,2025/1/6 0:00,0,2025/1/6 0:00,0
,3369,334,oz,1,74.97,2025/1/6 0:00,2099/12/31 23:59,0,0,0,,2025/1/6 0:00,0,2025/1/6 0:00,0
,3369,335,oz,1,74.97,2025/1/6 0:00,2099/12/31 23:59,0,0,0,,2025/1/6 0:00,0,2025/1/6 0:00,0
,3369,336,oz,1,74.97,2025/1/6 0:00,2099/12/31 23:59,0,0,0,,2025/1/6 0:00,0,2025/1/6 0:00,0
,3369,337,oz,1,77.63,2025/1/6 0:00,2099/12/31 23:59,0,0,0,,2025/1/6 0:00,0,2025/1/6 0:00,0
,3369,338,oz,1,77.63,2025/1/6 0:00,2099/12/31 23:59,0,0,0,,2025/1/6 0:00,0,2025/1/6 0:00,0
,3369,339,oz,1,77.63,2025/1/6 0:00,2099/12/31 23:59,0,0,0,,2025/1/6 0:00,0,2025/1/6 0:00,0
,3369,340,oz,1,77.63,2025/1/6 0:00,2099/12/31 23:59,0,0,0,,2025/1/6 0:00,0,2025/1/6 0:00,0
,3369,341,oz,1,77.63,2025/1/6 0:00,2099/12/31 23:59,0,0,0,,2025/1/6 0:00,0,2025/1/6 0:00,0
,3369,342,oz,1,77.63,2025/1/6 0:00,2099/12/31 23:59,0,0,0,,2025/1/6 0:00,0,2025/1/6 0:00,0
,3369,343,oz,1,77.63,2025/1/6 0:00,2099/12/31 23:59,0,0,0,,2025/1/6 0:00,0,2025/1/6 0:00,0
,3369,344,oz,1,77.63,2025/1/6 0:00,2099/12/31 23:59,0,0,0,,2025/1/6 0:00,0,2025/1/6 0:00,0
,3369,345,oz,1,77.63,2025/1/6 0:00,2099/12/31 23:59,0,0,0,,2025/1/6 0:00,0,2025/1/6 0:00,0
,3369,346,oz,1,77.63,2025/1/6 0:00,2099/12/31 23:59,0,0,0,,2025/1/6 0:00,0,2025/1/6 0:00,0
,3369,347,oz,1,77.63,2025/1/6 0:00,2099/12/31 23:59,0,0,0,,2025/1/6 0:00,0,2025/1/6 0:00,0
,3369,348,oz,1,77.63,2025/1/6 0:00,2099/12/31 23:59,0,0,0,,2025/1/6 0:00,0,2025/1/6 0:00,0
,3369,349,oz,1,77.63,2025/1/6 0:00,2099/12/31 23:59,0,0,0,,2025/1/6 0:00,0,2025/1/6 0:00,0
,3369,350,oz,1,77.63,2025/1/6 0:00,2099/12/31 23:59,0,0,0,,2025/1/6 0:00,0,2025/1/6 0:00,0
,3369,351,oz,1,77.63,2025/1/6 0:00,2099/12/31 23:59,0,0,0,,2025/1/6 0:00,0,2025/1/6 0:00,0
,3369,352,oz,1,77.63,2025/1/6 0:00,2099/12/31 23:59,0,0,0,,2025/1/6 0:00,0,2025/1/6 0:00,0
,3369,353,oz,1,80.27,2025/1/6 0:00,2099/12/31 23:59,0,0,0,,2025/1/6 0:00,0,2025/1/6 0:00,0
,3369,354,oz,1,80.27,2025/1/6 0:00,2099/12/31 23:59,0,0,0,,2025/1/6 0:00,0,2025/1/6 0:00,0
,3369,355,oz,1,80.27,2025/1/6 0:00,2099/12/31 23:59,0,0,0,,2025/1/6 0:00,0,2025/1/6 0:00,0
,3369,356,oz,1,80.27,2025/1/6 0:00,2099/12/31 23:59,0,0,0,,2025/1/6 0:00,0,2025/1/6 0:00,0
,3369,357,oz,1,80.27,2025/1/6 0:00,2099/12/31 23:59,0,0,0,,2025/1/6 0:00,0,2025/1/6 0:00,0
,3369,358,oz,1,80.27,2025/1/6 0:00,2099/12/31 23:59,0,0,0,,2025/1/6 0:00,0,2025/1/6 0:00,0
,3369,359,oz,1,80.27,2025/1/6 0:00,2099/12/31 23:59,0,0,0,,2025/1/6 0:00,0,2025/1/6 0:00,0
,3369,360,oz,1,80.27,2025/1/6 0:00,2099/12/31 23:59,0,0,0,,2025/1/6 0:00,0,2025/1/6 0:00,0
,3369,361,oz,1,80.27,2025/1/6 0:00,2099/12/31 23:59,0,0,0,,2025/1/6 0:00,0,2025/1/6 0:00,0
,3369,362,oz,1,80.27,2025/1/6 0:00,2099/12/31 23:59,0,0,0,,2025/1/6 0:00,0,2025/1/6 0:00,0
,3369,363,oz,1,80.27,2025/1/6 0:00,2099/12/31 23:59,0,0,0,,2025/1/6 0:00,0,2025/1/6 0:00,0
,3369,364,oz,1,80.27,2025/1/6 0:00,2099/12/31 23:59,0,0,0,,2025/1/6 0:00,0,2025/1/6 0:00,0
,3369,365,oz,1,80.27,2025/1/6 0:00,2099/12/31 23:59,0,0,0,,2025/1/6 0:00,0,2025/1/6 0:00,0
,3369,366,oz,1,80.27,2025/1/6 0:00,2099/12/31 23:59,0,0,0,,2025/1/6 0:00,0,2025/1/6 0:00,0
,3369,367,oz,1,80.27,2025/1/6 0:00,2099/12/31 23:59,0,0,0,,2025/1/6 0:00,0,2025/1/6 0:00,0
,3369,368,oz,1,80.27,2025/1/6 0:00,2099/12/31 23:59,0,0,0,,2025/1/6 0:00,0,2025/1/6 0:00,0
,3369,369,oz,1,82.92,2025/1/6 0:00,2099/12/31 23:59,0,0,0,,2025/1/6 0:00,0,2025/1/6 0:00,0
,3369,370,oz,1,82.92,2025/1/6 0:00,2099/12/31 23:59,0,0,0,,2025/1/6 0:00,0,2025/1/6 0:00,0
,3369,371,oz,1,82.92,2025/1/6 0:00,2099/12/31 23:59,0,0,0,,2025/1/6 0:00,0,2025/1/6 0:00,0
,3369,372,oz,1,82.92,2025/1/6 0:00,2099/12/31 23:59,0,0,0,,2025/1/6 0:00,0,2025/1/6 0:00,0
,3369,373,oz,1,82.92,2025/1/6 0:00,2099/12/31 23:59,0,0,0,,2025/1/6 0:00,0,2025/1/6 0:00,0
,3369,374,oz,1,82.92,2025/1/6 0:00,2099/12/31 23:59,0,0,0,,2025/1/6 0:00,0,2025/1/6 0:00,0
,3369,375,oz,1,82.92,2025/1/6 0:00,2099/12/31 23:59,0,0,0,,2025/1/6 0:00,0,2025/1/6 0:00,0
,3369,376,oz,1,82.92,2025/1/6 0:00,2099/12/31 23:59,0,0,0,,2025/1/6 0:00,0,2025/1/6 0:00,0
,3369,377,oz,1,82.92,2025/1/6 0:00,2099/12/31 23:59,0,0,0,,2025/1/6 0:00,0,2025/1/6 0:00,0
,3369,378,oz,1,82.92,2025/1/6 0:00,2099/12/31 23:59,0,0,0,,2025/1/6 0:00,0,2025/1/6 0:00,0
,3369,379,oz,1,82.92,2025/1/6 0:00,2099/12/31 23:59,0,0,0,,2025/1/6 0:00,0,2025/1/6 0:00,0
,3369,380,oz,1,82.92,2025/1/6 0:00,2099/12/31 23:59,0,0,0,,2025/1/6 0:00,0,2025/1/6 0:00,0
,3369,381,oz,1,82.92,2025/1/6 0:00,2099/12/31 23:59,0,0,0,,2025/1/6 0:00,0,2025/1/6 0:00,0
,3369,382,oz,1,82.92,2025/1/6 0:00,2099/12/31 23:59,0,0,0,,2025/1/6 0:00,0,2025/1/6 0:00,0
,3369,383,oz,1,82.92,2025/1/6 0:00,2099/12/31 23:59,0,0,0,,2025/1/6 0:00,0,2025/1/6 0:00,0
,3369,384,oz,1,82.92,2025/1/6 0:00,2099/12/31 23:59,0,0,0,,2025/1/6 0:00,0,2025/1/6 0:00,0
,3369,385,oz,1,85.56,2025/1/6 0:00,2099/12/31 23:59,0,0,0,,2025/1/6 0:00,0,2025/1/6 0:00,0
,3369,386,oz,1,85.56,2025/1/6 0:00,2099/12/31 23:59,0,0,0,,2025/1/6 0:00,0,2025/1/6 0:00,0
,3369,387,oz,1,85.56,2025/1/6 0:00,2099/12/31 23:59,0,0,0,,2025/1/6 0:00,0,2025/1/6 0:00,0
,3369,388,oz,1,85.56,2025/1/6 0:00,2099/12/31 23:59,0,0,0,,2025/1/6 0:00,0,2025/1/6 0:00,0
,3369,389,oz,1,85.56,2025/1/6 0:00,2099/12/31 23:59,0,0,0,,2025/1/6 0:00,0,2025/1/6 0:00,0
,3369,390,oz,1,85.56,2025/1/6 0:00,2099/12/31 23:59,0,0,0,,2025/1/6 0:00,0,2025/1/6 0:00,0
,3369,391,oz,1,85.56,2025/1/6 0:00,2099/12/31 23:59,0,0,0,,2025/1/6 0:00,0,2025/1/6 0:00,0
,3369,392,oz,1,85.56,2025/1/6 0:00,2099/12/31 23:59,0,0,0,,2025/1/6 0:00,0,2025/1/6 0:00,0
,3369,393,oz,1,85.56,2025/1/6 0:00,2099/12/31 23:59,0,0,0,,2025/1/6 0:00,0,2025/1/6 0:00,0
,3369,394,oz,1,85.56,2025/1/6 0:00,2099/12/31 23:59,0,0,0,,2025/1/6 0:00,0,2025/1/6 0:00,0
,3369,395,oz,1,85.56,2025/1/6 0:00,2099/12/31 23:59,0,0,0,,2025/1/6 0:00,0,2025/1/6 0:00,0
,3369,396,oz,1,85.56,2025/1/6 0:00,2099/12/31 23:59,0,0,0,,2025/1/6 0:00,0,2025/1/6 0:00,0
,3369,397,oz,1,85.56,2025/1/6 0:00,2099/12/31 23:59,0,0,0,,2025/1/6 0:00,0,2025/1/6 0:00,0
,3369,398,oz,1,85.56,2025/1/6 0:00,2099/12/31 23:59,0,0,0,,2025/1/6 0:00,0,2025/1/6 0:00,0
,3369,399,oz,1,85.56,2025/1/6 0:00,2099/12/31 23:59,0,0,0,,2025/1/6 0:00,0,2025/1/6 0:00,0
,3369,400,oz,1,85.56,2025/1/6 0:00,2099/12/31 23:59,0,0,0,,2025/1/6 0:00,0,2025/1/6 0:00,0
,3369,401,oz,1,88.2,2025/1/6 0:00,2099/12/31 23:59,0,0,0,,2025/1/6 0:00,0,2025/1/6 0:00,0
,3369,402,oz,1,88.2,2025/1/6 0:00,2099/12/31 23:59,0,0,0,,2025/1/6 0:00,0,2025/1/6 0:00,0
,3369,403,oz,1,88.2,2025/1/6 0:00,2099/12/31 23:59,0,0,0,,2025/1/6 0:00,0,2025/1/6 0:00,0
,3369,404,oz,1,88.2,2025/1/6 0:00,2099/12/31 23:59,0,0,0,,2025/1/6 0:00,0,2025/1/6 0:00,0
,3369,405,oz,1,88.2,2025/1/6 0:00,2099/12/31 23:59,0,0,0,,2025/1/6 0:00,0,2025/1/6 0:00,0
,3369,406,oz,1,88.2,2025/1/6 0:00,2099/12/31 23:59,0,0,0,,2025/1/6 0:00,0,2025/1/6 0:00,0
,3369,407,oz,1,88.2,2025/1/6 0:00,2099/12/31 23:59,0,0,0,,2025/1/6 0:00,0,2025/1/6 0:00,0
,3369,408,oz,1,88.2,2025/1/6 0:00,2099/12/31 23:59,0,0,0,,2025/1/6 0:00,0,2025/1/6 0:00,0
,3369,409,oz,1,88.2,2025/1/6 0:00,2099/12/31 23:59,0,0,0,,2025/1/6 0:00,0,2025/1/6 0:00,0
,3369,410,oz,1,88.2,2025/1/6 0:00,2099/12/31 23:59,0,0,0,,2025/1/6 0:00,0,2025/1/6 0:00,0
,3369,411,oz,1,88.2,2025/1/6 0:00,2099/12/31 23:59,0,0,0,,2025/1/6 0:00,0,2025/1/6 0:00,0
,3369,412,oz,1,88.2,2025/1/6 0:00,2099/12/31 23:59,0,0,0,,2025/1/6 0:00,0,2025/1/6 0:00,0
,3369,413,oz,1,88.2,2025/1/6 0:00,2099/12/31 23:59,0,0,0,,2025/1/6 0:00,0,2025/1/6 0:00,0
,3369,414,oz,1,88.2,2025/1/6 0:00,2099/12/31 23:59,0,0,0,,2025/1/6 0:00,0,2025/1/6 0:00,0
,3369,415,oz,1,88.2,2025/1/6 0:00,2099/12/31 23:59,0,0,0,,2025/1/6 0:00,0,2025/1/6 0:00,0
,3369,416,oz,1,88.2,2025/1/6 0:00,2099/12/31 23:59,0,0,0,,2025/1/6 0:00,0,2025/1/6 0:00,0
,3369,417,oz,1,90.86,2025/1/6 0:00,2099/12/31 23:59,0,0,0,,2025/1/6 0:00,0,2025/1/6 0:00,0
,3369,418,oz,1,90.86,2025/1/6 0:00,2099/12/31 23:59,0,0,0,,2025/1/6 0:00,0,2025/1/6 0:00,0
,3369,419,oz,1,90.86,2025/1/6 0:00,2099/12/31 23:59,0,0,0,,2025/1/6 0:00,0,2025/1/6 0:00,0
,3369,420,oz,1,90.86,2025/1/6 0:00,2099/12/31 23:59,0,0,0,,2025/1/6 0:00,0,2025/1/6 0:00,0
,3369,421,oz,1,90.86,2025/1/6 0:00,2099/12/31 23:59,0,0,0,,2025/1/6 0:00,0,2025/1/6 0:00,0
,3369,422,oz,1,90.86,2025/1/6 0:00,2099/12/31 23:59,0,0,0,,2025/1/6 0:00,0,2025/1/6 0:00,0
,3369,423,oz,1,90.86,2025/1/6 0:00,2099/12/31 23:59,0,0,0,,2025/1/6 0:00,0,2025/1/6 0:00,0
,3369,424,oz,1,90.86,2025/1/6 0:00,2099/12/31 23:59,0,0,0,,2025/1/6 0:00,0,2025/1/6 0:00,0
,3369,425,oz,1,90.86,2025/1/6 0:00,2099/12/31 23:59,0,0,0,,2025/1/6 0:00,0,2025/1/6 0:00,0
,3369,426,oz,1,90.86,2025/1/6 0:00,2099/12/31 23:59,0,0,0,,2025/1/6 0:00,0,2025/1/6 0:00,0
,3369,427,oz,1,90.86,2025/1/6 0:00,2099/12/31 23:59,0,0,0,,2025/1/6 0:00,0,2025/1/6 0:00,0
,3369,428,oz,1,90.86,2025/1/6 0:00,2099/12/31 23:59,0,0,0,,2025/1/6 0:00,0,2025/1/6 0:00,0
,3369,429,oz,1,90.86,2025/1/6 0:00,2099/12/31 23:59,0,0,0,,2025/1/6 0:00,0,2025/1/6 0:00,0
,3369,430,oz,1,90.86,2025/1/6 0:00,2099/12/31 23:59,0,0,0,,2025/1/6 0:00,0,2025/1/6 0:00,0
,3369,431,oz,1,90.86,2025/1/6 0:00,2099/12/31 23:59,0,0,0,,2025/1/6 0:00,0,2025/1/6 0:00,0
,3369,432,oz,1,90.86,2025/1/6 0:00,2099/12/31 23:59,0,0,0,,2025/1/6 0:00,0,2025/1/6 0:00,0
,3369,433,oz,1,93.5,2025/1/6 0:00,2099/12/31 23:59,0,0,0,,2025/1/6 0:00,0,2025/1/6 0:00,0
,3369,434,oz,1,93.5,2025/1/6 0:00,2099/12/31 23:59,0,0,0,,2025/1/6 0:00,0,2025/1/6 0:00,0
,3369,435,oz,1,93.5,2025/1/6 0:00,2099/12/31 23:59,0,0,0,,2025/1/6 0:00,0,2025/1/6 0:00,0
,3369,436,oz,1,93.5,2025/1/6 0:00,2099/12/31 23:59,0,0,0,,2025/1/6 0:00,0,2025/1/6 0:00,0
,3369,437,oz,1,93.5,2025/1/6 0:00,2099/12/31 23:59,0,0,0,,2025/1/6 0:00,0,2025/1/6 0:00,0
,3369,438,oz,1,93.5,2025/1/6 0:00,2099/12/31 23:59,0,0,0,,2025/1/6 0:00,0,2025/1/6 0:00,0
,3369,439,oz,1,93.5,2025/1/6 0:00,2099/12/31 23:59,0,0,0,,2025/1/6 0:00,0,2025/1/6 0:00,0
,3369,440,oz,1,93.5,2025/1/6 0:00,2099/12/31 23:59,0,0,0,,2025/1/6 0:00,0,2025/1/6 0:00,0
,3369,441,oz,1,93.5,2025/1/6 0:00,2099/12/31 23:59,0,0,0,,2025/1/6 0:00,0,2025/1/6 0:00,0
,3369,442,oz,1,93.5,2025/1/6 0:00,2099/12/31 23:59,0,0,0,,2025/1/6 0:00,0,2025/1/6 0:00,0
,3369,443,oz,1,93.5,2025/1/6 0:00,2099/12/31 23:59,0,0,0,,2025/1/6 0:00,0,2025/1/6 0:00,0
,3369,444,oz,1,93.5,2025/1/6 0:00,2099/12/31 23:59,0,0,0,,2025/1/6 0:00,0,2025/1/6 0:00,0
,3369,445,oz,1,93.5,2025/1/6 0:00,2099/12/31 23:59,0,0,0,,2025/1/6 0:00,0,2025/1/6 0:00,0
,3369,446,oz,1,93.5,2025/1/6 0:00,2099/12/31 23:59,0,0,0,,2025/1/6 0:00,0,2025/1/6 0:00,0
,3369,447,oz,1,93.5,2025/1/6 0:00,2099/12/31 23:59,0,0,0,,2025/1/6 0:00,0,2025/1/6 0:00,0
,3369,448,oz,1,93.5,2025/1/6 0:00,2099/12/31 23:59,0,0,0,,2025/1/6 0:00,0,2025/1/6 0:00,0
,3369,449,oz,1,96.15,2025/1/6 0:00,2099/12/31 23:59,0,0,0,,2025/1/6 0:00,0,2025/1/6 0:00,0
,3369,450,oz,1,96.15,2025/1/6 0:00,2099/12/31 23:59,0,0,0,,2025/1/6 0:00,0,2025/1/6 0:00,0
,3369,451,oz,1,96.15,2025/1/6 0:00,2099/12/31 23:59,0,0,0,,2025/1/6 0:00,0,2025/1/6 0:00,0
,3369,452,oz,1,96.15,2025/1/6 0:00,2099/12/31 23:59,0,0,0,,2025/1/6 0:00,0,2025/1/6 0:00,0
,3369,453,oz,1,96.15,2025/1/6 0:00,2099/12/31 23:59,0,0,0,,2025/1/6 0:00,0,2025/1/6 0:00,0
,3369,454,oz,1,96.15,2025/1/6 0:00,2099/12/31 23:59,0,0,0,,2025/1/6 0:00,0,2025/1/6 0:00,0
,3369,455,oz,1,96.15,2025/1/6 0:00,2099/12/31 23:59,0,0,0,,2025/1/6 0:00,0,2025/1/6 0:00,0
,3369,456,oz,1,96.15,2025/1/6 0:00,2099/12/31 23:59,0,0,0,,2025/1/6 0:00,0,2025/1/6 0:00,0
,3369,457,oz,1,96.15,2025/1/6 0:00,2099/12/31 23:59,0,0,0,,2025/1/6 0:00,0,2025/1/6 0:00,0
,3369,458,oz,1,96.15,2025/1/6 0:00,2099/12/31 23:59,0,0,0,,2025/1/6 0:00,0,2025/1/6 0:00,0
,3369,459,oz,1,96.15,2025/1/6 0:00,2099/12/31 23:59,0,0,0,,2025/1/6 0:00,0,2025/1/6 0:00,0
,3369,460,oz,1,96.15,2025/1/6 0:00,2099/12/31 23:59,0,0,0,,2025/1/6 0:00,0,2025/1/6 0:00,0
,3369,461,oz,1,96.15,2025/1/6 0:00,2099/12/31 23:59,0,0,0,,2025/1/6 0:00,0,2025/1/6 0:00,0
,3369,462,oz,1,96.15,2025/1/6 0:00,2099/12/31 23:59,0,0,0,,2025/1/6 0:00,0,2025/1/6 0:00,0
,3369,463,oz,1,96.15,2025/1/6 0:00,2099/12/31 23:59,0,0,0,,2025/1/6 0:00,0,2025/1/6 0:00,0
,3369,464,oz,1,96.15,2025/1/6 0:00,2099/12/31 23:59,0,0,0,,2025/1/6 0:00,0,2025/1/6 0:00,0
,3369,465,oz,1,98.79,2025/1/6 0:00,2099/12/31 23:59,0,0,0,,2025/1/6 0:00,0,2025/1/6 0:00,0
,3369,466,oz,1,98.79,2025/1/6 0:00,2099/12/31 23:59,0,0,0,,2025/1/6 0:00,0,2025/1/6 0:00,0
,3369,467,oz,1,98.79,2025/1/6 0:00,2099/12/31 23:59,0,0,0,,2025/1/6 0:00,0,2025/1/6 0:00,0
,3369,468,oz,1,98.79,2025/1/6 0:00,2099/12/31 23:59,0,0,0,,2025/1/6 0:00,0,2025/1/6 0:00,0
,3369,469,oz,1,98.79,2025/1/6 0:00,2099/12/31 23:59,0,0,0,,2025/1/6 0:00,0,2025/1/6 0:00,0
,3369,470,oz,1,98.79,2025/1/6 0:00,2099/12/31 23:59,0,0,0,,2025/1/6 0:00,0,2025/1/6 0:00,0
,3369,471,oz,1,98.79,2025/1/6 0:00,2099/12/31 23:59,0,0,0,,2025/1/6 0:00,0,2025/1/6 0:00,0
,3369,472,oz,1,98.79,2025/1/6 0:00,2099/12/31 23:59,0,0,0,,2025/1/6 0:00,0,2025/1/6 0:00,0
,3369,473,oz,1,98.79,2025/1/6 0:00,2099/12/31 23:59,0,0,0,,2025/1/6 0:00,0,2025/1/6 0:00,0
,3369,474,oz,1,98.79,2025/1/6 0:00,2099/12/31 23:59,0,0,0,,2025/1/6 0:00,0,2025/1/6 0:00,0
,3369,475,oz,1,98.79,2025/1/6 0:00,2099/12/31 23:59,0,0,0,,2025/1/6 0:00,0,2025/1/6 0:00,0
,3369,476,oz,1,98.79,2025/1/6 0:00,2099/12/31 23:59,0,0,0,,2025/1/6 0:00,0,2025/1/6 0:00,0
,3369,477,oz,1,98.79,2025/1/6 0:00,2099/12/31 23:59,0,0,0,,2025/1/6 0:00,0,2025/1/6 0:00,0
,3369,478,oz,1,98.79,2025/1/6 0:00,2099/12/31 23:59,0,0,0,,2025/1/6 0:00,0,2025/1/6 0:00,0
,3369,479,oz,1,98.79,2025/1/6 0:00,2099/12/31 23:59,0,0,0,,2025/1/6 0:00,0,2025/1/6 0:00,0
,3369,480,oz,1,98.79,2025/1/6 0:00,2099/12/31 23:59,0,0,0,,2025/1/6 0:00,0,2025/1/6 0:00,0
,3369,481,oz,1,100.83,2025/1/6 0:00,2099/12/31 23:59,0,0,0,,2025/1/6 0:00,0,2025/1/6 0:00,0
,3369,482,oz,1,100.83,2025/1/6 0:00,2099/12/31 23:59,0,0,0,,2025/1/6 0:00,0,2025/1/6 0:00,0
,3369,483,oz,1,100.83,2025/1/6 0:00,2099/12/31 23:59,0,0,0,,2025/1/6 0:00,0,2025/1/6 0:00,0
,3369,484,oz,1,100.83,2025/1/6 0:00,2099/12/31 23:59,0,0,0,,2025/1/6 0:00,0,2025/1/6 0:00,0
,3369,485,oz,1,100.83,2025/1/6 0:00,2099/12/31 23:59,0,0,0,,2025/1/6 0:00,0,2025/1/6 0:00,0
,3369,486,oz,1,100.83,2025/1/6 0:00,2099/12/31 23:59,0,0,0,,2025/1/6 0:00,0,2025/1/6 0:00,0
,3369,487,oz,1,100.83,2025/1/6 0:00,2099/12/31 23:59,0,0,0,,2025/1/6 0:00,0,2025/1/6 0:00,0
,3369,488,oz,1,100.83,2025/1/6 0:00,2099/12/31 23:59,0,0,0,,2025/1/6 0:00,0,2025/1/6 0:00,0
,3369,489,oz,1,100.83,2025/1/6 0:00,2099/12/31 23:59,0,0,0,,2025/1/6 0:00,0,2025/1/6 0:00,0
,3369,490,oz,1,100.83,2025/1/6 0:00,2099/12/31 23:59,0,0,0,,2025/1/6 0:00,0,2025/1/6 0:00,0
,3369,491,oz,1,100.83,2025/1/6 0:00,2099/12/31 23:59,0,0,0,,2025/1/6 0:00,0,2025/1/6 0:00,0
,3369,492,oz,1,100.83,2025/1/6 0:00,2099/12/31 23:59,0,0,0,,2025/1/6 0:00,0,2025/1/6 0:00,0
,3369,493,oz,1,100.83,2025/1/6 0:00,2099/12/31 23:59,0,0,0,,2025/1/6 0:00,0,2025/1/6 0:00,0
,3369,494,oz,1,100.83,2025/1/6 0:00,2099/12/31 23:59,0,0,0,,2025/1/6 0:00,0,2025/1/6 0:00,0
,3369,495,oz,1,100.83,2025/1/6 0:00,2099/12/31 23:59,0,0,0,,2025/1/6 0:00,0,2025/1/6 0:00,0
,3369,496,oz,1,100.83,2025/1/6 0:00,2099/12/31 23:59,0,0,0,,2025/1/6 0:00,0,2025/1/6 0:00,0
,3369,497,oz,1,102.84,2025/1/6 0:00,2099/12/31 23:59,0,0,0,,2025/1/6 0:00,0,2025/1/6 0:00,0
,3369,498,oz,1,102.84,2025/1/6 0:00,2099/12/31 23:59,0,0,0,,2025/1/6 0:00,0,2025/1/6 0:00,0
,3369,499,oz,1,102.84,2025/1/6 0:00,2099/12/31 23:59,0,0,0,,2025/1/6 0:00,0,2025/1/6 0:00,0
,3369,500,oz,1,102.84,2025/1/6 0:00,2099/12/31 23:59,0,0,0,,2025/1/6 0:00,0,2025/1/6 0:00,0
,3369,501,oz,1,102.84,2025/1/6 0:00,2099/12/31 23:59,0,0,0,,2025/1/6 0:00,0,2025/1/6 0:00,0
,3369,502,oz,1,102.84,2025/1/6 0:00,2099/12/31 23:59,0,0,0,,2025/1/6 0:00,0,2025/1/6 0:00,0
,3369,503,oz,1,102.84,2025/1/6 0:00,2099/12/31 23:59,0,0,0,,2025/1/6 0:00,0,2025/1/6 0:00,0
,3369,504,oz,1,102.84,2025/1/6 0:00,2099/12/31 23:59,0,0,0,,2025/1/6 0:00,0,2025/1/6 0:00,0
,3369,505,oz,1,102.84,2025/1/6 0:00,2099/12/31 23:59,0,0,0,,2025/1/6 0:00,0,2025/1/6 0:00,0
,3369,506,oz,1,102.84,2025/1/6 0:00,2099/12/31 23:59,0,0,0,,2025/1/6 0:00,0,2025/1/6 0:00,0
,3369,507,oz,1,102.84,2025/1/6 0:00,2099/12/31 23:59,0,0,0,,2025/1/6 0:00,0,2025/1/6 0:00,0
,3369,508,oz,1,102.84,2025/1/6 0:00,2099/12/31 23:59,0,0,0,,2025/1/6 0:00,0,2025/1/6 0:00,0
,3369,509,oz,1,102.84,2025/1/6 0:00,2099/12/31 23:59,0,0,0,,2025/1/6 0:00,0,2025/1/6 0:00,0
,3369,510,oz,1,102.84,2025/1/6 0:00,2099/12/31 23:59,0,0,0,,2025/1/6 0:00,0,2025/1/6 0:00,0
,3369,511,oz,1,102.84,2025/1/6 0:00,2099/12/31 23:59,0,0,0,,2025/1/6 0:00,0,2025/1/6 0:00,0
,3369,512,oz,1,102.84,2025/1/6 0:00,2099/12/31 23:59,0,0,0,,2025/1/6 0:00,0,2025/1/6 0:00,0
,3369,513,oz,1,104.86,2025/1/6 0:00,2099/12/31 23:59,0,0,0,,2025/1/6 0:00,0,2025/1/6 0:00,0
,3369,514,oz,1,104.86,2025/1/6 0:00,2099/12/31 23:59,0,0,0,,2025/1/6 0:00,0,2025/1/6 0:00,0
,3369,515,oz,1,104.86,2025/1/6 0:00,2099/12/31 23:59,0,0,0,,2025/1/6 0:00,0,2025/1/6 0:00,0
,3369,516,oz,1,104.86,2025/1/6 0:00,2099/12/31 23:59,0,0,0,,2025/1/6 0:00,0,2025/1/6 0:00,0
,3369,517,oz,1,104.86,2025/1/6 0:00,2099/12/31 23:59,0,0,0,,2025/1/6 0:00,0,2025/1/6 0:00,0
,3369,518,oz,1,104.86,2025/1/6 0:00,2099/12/31 23:59,0,0,0,,2025/1/6 0:00,0,2025/1/6 0:00,0
,3369,519,oz,1,104.86,2025/1/6 0:00,2099/12/31 23:59,0,0,0,,2025/1/6 0:00,0,2025/1/6 0:00,0
,3369,520,oz,1,104.86,2025/1/6 0:00,2099/12/31 23:59,0,0,0,,2025/1/6 0:00,0,2025/1/6 0:00,0
,3369,521,oz,1,104.86,2025/1/6 0:00,2099/12/31 23:59,0,0,0,,2025/1/6 0:00,0,2025/1/6 0:00,0
,3369,522,oz,1,104.86,2025/1/6 0:00,2099/12/31 23:59,0,0,0,,2025/1/6 0:00,0,2025/1/6 0:00,0
,3369,523,oz,1,104.86,2025/1/6 0:00,2099/12/31 23:59,0,0,0,,2025/1/6 0:00,0,2025/1/6 0:00,0
,3369,524,oz,1,104.86,2025/1/6 0:00,2099/12/31 23:59,0,0,0,,2025/1/6 0:00,0,2025/1/6 0:00,0
,3369,525,oz,1,104.86,2025/1/6 0:00,2099/12/31 23:59,0,0,0,,2025/1/6 0:00,0,2025/1/6 0:00,0
,3369,526,oz,1,104.86,2025/1/6 0:00,2099/12/31 23:59,0,0,0,,2025/1/6 0:00,0,2025/1/6 0:00,0
,3369,527,oz,1,104.86,2025/1/6 0:00,2099/12/31 23:59,0,0,0,,2025/1/6 0:00,0,2025/1/6 0:00,0
,3369,528,oz,1,104.86,2025/1/6 0:00,2099/12/31 23:59,0,0,0,,2025/1/6 0:00,0,2025/1/6 0:00,0
,3369,529,oz,1,106.89,2025/1/6 0:00,2099/12/31 23:59,0,0,0,,2025/1/6 0:00,0,2025/1/6 0:00,0
,3369,530,oz,1,106.89,2025/1/6 0:00,2099/12/31 23:59,0,0,0,,2025/1/6 0:00,0,2025/1/6 0:00,0
,3369,531,oz,1,106.89,2025/1/6 0:00,2099/12/31 23:59,0,0,0,,2025/1/6 0:00,0,2025/1/6 0:00,0
,3369,532,oz,1,106.89,2025/1/6 0:00,2099/12/31 23:59,0,0,0,,2025/1/6 0:00,0,2025/1/6 0:00,0
,3369,533,oz,1,106.89,2025/1/6 0:00,2099/12/31 23:59,0,0,0,,2025/1/6 0:00,0,2025/1/6 0:00,0
,3369,534,oz,1,106.89,2025/1/6 0:00,2099/12/31 23:59,0,0,0,,2025/1/6 0:00,0,2025/1/6 0:00,0
,3369,535,oz,1,106.89,2025/1/6 0:00,2099/12/31 23:59,0,0,0,,2025/1/6 0:00,0,2025/1/6 0:00,0
,3369,536,oz,1,106.89,2025/1/6 0:00,2099/12/31 23:59,0,0,0,,2025/1/6 0:00,0,2025/1/6 0:00,0
,3369,537,oz,1,106.89,2025/1/6 0:00,2099/12/31 23:59,0,0,0,,2025/1/6 0:00,0,2025/1/6 0:00,0
,3369,538,oz,1,106.89,2025/1/6 0:00,2099/12/31 23:59,0,0,0,,2025/1/6 0:00,0,2025/1/6 0:00,0
,3369,539,oz,1,106.89,2025/1/6 0:00,2099/12/31 23:59,0,0,0,,2025/1/6 0:00,0,2025/1/6 0:00,0
,3369,540,oz,1,106.89,2025/1/6 0:00,2099/12/31 23:59,0,0,0,,2025/1/6 0:00,0,2025/1/6 0:00,0
,3369,541,oz,1,106.89,2025/1/6 0:00,2099/12/31 23:59,0,0,0,,2025/1/6 0:00,0,2025/1/6 0:00,0
,3369,542,oz,1,106.89,2025/1/6 0:00,2099/12/31 23:59,0,0,0,,2025/1/6 0:00,0,2025/1/6 0:00,0
,3369,543,oz,1,106.89,2025/1/6 0:00,2099/12/31 23:59,0,0,0,,2025/1/6 0:00,0,2025/1/6 0:00,0
,3369,544,oz,1,106.89,2025/1/6 0:00,2099/12/31 23:59,0,0,0,,2025/1/6 0:00,0,2025/1/6 0:00,0
,3369,545,oz,1,108.91,2025/1/6 0:00,2099/12/31 23:59,0,0,0,,2025/1/6 0:00,0,2025/1/6 0:00,0
,3369,546,oz,1,108.91,2025/1/6 0:00,2099/12/31 23:59,0,0,0,,2025/1/6 0:00,0,2025/1/6 0:00,0
,3369,547,oz,1,108.91,2025/1/6 0:00,2099/12/31 23:59,0,0,0,,2025/1/6 0:00,0,2025/1/6 0:00,0
,3369,548,oz,1,108.91,2025/1/6 0:00,2099/12/31 23:59,0,0,0,,2025/1/6 0:00,0,2025/1/6 0:00,0
,3369,549,oz,1,108.91,2025/1/6 0:00,2099/12/31 23:59,0,0,0,,2025/1/6 0:00,0,2025/1/6 0:00,0
,3369,550,oz,1,108.91,2025/1/6 0:00,2099/12/31 23:59,0,0,0,,2025/1/6 0:00,0,2025/1/6 0:00,0
,3369,551,oz,1,108.91,2025/1/6 0:00,2099/12/31 23:59,0,0,0,,2025/1/6 0:00,0,2025/1/6 0:00,0
,3369,552,oz,1,108.91,2025/1/6 0:00,2099/12/31 23:59,0,0,0,,2025/1/6 0:00,0,2025/1/6 0:00,0
,3369,553,oz,1,108.91,2025/1/6 0:00,2099/12/31 23:59,0,0,0,,2025/1/6 0:00,0,2025/1/6 0:00,0
,3369,554,oz,1,108.91,2025/1/6 0:00,2099/12/31 23:59,0,0,0,,2025/1/6 0:00,0,2025/1/6 0:00,0
,3369,555,oz,1,108.91,2025/1/6 0:00,2099/12/31 23:59,0,0,0,,2025/1/6 0:00,0,2025/1/6 0:00,0
,3369,556,oz,1,108.91,2025/1/6 0:00,2099/12/31 23:59,0,0,0,,2025/1/6 0:00,0,2025/1/6 0:00,0
,3369,557,oz,1,108.91,2025/1/6 0:00,2099/12/31 23:59,0,0,0,,2025/1/6 0:00,0,2025/1/6 0:00,0
,3369,558,oz,1,108.91,2025/1/6 0:00,2099/12/31 23:59,0,0,0,,2025/1/6 0:00,0,2025/1/6 0:00,0
,3369,559,oz,1,108.91,2025/1/6 0:00,2099/12/31 23:59,0,0,0,,2025/1/6 0:00,0,2025/1/6 0:00,0
,3369,560,oz,1,108.91,2025/1/6 0:00,2099/12/31 23:59,0,0,0,,2025/1/6 0:00,0,2025/1/6 0:00,0
,3369,561,oz,1,110.95,2025/1/6 0:00,2099/12/31 23:59,0,0,0,,2025/1/6 0:00,0,2025/1/6 0:00,0
,3369,562,oz,1,110.95,2025/1/6 0:00,2099/12/31 23:59,0,0,0,,2025/1/6 0:00,0,2025/1/6 0:00,0
,3369,563,oz,1,110.95,2025/1/6 0:00,2099/12/31 23:59,0,0,0,,2025/1/6 0:00,0,2025/1/6 0:00,0
,3369,564,oz,1,110.95,2025/1/6 0:00,2099/12/31 23:59,0,0,0,,2025/1/6 0:00,0,2025/1/6 0:00,0
,3369,565,oz,1,110.95,2025/1/6 0:00,2099/12/31 23:59,0,0,0,,2025/1/6 0:00,0,2025/1/6 0:00,0
,3369,566,oz,1,110.95,2025/1/6 0:00,2099/12/31 23:59,0,0,0,,2025/1/6 0:00,0,2025/1/6 0:00,0
,3369,567,oz,1,110.95,2025/1/6 0:00,2099/12/31 23:59,0,0,0,,2025/1/6 0:00,0,2025/1/6 0:00,0
,3369,568,oz,1,110.95,2025/1/6 0:00,2099/12/31 23:59,0,0,0,,2025/1/6 0:00,0,2025/1/6 0:00,0
,3369,569,oz,1,110.95,2025/1/6 0:00,2099/12/31 23:59,0,0,0,,2025/1/6 0:00,0,2025/1/6 0:00,0
,3369,570,oz,1,110.95,2025/1/6 0:00,2099/12/31 23:59,0,0,0,,2025/1/6 0:00,0,2025/1/6 0:00,0
,3369,571,oz,1,110.95,2025/1/6 0:00,2099/12/31 23:59,0,0,0,,2025/1/6 0:00,0,2025/1/6 0:00,0
,3369,572,oz,1,110.95,2025/1/6 0:00,2099/12/31 23:59,0,0,0,,2025/1/6 0:00,0,2025/1/6 0:00,0
,3369,573,oz,1,110.95,2025/1/6 0:00,2099/12/31 23:59,0,0,0,,2025/1/6 0:00,0,2025/1/6 0:00,0
,3369,574,oz,1,110.95,2025/1/6 0:00,2099/12/31 23:59,0,0,0,,2025/1/6 0:00,0,2025/1/6 0:00,0
,3369,575,oz,1,110.95,2025/1/6 0:00,2099/12/31 23:59,0,0,0,,2025/1/6 0:00,0,2025/1/6 0:00,0
,3369,576,oz,1,110.95,2025/1/6 0:00,2099/12/31 23:59,0,0,0,,2025/1/6 0:00,0,2025/1/6 0:00,0
,3369,577,oz,1,112.96,2025/1/6 0:00,2099/12/31 23:59,0,0,0,,2025/1/6 0:00,0,2025/1/6 0:00,0
,3369,578,oz,1,112.96,2025/1/6 0:00,2099/12/31 23:59,0,0,0,,2025/1/6 0:00,0,2025/1/6 0:00,0
,3369,579,oz,1,112.96,2025/1/6 0:00,2099/12/31 23:59,0,0,0,,2025/1/6 0:00,0,2025/1/6 0:00,0
,3369,580,oz,1,112.96,2025/1/6 0:00,2099/12/31 23:59,0,0,0,,2025/1/6 0:00,0,2025/1/6 0:00,0
,3369,581,oz,1,112.96,2025/1/6 0:00,2099/12/31 23:59,0,0,0,,2025/1/6 0:00,0,2025/1/6 0:00,0
,3369,582,oz,1,112.96,2025/1/6 0:00,2099/12/31 23:59,0,0,0,,2025/1/6 0:00,0,2025/1/6 0:00,0
,3369,583,oz,1,112.96,2025/1/6 0:00,2099/12/31 23:59,0,0,0,,2025/1/6 0:00,0,2025/1/6 0:00,0
,3369,584,oz,1,112.96,2025/1/6 0:00,2099/12/31 23:59,0,0,0,,2025/1/6 0:00,0,2025/1/6 0:00,0
,3369,585,oz,1,112.96,2025/1/6 0:00,2099/12/31 23:59,0,0,0,,2025/1/6 0:00,0,2025/1/6 0:00,0
,3369,586,oz,1,112.96,2025/1/6 0:00,2099/12/31 23:59,0,0,0,,2025/1/6 0:00,0,2025/1/6 0:00,0
,3369,587,oz,1,112.96,2025/1/6 0:00,2099/12/31 23:59,0,0,0,,2025/1/6 0:00,0,2025/1/6 0:00,0
,3369,588,oz,1,112.96,2025/1/6 0:00,2099/12/31 23:59,0,0,0,,2025/1/6 0:00,0,2025/1/6 0:00,0
,3369,589,oz,1,112.96,2025/1/6 0:00,2099/12/31 23:59,0,0,0,,2025/1/6 0:00,0,2025/1/6 0:00,0
,3369,590,oz,1,112.96,2025/1/6 0:00,2099/12/31 23:59,0,0,0,,2025/1/6 0:00,0,2025/1/6 0:00,0
,3369,591,oz,1,112.96,2025/1/6 0:00,2099/12/31 23:59,0,0,0,,2025/1/6 0:00,0,2025/1/6 0:00,0
,3369,592,oz,1,112.96,2025/1/6 0:00,2099/12/31 23:59,0,0,0,,2025/1/6 0:00,0,2025/1/6 0:00,0
,3369,593,oz,1,114.98,2025/1/6 0:00,2099/12/31 23:59,0,0,0,,2025/1/6 0:00,0,2025/1/6 0:00,0
,3369,594,oz,1,114.98,2025/1/6 0:00,2099/12/31 23:59,0,0,0,,2025/1/6 0:00,0,2025/1/6 0:00,0
,3369,595,oz,1,114.98,2025/1/6 0:00,2099/12/31 23:59,0,0,0,,2025/1/6 0:00,0,2025/1/6 0:00,0
,3369,596,oz,1,114.98,2025/1/6 0:00,2099/12/31 23:59,0,0,0,,2025/1/6 0:00,0,2025/1/6 0:00,0
,3369,597,oz,1,114.98,2025/1/6 0:00,2099/12/31 23:59,0,0,0,,2025/1/6 0:00,0,2025/1/6 0:00,0
,3369,598,oz,1,114.98,2025/1/6 0:00,2099/12/31 23:59,0,0,0,,2025/1/6 0:00,0,2025/1/6 0:00,0
,3369,599,oz,1,114.98,2025/1/6 0:00,2099/12/31 23:59,0,0,0,,2025/1/6 0:00,0,2025/1/6 0:00,0
,3369,600,oz,1,114.98,2025/1/6 0:00,2099/12/31 23:59,0,0,0,,2025/1/6 0:00,0,2025/1/6 0:00,0
,3369,601,oz,1,114.98,2025/1/6 0:00,2099/12/31 23:59,0,0,0,,2025/1/6 0:00,0,2025/1/6 0:00,0
,3369,602,oz,1,114.98,2025/1/6 0:00,2099/12/31 23:59,0,0,0,,2025/1/6 0:00,0,2025/1/6 0:00,0
,3369,603,oz,1,114.98,2025/1/6 0:00,2099/12/31 23:59,0,0,0,,2025/1/6 0:00,0,2025/1/6 0:00,0
,3369,604,oz,1,114.98,2025/1/6 0:00,2099/12/31 23:59,0,0,0,,2025/1/6 0:00,0,2025/1/6 0:00,0
,3369,605,oz,1,114.98,2025/1/6 0:00,2099/12/31 23:59,0,0,0,,2025/1/6 0:00,0,2025/1/6 0:00,0
,3369,606,oz,1,114.98,2025/1/6 0:00,2099/12/31 23:59,0,0,0,,2025/1/6 0:00,0,2025/1/6 0:00,0
,3369,607,oz,1,114.98,2025/1/6 0:00,2099/12/31 23:59,0,0,0,,2025/1/6 0:00,0,2025/1/6 0:00,0
,3369,608,oz,1,114.98,2025/1/6 0:00,2099/12/31 23:59,0,0,0,,2025/1/6 0:00,0,2025/1/6 0:00,0
,3369,609,oz,1,117,2025/1/6 0:00,2099/12/31 23:59,0,0,0,,2025/1/6 0:00,0,2025/1/6 0:00,0
,3369,610,oz,1,117,2025/1/6 0:00,2099/12/31 23:59,0,0,0,,2025/1/6 0:00,0,2025/1/6 0:00,0
,3369,611,oz,1,117,2025/1/6 0:00,2099/12/31 23:59,0,0,0,,2025/1/6 0:00,0,2025/1/6 0:00,0
,3369,612,oz,1,117,2025/1/6 0:00,2099/12/31 23:59,0,0,0,,2025/1/6 0:00,0,2025/1/6 0:00,0
,3369,613,oz,1,117,2025/1/6 0:00,2099/12/31 23:59,0,0,0,,2025/1/6 0:00,0,2025/1/6 0:00,0
,3369,614,oz,1,117,2025/1/6 0:00,2099/12/31 23:59,0,0,0,,2025/1/6 0:00,0,2025/1/6 0:00,0
,3369,615,oz,1,117,2025/1/6 0:00,2099/12/31 23:59,0,0,0,,2025/1/6 0:00,0,2025/1/6 0:00,0
,3369,616,oz,1,117,2025/1/6 0:00,2099/12/31 23:59,0,0,0,,2025/1/6 0:00,0,2025/1/6 0:00,0
,3369,617,oz,1,117,2025/1/6 0:00,2099/12/31 23:59,0,0,0,,2025/1/6 0:00,0,2025/1/6 0:00,0
,3369,618,oz,1,117,2025/1/6 0:00,2099/12/31 23:59,0,0,0,,2025/1/6 0:00,0,2025/1/6 0:00,0
,3369,619,oz,1,117,2025/1/6 0:00,2099/12/31 23:59,0,0,0,,2025/1/6 0:00,0,2025/1/6 0:00,0
,3369,620,oz,1,117,2025/1/6 0:00,2099/12/31 23:59,0,0,0,,2025/1/6 0:00,0,2025/1/6 0:00,0
,3369,621,oz,1,117,2025/1/6 0:00,2099/12/31 23:59,0,0,0,,2025/1/6 0:00,0,2025/1/6 0:00,0
,3369,622,oz,1,117,2025/1/6 0:00,2099/12/31 23:59,0,0,0,,2025/1/6 0:00,0,2025/1/6 0:00,0
,3369,623,oz,1,117,2025/1/6 0:00,2099/12/31 23:59,0,0,0,,2025/1/6 0:00,0,2025/1/6 0:00,0
,3369,624,oz,1,117,2025/1/6 0:00,2099/12/31 23:59,0,0,0,,2025/1/6 0:00,0,2025/1/6 0:00,0
,3369,625,oz,1,119.02,2025/1/6 0:00,2099/12/31 23:59,0,0,0,,2025/1/6 0:00,0,2025/1/6 0:00,0
,3369,626,oz,1,119.02,2025/1/6 0:00,2099/12/31 23:59,0,0,0,,2025/1/6 0:00,0,2025/1/6 0:00,0
,3369,627,oz,1,119.02,2025/1/6 0:00,2099/12/31 23:59,0,0,0,,2025/1/6 0:00,0,2025/1/6 0:00,0
,3369,628,oz,1,119.02,2025/1/6 0:00,2099/12/31 23:59,0,0,0,,2025/1/6 0:00,0,2025/1/6 0:00,0
,3369,629,oz,1,119.02,2025/1/6 0:00,2099/12/31 23:59,0,0,0,,2025/1/6 0:00,0,2025/1/6 0:00,0
,3369,630,oz,1,119.02,2025/1/6 0:00,2099/12/31 23:59,0,0,0,,2025/1/6 0:00,0,2025/1/6 0:00,0
,3369,631,oz,1,119.02,2025/1/6 0:00,2099/12/31 23:59,0,0,0,,2025/1/6 0:00,0,2025/1/6 0:00,0
,3369,632,oz,1,119.02,2025/1/6 0:00,2099/12/31 23:59,0,0,0,,2025/1/6 0:00,0,2025/1/6 0:00,0
,3369,633,oz,1,119.02,2025/1/6 0:00,2099/12/31 23:59,0,0,0,,2025/1/6 0:00,0,2025/1/6 0:00,0
,3369,634,oz,1,119.02,2025/1/6 0:00,2099/12/31 23:59,0,0,0,,2025/1/6 0:00,0,2025/1/6 0:00,0
,3369,635,oz,1,119.02,2025/1/6 0:00,2099/12/31 23:59,0,0,0,,2025/1/6 0:00,0,2025/1/6 0:00,0
,3369,636,oz,1,119.02,2025/1/6 0:00,2099/12/31 23:59,0,0,0,,2025/1/6 0:00,0,2025/1/6 0:00,0
,3369,637,oz,1,119.02,2025/1/6 0:00,2099/12/31 23:59,0,0,0,,2025/1/6 0:00,0,2025/1/6 0:00,0
,3369,638,oz,1,119.02,2025/1/6 0:00,2099/12/31 23:59,0,0,0,,2025/1/6 0:00,0,2025/1/6 0:00,0
,3369,639,oz,1,119.02,2025/1/6 0:00,2099/12/31 23:59,0,0,0,,2025/1/6 0:00,0,2025/1/6 0:00,0
,3369,640,oz,1,119.02,2025/1/6 0:00,2099/12/31 23:59,0,0,0,,2025/1/6 0:00,0,2025/1/6 0:00,0
,3369,641,oz,1,120.93,2025/1/6 0:00,2099/12/31 23:59,0,0,0,,2025/1/6 0:00,0,2025/1/6 0:00,0
,3369,642,oz,1,120.93,2025/1/6 0:00,2099/12/31 23:59,0,0,0,,2025/1/6 0:00,0,2025/1/6 0:00,0
,3369,643,oz,1,120.93,2025/1/6 0:00,2099/12/31 23:59,0,0,0,,2025/1/6 0:00,0,2025/1/6 0:00,0
,3369,644,oz,1,120.93,2025/1/6 0:00,2099/12/31 23:59,0,0,0,,2025/1/6 0:00,0,2025/1/6 0:00,0
,3369,645,oz,1,120.93,2025/1/6 0:00,2099/12/31 23:59,0,0,0,,2025/1/6 0:00,0,2025/1/6 0:00,0
,3369,646,oz,1,120.93,2025/1/6 0:00,2099/12/31 23:59,0,0,0,,2025/1/6 0:00,0,2025/1/6 0:00,0
,3369,647,oz,1,120.93,2025/1/6 0:00,2099/12/31 23:59,0,0,0,,2025/1/6 0:00,0,2025/1/6 0:00,0
,3369,648,oz,1,120.93,2025/1/6 0:00,2099/12/31 23:59,0,0,0,,2025/1/6 0:00,0,2025/1/6 0:00,0
,3369,649,oz,1,120.93,2025/1/6 0:00,2099/12/31 23:59,0,0,0,,2025/1/6 0:00,0,2025/1/6 0:00,0
,3369,650,oz,1,120.93,2025/1/6 0:00,2099/12/31 23:59,0,0,0,,2025/1/6 0:00,0,2025/1/6 0:00,0
,3369,651,oz,1,120.93,2025/1/6 0:00,2099/12/31 23:59,0,0,0,,2025/1/6 0:00,0,2025/1/6 0:00,0
,3369,652,oz,1,120.93,2025/1/6 0:00,2099/12/31 23:59,0,0,0,,2025/1/6 0:00,0,2025/1/6 0:00,0
,3369,653,oz,1,120.93,2025/1/6 0:00,2099/12/31 23:59,0,0,0,,2025/1/6 0:00,0,2025/1/6 0:00,0
,3369,654,oz,1,120.93,2025/1/6 0:00,2099/12/31 23:59,0,0,0,,2025/1/6 0:00,0,2025/1/6 0:00,0
,3369,655,oz,1,120.93,2025/1/6 0:00,2099/12/31 23:59,0,0,0,,2025/1/6 0:00,0,2025/1/6 0:00,0
,3369,656,oz,1,120.93,2025/1/6 0:00,2099/12/31 23:59,0,0,0,,2025/1/6 0:00,0,2025/1/6 0:00,0
,3369,657,oz,1,122.83,2025/1/6 0:00,2099/12/31 23:59,0,0,0,,2025/1/6 0:00,0,2025/1/6 0:00,0
,3369,658,oz,1,122.83,2025/1/6 0:00,2099/12/31 23:59,0,0,0,,2025/1/6 0:00,0,2025/1/6 0:00,0
,3369,659,oz,1,122.83,2025/1/6 0:00,2099/12/31 23:59,0,0,0,,2025/1/6 0:00,0,2025/1/6 0:00,0
,3369,660,oz,1,122.83,2025/1/6 0:00,2099/12/31 23:59,0,0,0,,2025/1/6 0:00,0,2025/1/6 0:00,0
,3369,661,oz,1,122.83,2025/1/6 0:00,2099/12/31 23:59,0,0,0,,2025/1/6 0:00,0,2025/1/6 0:00,0
,3369,662,oz,1,122.83,2025/1/6 0:00,2099/12/31 23:59,0,0,0,,2025/1/6 0:00,0,2025/1/6 0:00,0
,3369,663,oz,1,122.83,2025/1/6 0:00,2099/12/31 23:59,0,0,0,,2025/1/6 0:00,0,2025/1/6 0:00,0
,3369,664,oz,1,122.83,2025/1/6 0:00,2099/12/31 23:59,0,0,0,,2025/1/6 0:00,0,2025/1/6 0:00,0
,3369,665,oz,1,122.83,2025/1/6 0:00,2099/12/31 23:59,0,0,0,,2025/1/6 0:00,0,2025/1/6 0:00,0
,3369,666,oz,1,122.83,2025/1/6 0:00,2099/12/31 23:59,0,0,0,,2025/1/6 0:00,0,2025/1/6 0:00,0
,3369,667,oz,1,122.83,2025/1/6 0:00,2099/12/31 23:59,0,0,0,,2025/1/6 0:00,0,2025/1/6 0:00,0
,3369,668,oz,1,122.83,2025/1/6 0:00,2099/12/31 23:59,0,0,0,,2025/1/6 0:00,0,2025/1/6 0:00,0
,3369,669,oz,1,122.83,2025/1/6 0:00,2099/12/31 23:59,0,0,0,,2025/1/6 0:00,0,2025/1/6 0:00,0
,3369,670,oz,1,122.83,2025/1/6 0:00,2099/12/31 23:59,0,0,0,,2025/1/6 0:00,0,2025/1/6 0:00,0
,3369,671,oz,1,122.83,2025/1/6 0:00,2099/12/31 23:59,0,0,0,,2025/1/6 0:00,0,2025/1/6 0:00,0
,3369,672,oz,1,122.83,2025/1/6 0:00,2099/12/31 23:59,0,0,0,,2025/1/6 0:00,0,2025/1/6 0:00,0
,3369,673,oz,1,124.74,2025/1/6 0:00,2099/12/31 23:59,0,0,0,,2025/1/6 0:00,0,2025/1/6 0:00,0
,3369,674,oz,1,124.74,2025/1/6 0:00,2099/12/31 23:59,0,0,0,,2025/1/6 0:00,0,2025/1/6 0:00,0
,3369,675,oz,1,124.74,2025/1/6 0:00,2099/12/31 23:59,0,0,0,,2025/1/6 0:00,0,2025/1/6 0:00,0
,3369,676,oz,1,124.74,2025/1/6 0:00,2099/12/31 23:59,0,0,0,,2025/1/6 0:00,0,2025/1/6 0:00,0
,3369,677,oz,1,124.74,2025/1/6 0:00,2099/12/31 23:59,0,0,0,,2025/1/6 0:00,0,2025/1/6 0:00,0
,3369,678,oz,1,124.74,2025/1/6 0:00,2099/12/31 23:59,0,0,0,,2025/1/6 0:00,0,2025/1/6 0:00,0
,3369,679,oz,1,124.74,2025/1/6 0:00,2099/12/31 23:59,0,0,0,,2025/1/6 0:00,0,2025/1/6 0:00,0
,3369,680,oz,1,124.74,2025/1/6 0:00,2099/12/31 23:59,0,0,0,,2025/1/6 0:00,0,2025/1/6 0:00,0
,3369,681,oz,1,124.74,2025/1/6 0:00,2099/12/31 23:59,0,0,0,,2025/1/6 0:00,0,2025/1/6 0:00,0
,3369,682,oz,1,124.74,2025/1/6 0:00,2099/12/31 23:59,0,0,0,,2025/1/6 0:00,0,2025/1/6 0:00,0
,3369,683,oz,1,124.74,2025/1/6 0:00,2099/12/31 23:59,0,0,0,,2025/1/6 0:00,0,2025/1/6 0:00,0
,3369,684,oz,1,124.74,2025/1/6 0:00,2099/12/31 23:59,0,0,0,,2025/1/6 0:00,0,2025/1/6 0:00,0
,3369,685,oz,1,124.74,2025/1/6 0:00,2099/12/31 23:59,0,0,0,,2025/1/6 0:00,0,2025/1/6 0:00,0
,3369,686,oz,1,124.74,2025/1/6 0:00,2099/12/31 23:59,0,0,0,,2025/1/6 0:00,0,2025/1/6 0:00,0
,3369,687,oz,1,124.74,2025/1/6 0:00,2099/12/31 23:59,0,0,0,,2025/1/6 0:00,0,2025/1/6 0:00,0
,3369,688,oz,1,124.74,2025/1/6 0:00,2099/12/31 23:59,0,0,0,,2025/1/6 0:00,0,2025/1/6 0:00,0
,3369,689,oz,1,126.63,2025/1/6 0:00,2099/12/31 23:59,0,0,0,,2025/1/6 0:00,0,2025/1/6 0:00,0
,3369,690,oz,1,126.63,2025/1/6 0:00,2099/12/31 23:59,0,0,0,,2025/1/6 0:00,0,2025/1/6 0:00,0
,3369,691,oz,1,126.63,2025/1/6 0:00,2099/12/31 23:59,0,0,0,,2025/1/6 0:00,0,2025/1/6 0:00,0
,3369,692,oz,1,126.63,2025/1/6 0:00,2099/12/31 23:59,0,0,0,,2025/1/6 0:00,0,2025/1/6 0:00,0
,3369,693,oz,1,126.63,2025/1/6 0:00,2099/12/31 23:59,0,0,0,,2025/1/6 0:00,0,2025/1/6 0:00,0
,3369,694,oz,1,126.63,2025/1/6 0:00,2099/12/31 23:59,0,0,0,,2025/1/6 0:00,0,2025/1/6 0:00,0
,3369,695,oz,1,126.63,2025/1/6 0:00,2099/12/31 23:59,0,0,0,,2025/1/6 0:00,0,2025/1/6 0:00,0
,3369,696,oz,1,126.63,2025/1/6 0:00,2099/12/31 23:59,0,0,0,,2025/1/6 0:00,0,2025/1/6 0:00,0
,3369,697,oz,1,126.63,2025/1/6 0:00,2099/12/31 23:59,0,0,0,,2025/1/6 0:00,0,2025/1/6 0:00,0
,3369,698,oz,1,126.63,2025/1/6 0:00,2099/12/31 23:59,0,0,0,,2025/1/6 0:00,0,2025/1/6 0:00,0
,3369,699,oz,1,126.63,2025/1/6 0:00,2099/12/31 23:59,0,0,0,,2025/1/6 0:00,0,2025/1/6 0:00,0
,3369,700,oz,1,126.63,2025/1/6 0:00,2099/12/31 23:59,0,0,0,,2025/1/6 0:00,0,2025/1/6 0:00,0
,3369,701,oz,1,126.63,2025/1/6 0:00,2099/12/31 23:59,0,0,0,,2025/1/6 0:00,0,2025/1/6 0:00,0
,3369,702,oz,1,126.63,2025/1/6 0:00,2099/12/31 23:59,0,0,0,,2025/1/6 0:00,0,2025/1/6 0:00,0
,3369,703,oz,1,126.63,2025/1/6 0:00,2099/12/31 23:59,0,0,0,,2025/1/6 0:00,0,2025/1/6 0:00,0
,3369,704,oz,1,126.63,2025/1/6 0:00,2099/12/31 23:59,0,0,0,,2025/1/6 0:00,0,2025/1/6 0:00,0
,3369,705,oz,1,128.52,2025/1/6 0:00,2099/12/31 23:59,0,0,0,,2025/1/6 0:00,0,2025/1/6 0:00,0
,3369,706,oz,1,128.52,2025/1/6 0:00,2099/12/31 23:59,0,0,0,,2025/1/6 0:00,0,2025/1/6 0:00,0
,3369,707,oz,1,128.52,2025/1/6 0:00,2099/12/31 23:59,0,0,0,,2025/1/6 0:00,0,2025/1/6 0:00,0
,3369,708,oz,1,128.52,2025/1/6 0:00,2099/12/31 23:59,0,0,0,,2025/1/6 0:00,0,2025/1/6 0:00,0
,3369,709,oz,1,128.52,2025/1/6 0:00,2099/12/31 23:59,0,0,0,,2025/1/6 0:00,0,2025/1/6 0:00,0
,3369,710,oz,1,128.52,2025/1/6 0:00,2099/12/31 23:59,0,0,0,,2025/1/6 0:00,0,2025/1/6 0:00,0
,3369,711,oz,1,128.52,2025/1/6 0:00,2099/12/31 23:59,0,0,0,,2025/1/6 0:00,0,2025/1/6 0:00,0
,3369,712,oz,1,128.52,2025/1/6 0:00,2099/12/31 23:59,0,0,0,,2025/1/6 0:00,0,2025/1/6 0:00,0
,3369,713,oz,1,128.52,2025/1/6 0:00,2099/12/31 23:59,0,0,0,,2025/1/6 0:00,0,2025/1/6 0:00,0
,3369,714,oz,1,128.52,2025/1/6 0:00,2099/12/31 23:59,0,0,0,,2025/1/6 0:00,0,2025/1/6 0:00,0
,3369,715,oz,1,128.52,2025/1/6 0:00,2099/12/31 23:59,0,0,0,,2025/1/6 0:00,0,2025/1/6 0:00,0
,3369,716,oz,1,128.52,2025/1/6 0:00,2099/12/31 23:59,0,0,0,,2025/1/6 0:00,0,2025/1/6 0:00,0
,3369,717,oz,1,128.52,2025/1/6 0:00,2099/12/31 23:59,0,0,0,,2025/1/6 0:00,0,2025/1/6 0:00,0
,3369,718,oz,1,128.52,2025/1/6 0:00,2099/12/31 23:59,0,0,0,,2025/1/6 0:00,0,2025/1/6 0:00,0
,3369,719,oz,1,128.52,2025/1/6 0:00,2099/12/31 23:59,0,0,0,,2025/1/6 0:00,0,2025/1/6 0:00,0
,3369,720,oz,1,128.52,2025/1/6 0:00,2099/12/31 23:59,0,0,0,,2025/1/6 0:00,0,2025/1/6 0:00,0
,3369,721,oz,1,130.44,2025/1/6 0:00,2099/12/31 23:59,0,0,0,,2025/1/6 0:00,0,2025/1/6 0:00,0
,3369,722,oz,1,130.44,2025/1/6 0:00,2099/12/31 23:59,0,0,0,,2025/1/6 0:00,0,2025/1/6 0:00,0
,3369,723,oz,1,130.44,2025/1/6 0:00,2099/12/31 23:59,0,0,0,,2025/1/6 0:00,0,2025/1/6 0:00,0
,3369,724,oz,1,130.44,2025/1/6 0:00,2099/12/31 23:59,0,0,0,,2025/1/6 0:00,0,2025/1/6 0:00,0
,3369,725,oz,1,130.44,2025/1/6 0:00,2099/12/31 23:59,0,0,0,,2025/1/6 0:00,0,2025/1/6 0:00,0
,3369,726,oz,1,130.44,2025/1/6 0:00,2099/12/31 23:59,0,0,0,,2025/1/6 0:00,0,2025/1/6 0:00,0
,3369,727,oz,1,130.44,2025/1/6 0:00,2099/12/31 23:59,0,0,0,,2025/1/6 0:00,0,2025/1/6 0:00,0
,3369,728,oz,1,130.44,2025/1/6 0:00,2099/12/31 23:59,0,0,0,,2025/1/6 0:00,0,2025/1/6 0:00,0
,3369,729,oz,1,130.44,2025/1/6 0:00,2099/12/31 23:59,0,0,0,,2025/1/6 0:00,0,2025/1/6 0:00,0
,3369,730,oz,1,130.44,2025/1/6 0:00,2099/12/31 23:59,0,0,0,,2025/1/6 0:00,0,2025/1/6 0:00,0
,3369,731,oz,1,130.44,2025/1/6 0:00,2099/12/31 23:59,0,0,0,,2025/1/6 0:00,0,2025/1/6 0:00,0
,3369,732,oz,1,130.44,2025/1/6 0:00,2099/12/31 23:59,0,0,0,,2025/1/6 0:00,0,2025/1/6 0:00,0
,3369,733,oz,1,130.44,2025/1/6 0:00,2099/12/31 23:59,0,0,0,,2025/1/6 0:00,0,2025/1/6 0:00,0
,3369,734,oz,1,130.44,2025/1/6 0:00,2099/12/31 23:59,0,0,0,,2025/1/6 0:00,0,2025/1/6 0:00,0
,3369,735,oz,1,130.44,2025/1/6 0:00,2099/12/31 23:59,0,0,0,,2025/1/6 0:00,0,2025/1/6 0:00,0
,3369,736,oz,1,130.44,2025/1/6 0:00,2099/12/31 23:59,0,0,0,,2025/1/6 0:00,0,2025/1/6 0:00,0
,3369,737,oz,1,132.33,2025/1/6 0:00,2099/12/31 23:59,0,0,0,,2025/1/6 0:00,0,2025/1/6 0:00,0
,3369,738,oz,1,132.33,2025/1/6 0:00,2099/12/31 23:59,0,0,0,,2025/1/6 0:00,0,2025/1/6 0:00,0
,3369,739,oz,1,132.33,2025/1/6 0:00,2099/12/31 23:59,0,0,0,,2025/1/6 0:00,0,2025/1/6 0:00,0
,3369,740,oz,1,132.33,2025/1/6 0:00,2099/12/31 23:59,0,0,0,,2025/1/6 0:00,0,2025/1/6 0:00,0
,3369,741,oz,1,132.33,2025/1/6 0:00,2099/12/31 23:59,0,0,0,,2025/1/6 0:00,0,2025/1/6 0:00,0
,3369,742,oz,1,132.33,2025/1/6 0:00,2099/12/31 23:59,0,0,0,,2025/1/6 0:00,0,2025/1/6 0:00,0
,3369,743,oz,1,132.33,2025/1/6 0:00,2099/12/31 23:59,0,0,0,,2025/1/6 0:00,0,2025/1/6 0:00,0
,3369,744,oz,1,132.33,2025/1/6 0:00,2099/12/31 23:59,0,0,0,,2025/1/6 0:00,0,2025/1/6 0:00,0
,3369,745,oz,1,132.33,2025/1/6 0:00,2099/12/31 23:59,0,0,0,,2025/1/6 0:00,0,2025/1/6 0:00,0
,3369,746,oz,1,132.33,2025/1/6 0:00,2099/12/31 23:59,0,0,0,,2025/1/6 0:00,0,2025/1/6 0:00,0
,3369,747,oz,1,132.33,2025/1/6 0:00,2099/12/31 23:59,0,0,0,,2025/1/6 0:00,0,2025/1/6 0:00,0
,3369,748,oz,1,132.33,2025/1/6 0:00,2099/12/31 23:59,0,0,0,,2025/1/6 0:00,0,2025/1/6 0:00,0
,3369,749,oz,1,132.33,2025/1/6 0:00,2099/12/31 23:59,0,0,0,,2025/1/6 0:00,0,2025/1/6 0:00,0
,3369,750,oz,1,132.33,2025/1/6 0:00,2099/12/31 23:59,0,0,0,,2025/1/6 0:00,0,2025/1/6 0:00,0
,3369,751,oz,1,132.33,2025/1/6 0:00,2099/12/31 23:59,0,0,0,,2025/1/6 0:00,0,2025/1/6 0:00,0
,3369,752,oz,1,132.33,2025/1/6 0:00,2099/12/31 23:59,0,0,0,,2025/1/6 0:00,0,2025/1/6 0:00,0
,3369,753,oz,1,134.24,2025/1/6 0:00,2099/12/31 23:59,0,0,0,,2025/1/6 0:00,0,2025/1/6 0:00,0
,3369,754,oz,1,134.24,2025/1/6 0:00,2099/12/31 23:59,0,0,0,,2025/1/6 0:00,0,2025/1/6 0:00,0
,3369,755,oz,1,134.24,2025/1/6 0:00,2099/12/31 23:59,0,0,0,,2025/1/6 0:00,0,2025/1/6 0:00,0
,3369,756,oz,1,134.24,2025/1/6 0:00,2099/12/31 23:59,0,0,0,,2025/1/6 0:00,0,2025/1/6 0:00,0
,3369,757,oz,1,134.24,2025/1/6 0:00,2099/12/31 23:59,0,0,0,,2025/1/6 0:00,0,2025/1/6 0:00,0
,3369,758,oz,1,134.24,2025/1/6 0:00,2099/12/31 23:59,0,0,0,,2025/1/6 0:00,0,2025/1/6 0:00,0
,3369,759,oz,1,134.24,2025/1/6 0:00,2099/12/31 23:59,0,0,0,,2025/1/6 0:00,0,2025/1/6 0:00,0
,3369,760,oz,1,134.24,2025/1/6 0:00,2099/12/31 23:59,0,0,0,,2025/1/6 0:00,0,2025/1/6 0:00,0
,3369,761,oz,1,134.24,2025/1/6 0:00,2099/12/31 23:59,0,0,0,,2025/1/6 0:00,0,2025/1/6 0:00,0
,3369,762,oz,1,134.24,2025/1/6 0:00,2099/12/31 23:59,0,0,0,,2025/1/6 0:00,0,2025/1/6 0:00,0
,3369,763,oz,1,134.24,2025/1/6 0:00,2099/12/31 23:59,0,0,0,,2025/1/6 0:00,0,2025/1/6 0:00,0
,3369,764,oz,1,134.24,2025/1/6 0:00,2099/12/31 23:59,0,0,0,,2025/1/6 0:00,0,2025/1/6 0:00,0
,3369,765,oz,1,134.24,2025/1/6 0:00,2099/12/31 23:59,0,0,0,,2025/1/6 0:00,0,2025/1/6 0:00,0
,3369,766,oz,1,134.24,2025/1/6 0:00,2099/12/31 23:59,0,0,0,,2025/1/6 0:00,0,2025/1/6 0:00,0
,3369,767,oz,1,134.24,2025/1/6 0:00,2099/12/31 23:59,0,0,0,,2025/1/6 0:00,0,2025/1/6 0:00,0
,3369,768,oz,1,134.24,2025/1/6 0:00,2099/12/31 23:59,0,0,0,,2025/1/6 0:00,0,2025/1/6 0:00,0
,3369,769,oz,1,136.14,2025/1/6 0:00,2099/12/31 23:59,0,0,0,,2025/1/6 0:00,0,2025/1/6 0:00,0
,3369,770,oz,1,136.14,2025/1/6 0:00,2099/12/31 23:59,0,0,0,,2025/1/6 0:00,0,2025/1/6 0:00,0
,3369,771,oz,1,136.14,2025/1/6 0:00,2099/12/31 23:59,0,0,0,,2025/1/6 0:00,0,2025/1/6 0:00,0
,3369,772,oz,1,136.14,2025/1/6 0:00,2099/12/31 23:59,0,0,0,,2025/1/6 0:00,0,2025/1/6 0:00,0
,3369,773,oz,1,136.14,2025/1/6 0:00,2099/12/31 23:59,0,0,0,,2025/1/6 0:00,0,2025/1/6 0:00,0
,3369,774,oz,1,136.14,2025/1/6 0:00,2099/12/31 23:59,0,0,0,,2025/1/6 0:00,0,2025/1/6 0:00,0
,3369,775,oz,1,136.14,2025/1/6 0:00,2099/12/31 23:59,0,0,0,,2025/1/6 0:00,0,2025/1/6 0:00,0
,3369,776,oz,1,136.14,2025/1/6 0:00,2099/12/31 23:59,0,0,0,,2025/1/6 0:00,0,2025/1/6 0:00,0
,3369,777,oz,1,136.14,2025/1/6 0:00,2099/12/31 23:59,0,0,0,,2025/1/6 0:00,0,2025/1/6 0:00,0
,3369,778,oz,1,136.14,2025/1/6 0:00,2099/12/31 23:59,0,0,0,,2025/1/6 0:00,0,2025/1/6 0:00,0
,3369,779,oz,1,136.14,2025/1/6 0:00,2099/12/31 23:59,0,0,0,,2025/1/6 0:00,0,2025/1/6 0:00,0
,3369,780,oz,1,136.14,2025/1/6 0:00,2099/12/31 23:59,0,0,0,,2025/1/6 0:00,0,2025/1/6 0:00,0
,3369,781,oz,1,136.14,2025/1/6 0:00,2099/12/31 23:59,0,0,0,,2025/1/6 0:00,0,2025/1/6 0:00,0
,3369,782,oz,1,136.14,2025/1/6 0:00,2099/12/31 23:59,0,0,0,,2025/1/6 0:00,0,2025/1/6 0:00,0
,3369,783,oz,1,136.14,2025/1/6 0:00,2099/12/31 23:59,0,0,0,,2025/1/6 0:00,0,2025/1/6 0:00,0
,3369,784,oz,1,136.14,2025/1/6 0:00,2099/12/31 23:59,0,0,0,,2025/1/6 0:00,0,2025/1/6 0:00,0
,3369,785,oz,1,138.04,2025/1/6 0:00,2099/12/31 23:59,0,0,0,,2025/1/6 0:00,0,2025/1/6 0:00,0
,3369,786,oz,1,138.04,2025/1/6 0:00,2099/12/31 23:59,0,0,0,,2025/1/6 0:00,0,2025/1/6 0:00,0
,3369,787,oz,1,138.04,2025/1/6 0:00,2099/12/31 23:59,0,0,0,,2025/1/6 0:00,0,2025/1/6 0:00,0
,3369,788,oz,1,138.04,2025/1/6 0:00,2099/12/31 23:59,0,0,0,,2025/1/6 0:00,0,2025/1/6 0:00,0
,3369,789,oz,1,138.04,2025/1/6 0:00,2099/12/31 23:59,0,0,0,,2025/1/6 0:00,0,2025/1/6 0:00,0
,3369,790,oz,1,138.04,2025/1/6 0:00,2099/12/31 23:59,0,0,0,,2025/1/6 0:00,0,2025/1/6 0:00,0
,3369,791,oz,1,138.04,2025/1/6 0:00,2099/12/31 23:59,0,0,0,,2025/1/6 0:00,0,2025/1/6 0:00,0
,3369,792,oz,1,138.04,2025/1/6 0:00,2099/12/31 23:59,0,0,0,,2025/1/6 0:00,0,2025/1/6 0:00,0
,3369,793,oz,1,138.04,2025/1/6 0:00,2099/12/31 23:59,0,0,0,,2025/1/6 0:00,0,2025/1/6 0:00,0
,3369,794,oz,1,138.04,2025/1/6 0:00,2099/12/31 23:59,0,0,0,,2025/1/6 0:00,0,2025/1/6 0:00,0
,3369,795,oz,1,138.04,2025/1/6 0:00,2099/12/31 23:59,0,0,0,,2025/1/6 0:00,0,2025/1/6 0:00,0
,3369,796,oz,1,138.04,2025/1/6 0:00,2099/12/31 23:59,0,0,0,,2025/1/6 0:00,0,2025/1/6 0:00,0
,3369,797,oz,1,138.04,2025/1/6 0:00,2099/12/31 23:59,0,0,0,,2025/1/6 0:00,0,2025/1/6 0:00,0
,3369,798,oz,1,138.04,2025/1/6 0:00,2099/12/31 23:59,0,0,0,,2025/1/6 0:00,0,2025/1/6 0:00,0
,3369,799,oz,1,138.04,2025/1/6 0:00,2099/12/31 23:59,0,0,0,,2025/1/6 0:00,0,2025/1/6 0:00,0
,3369,800,oz,1,138.04,2025/1/6 0:00,2099/12/31 23:59,0,0,0,,2025/1/6 0:00,0,2025/1/6 0:00,0
,3369,801,oz,1,139.99,2025/1/6 0:00,2099/12/31 23:59,0,0,0,,2025/1/6 0:00,0,2025/1/6 0:00,0
,3369,802,oz,1,139.99,2025/1/6 0:00,2099/12/31 23:59,0,0,0,,2025/1/6 0:00,0,2025/1/6 0:00,0
,3369,803,oz,1,139.99,2025/1/6 0:00,2099/12/31 23:59,0,0,0,,2025/1/6 0:00,0,2025/1/6 0:00,0
,3369,804,oz,1,139.99,2025/1/6 0:00,2099/12/31 23:59,0,0,0,,2025/1/6 0:00,0,2025/1/6 0:00,0
,3369,805,oz,1,139.99,2025/1/6 0:00,2099/12/31 23:59,0,0,0,,2025/1/6 0:00,0,2025/1/6 0:00,0
,3369,806,oz,1,139.99,2025/1/6 0:00,2099/12/31 23:59,0,0,0,,2025/1/6 0:00,0,2025/1/6 0:00,0
,3369,807,oz,1,139.99,2025/1/6 0:00,2099/12/31 23:59,0,0,0,,2025/1/6 0:00,0,2025/1/6 0:00,0
,3369,808,oz,1,139.99,2025/1/6 0:00,2099/12/31 23:59,0,0,0,,2025/1/6 0:00,0,2025/1/6 0:00,0
,3369,809,oz,1,139.99,2025/1/6 0:00,2099/12/31 23:59,0,0,0,,2025/1/6 0:00,0,2025/1/6 0:00,0
,3369,810,oz,1,139.99,2025/1/6 0:00,2099/12/31 23:59,0,0,0,,2025/1/6 0:00,0,2025/1/6 0:00,0
,3369,811,oz,1,139.99,2025/1/6 0:00,2099/12/31 23:59,0,0,0,,2025/1/6 0:00,0,2025/1/6 0:00,0
,3369,812,oz,1,139.99,2025/1/6 0:00,2099/12/31 23:59,0,0,0,,2025/1/6 0:00,0,2025/1/6 0:00,0
,3369,813,oz,1,139.99,2025/1/6 0:00,2099/12/31 23:59,0,0,0,,2025/1/6 0:00,0,2025/1/6 0:00,0
,3369,814,oz,1,139.99,2025/1/6 0:00,2099/12/31 23:59,0,0,0,,2025/1/6 0:00,0,2025/1/6 0:00,0
,3369,815,oz,1,139.99,2025/1/6 0:00,2099/12/31 23:59,0,0,0,,2025/1/6 0:00,0,2025/1/6 0:00,0
,3369,816,oz,1,139.99,2025/1/6 0:00,2099/12/31 23:59,0,0,0,,2025/1/6 0:00,0,2025/1/6 0:00,0
,3369,817,oz,1,141.92,2025/1/6 0:00,2099/12/31 23:59,0,0,0,,2025/1/6 0:00,0,2025/1/6 0:00,0
,3369,818,oz,1,141.92,2025/1/6 0:00,2099/12/31 23:59,0,0,0,,2025/1/6 0:00,0,2025/1/6 0:00,0
,3369,819,oz,1,141.92,2025/1/6 0:00,2099/12/31 23:59,0,0,0,,2025/1/6 0:00,0,2025/1/6 0:00,0
,3369,820,oz,1,141.92,2025/1/6 0:00,2099/12/31 23:59,0,0,0,,2025/1/6 0:00,0,2025/1/6 0:00,0
,3369,821,oz,1,141.92,2025/1/6 0:00,2099/12/31 23:59,0,0,0,,2025/1/6 0:00,0,2025/1/6 0:00,0
,3369,822,oz,1,141.92,2025/1/6 0:00,2099/12/31 23:59,0,0,0,,2025/1/6 0:00,0,2025/1/6 0:00,0
,3369,823,oz,1,141.92,2025/1/6 0:00,2099/12/31 23:59,0,0,0,,2025/1/6 0:00,0,2025/1/6 0:00,0
,3369,824,oz,1,141.92,2025/1/6 0:00,2099/12/31 23:59,0,0,0,,2025/1/6 0:00,0,2025/1/6 0:00,0
,3369,825,oz,1,141.92,2025/1/6 0:00,2099/12/31 23:59,0,0,0,,2025/1/6 0:00,0,2025/1/6 0:00,0
,3369,826,oz,1,141.92,2025/1/6 0:00,2099/12/31 23:59,0,0,0,,2025/1/6 0:00,0,2025/1/6 0:00,0
,3369,827,oz,1,141.92,2025/1/6 0:00,2099/12/31 23:59,0,0,0,,2025/1/6 0:00,0,2025/1/6 0:00,0
,3369,828,oz,1,141.92,2025/1/6 0:00,2099/12/31 23:59,0,0,0,,2025/1/6 0:00,0,2025/1/6 0:00,0
,3369,829,oz,1,141.92,2025/1/6 0:00,2099/12/31 23:59,0,0,0,,2025/1/6 0:00,0,2025/1/6 0:00,0
,3369,830,oz,1,141.92,2025/1/6 0:00,2099/12/31 23:59,0,0,0,,2025/1/6 0:00,0,2025/1/6 0:00,0
,3369,831,oz,1,141.92,2025/1/6 0:00,2099/12/31 23:59,0,0,0,,2025/1/6 0:00,0,2025/1/6 0:00,0
,3369,832,oz,1,141.92,2025/1/6 0:00,2099/12/31 23:59,0,0,0,,2025/1/6 0:00,0,2025/1/6 0:00,0
,3369,833,oz,1,143.86,2025/1/6 0:00,2099/12/31 23:59,0,0,0,,2025/1/6 0:00,0,2025/1/6 0:00,0
,3369,834,oz,1,143.86,2025/1/6 0:00,2099/12/31 23:59,0,0,0,,2025/1/6 0:00,0,2025/1/6 0:00,0
,3369,835,oz,1,143.86,2025/1/6 0:00,2099/12/31 23:59,0,0,0,,2025/1/6 0:00,0,2025/1/6 0:00,0
,3369,836,oz,1,143.86,2025/1/6 0:00,2099/12/31 23:59,0,0,0,,2025/1/6 0:00,0,2025/1/6 0:00,0
,3369,837,oz,1,143.86,2025/1/6 0:00,2099/12/31 23:59,0,0,0,,2025/1/6 0:00,0,2025/1/6 0:00,0
,3369,838,oz,1,143.86,2025/1/6 0:00,2099/12/31 23:59,0,0,0,,2025/1/6 0:00,0,2025/1/6 0:00,0
,3369,839,oz,1,143.86,2025/1/6 0:00,2099/12/31 23:59,0,0,0,,2025/1/6 0:00,0,2025/1/6 0:00,0
,3369,840,oz,1,143.86,2025/1/6 0:00,2099/12/31 23:59,0,0,0,,2025/1/6 0:00,0,2025/1/6 0:00,0
,3369,841,oz,1,143.86,2025/1/6 0:00,2099/12/31 23:59,0,0,0,,2025/1/6 0:00,0,2025/1/6 0:00,0
,3369,842,oz,1,143.86,2025/1/6 0:00,2099/12/31 23:59,0,0,0,,2025/1/6 0:00,0,2025/1/6 0:00,0
,3369,843,oz,1,143.86,2025/1/6 0:00,2099/12/31 23:59,0,0,0,,2025/1/6 0:00,0,2025/1/6 0:00,0
,3369,844,oz,1,143.86,2025/1/6 0:00,2099/12/31 23:59,0,0,0,,2025/1/6 0:00,0,2025/1/6 0:00,0
,3369,845,oz,1,143.86,2025/1/6 0:00,2099/12/31 23:59,0,0,0,,2025/1/6 0:00,0,2025/1/6 0:00,0
,3369,846,oz,1,143.86,2025/1/6 0:00,2099/12/31 23:59,0,0,0,,2025/1/6 0:00,0,2025/1/6 0:00,0
,3369,847,oz,1,143.86,2025/1/6 0:00,2099/12/31 23:59,0,0,0,,2025/1/6 0:00,0,2025/1/6 0:00,0
,3369,848,oz,1,143.86,2025/1/6 0:00,2099/12/31 23:59,0,0,0,,2025/1/6 0:00,0,2025/1/6 0:00,0
,3369,849,oz,1,145.81,2025/1/6 0:00,2099/12/31 23:59,0,0,0,,2025/1/6 0:00,0,2025/1/6 0:00,0
,3369,850,oz,1,145.81,2025/1/6 0:00,2099/12/31 23:59,0,0,0,,2025/1/6 0:00,0,2025/1/6 0:00,0
,3369,851,oz,1,145.81,2025/1/6 0:00,2099/12/31 23:59,0,0,0,,2025/1/6 0:00,0,2025/1/6 0:00,0
,3369,852,oz,1,145.81,2025/1/6 0:00,2099/12/31 23:59,0,0,0,,2025/1/6 0:00,0,2025/1/6 0:00,0
,3369,853,oz,1,145.81,2025/1/6 0:00,2099/12/31 23:59,0,0,0,,2025/1/6 0:00,0,2025/1/6 0:00,0
,3369,854,oz,1,145.81,2025/1/6 0:00,2099/12/31 23:59,0,0,0,,2025/1/6 0:00,0,2025/1/6 0:00,0
,3369,855,oz,1,145.81,2025/1/6 0:00,2099/12/31 23:59,0,0,0,,2025/1/6 0:00,0,2025/1/6 0:00,0
,3369,856,oz,1,145.81,2025/1/6 0:00,2099/12/31 23:59,0,0,0,,2025/1/6 0:00,0,2025/1/6 0:00,0
,3369,857,oz,1,145.81,2025/1/6 0:00,2099/12/31 23:59,0,0,0,,2025/1/6 0:00,0,2025/1/6 0:00,0
,3369,858,oz,1,145.81,2025/1/6 0:00,2099/12/31 23:59,0,0,0,,2025/1/6 0:00,0,2025/1/6 0:00,0
,3369,859,oz,1,145.81,2025/1/6 0:00,2099/12/31 23:59,0,0,0,,2025/1/6 0:00,0,2025/1/6 0:00,0
,3369,860,oz,1,145.81,2025/1/6 0:00,2099/12/31 23:59,0,0,0,,2025/1/6 0:00,0,2025/1/6 0:00,0
,3369,861,oz,1,145.81,2025/1/6 0:00,2099/12/31 23:59,0,0,0,,2025/1/6 0:00,0,2025/1/6 0:00,0
,3369,862,oz,1,145.81,2025/1/6 0:00,2099/12/31 23:59,0,0,0,,2025/1/6 0:00,0,2025/1/6 0:00,0
,3369,863,oz,1,145.81,2025/1/6 0:00,2099/12/31 23:59,0,0,0,,2025/1/6 0:00,0,2025/1/6 0:00,0
,3369,864,oz,1,145.81,2025/1/6 0:00,2099/12/31 23:59,0,0,0,,2025/1/6 0:00,0,2025/1/6 0:00,0
,3369,865,oz,1,147.74,2025/1/6 0:00,2099/12/31 23:59,0,0,0,,2025/1/6 0:00,0,2025/1/6 0:00,0
,3369,866,oz,1,147.74,2025/1/6 0:00,2099/12/31 23:59,0,0,0,,2025/1/6 0:00,0,2025/1/6 0:00,0
,3369,867,oz,1,147.74,2025/1/6 0:00,2099/12/31 23:59,0,0,0,,2025/1/6 0:00,0,2025/1/6 0:00,0
,3369,868,oz,1,147.74,2025/1/6 0:00,2099/12/31 23:59,0,0,0,,2025/1/6 0:00,0,2025/1/6 0:00,0
,3369,869,oz,1,147.74,2025/1/6 0:00,2099/12/31 23:59,0,0,0,,2025/1/6 0:00,0,2025/1/6 0:00,0
,3369,870,oz,1,147.74,2025/1/6 0:00,2099/12/31 23:59,0,0,0,,2025/1/6 0:00,0,2025/1/6 0:00,0
,3369,871,oz,1,147.74,2025/1/6 0:00,2099/12/31 23:59,0,0,0,,2025/1/6 0:00,0,2025/1/6 0:00,0
,3369,872,oz,1,147.74,2025/1/6 0:00,2099/12/31 23:59,0,0,0,,2025/1/6 0:00,0,2025/1/6 0:00,0
,3369,873,oz,1,147.74,2025/1/6 0:00,2099/12/31 23:59,0,0,0,,2025/1/6 0:00,0,2025/1/6 0:00,0
,3369,874,oz,1,147.74,2025/1/6 0:00,2099/12/31 23:59,0,0,0,,2025/1/6 0:00,0,2025/1/6 0:00,0
,3369,875,oz,1,147.74,2025/1/6 0:00,2099/12/31 23:59,0,0,0,,2025/1/6 0:00,0,2025/1/6 0:00,0
,3369,876,oz,1,147.74,2025/1/6 0:00,2099/12/31 23:59,0,0,0,,2025/1/6 0:00,0,2025/1/6 0:00,0
,3369,877,oz,1,147.74,2025/1/6 0:00,2099/12/31 23:59,0,0,0,,2025/1/6 0:00,0,2025/1/6 0:00,0
,3369,878,oz,1,147.74,2025/1/6 0:00,2099/12/31 23:59,0,0,0,,2025/1/6 0:00,0,2025/1/6 0:00,0
,3369,879,oz,1,147.74,2025/1/6 0:00,2099/12/31 23:59,0,0,0,,2025/1/6 0:00,0,2025/1/6 0:00,0
,3369,880,oz,1,147.74,2025/1/6 0:00,2099/12/31 23:59,0,0,0,,2025/1/6 0:00,0,2025/1/6 0:00,0
,3369,881,oz,1,149.66,2025/1/6 0:00,2099/12/31 23:59,0,0,0,,2025/1/6 0:00,0,2025/1/6 0:00,0
,3369,882,oz,1,149.66,2025/1/6 0:00,2099/12/31 23:59,0,0,0,,2025/1/6 0:00,0,2025/1/6 0:00,0
,3369,883,oz,1,149.66,2025/1/6 0:00,2099/12/31 23:59,0,0,0,,2025/1/6 0:00,0,2025/1/6 0:00,0
,3369,884,oz,1,149.66,2025/1/6 0:00,2099/12/31 23:59,0,0,0,,2025/1/6 0:00,0,2025/1/6 0:00,0
,3369,885,oz,1,149.66,2025/1/6 0:00,2099/12/31 23:59,0,0,0,,2025/1/6 0:00,0,2025/1/6 0:00,0
,3369,886,oz,1,149.66,2025/1/6 0:00,2099/12/31 23:59,0,0,0,,2025/1/6 0:00,0,2025/1/6 0:00,0
,3369,887,oz,1,149.66,2025/1/6 0:00,2099/12/31 23:59,0,0,0,,2025/1/6 0:00,0,2025/1/6 0:00,0
,3369,888,oz,1,149.66,2025/1/6 0:00,2099/12/31 23:59,0,0,0,,2025/1/6 0:00,0,2025/1/6 0:00,0
,3369,889,oz,1,149.66,2025/1/6 0:00,2099/12/31 23:59,0,0,0,,2025/1/6 0:00,0,2025/1/6 0:00,0
,3369,890,oz,1,149.66,2025/1/6 0:00,2099/12/31 23:59,0,0,0,,2025/1/6 0:00,0,2025/1/6 0:00,0
,3369,891,oz,1,149.66,2025/1/6 0:00,2099/12/31 23:59,0,0,0,,2025/1/6 0:00,0,2025/1/6 0:00,0
,3369,892,oz,1,149.66,2025/1/6 0:00,2099/12/31 23:59,0,0,0,,2025/1/6 0:00,0,2025/1/6 0:00,0
,3369,893,oz,1,149.66,2025/1/6 0:00,2099/12/31 23:59,0,0,0,,2025/1/6 0:00,0,2025/1/6 0:00,0
,3369,894,oz,1,149.66,2025/1/6 0:00,2099/12/31 23:59,0,0,0,,2025/1/6 0:00,0,2025/1/6 0:00,0
,3369,895,oz,1,149.66,2025/1/6 0:00,2099/12/31 23:59,0,0,0,,2025/1/6 0:00,0,2025/1/6 0:00,0
,3369,896,oz,1,149.66,2025/1/6 0:00,2099/12/31 23:59,0,0,0,,2025/1/6 0:00,0,2025/1/6 0:00,0
,3369,897,oz,1,151.61,2025/1/6 0:00,2099/12/31 23:59,0,0,0,,2025/1/6 0:00,0,2025/1/6 0:00,0
,3369,898,oz,1,151.61,2025/1/6 0:00,2099/12/31 23:59,0,0,0,,2025/1/6 0:00,0,2025/1/6 0:00,0
,3369,899,oz,1,151.61,2025/1/6 0:00,2099/12/31 23:59,0,0,0,,2025/1/6 0:00,0,2025/1/6 0:00,0
,3369,900,oz,1,151.61,2025/1/6 0:00,2099/12/31 23:59,0,0,0,,2025/1/6 0:00,0,2025/1/6 0:00,0
,3369,901,oz,1,151.61,2025/1/6 0:00,2099/12/31 23:59,0,0,0,,2025/1/6 0:00,0,2025/1/6 0:00,0
,3369,902,oz,1,151.61,2025/1/6 0:00,2099/12/31 23:59,0,0,0,,2025/1/6 0:00,0,2025/1/6 0:00,0
,3369,903,oz,1,151.61,2025/1/6 0:00,2099/12/31 23:59,0,0,0,,2025/1/6 0:00,0,2025/1/6 0:00,0
,3369,904,oz,1,151.61,2025/1/6 0:00,2099/12/31 23:59,0,0,0,,2025/1/6 0:00,0,2025/1/6 0:00,0
,3369,905,oz,1,151.61,2025/1/6 0:00,2099/12/31 23:59,0,0,0,,2025/1/6 0:00,0,2025/1/6 0:00,0
,3369,906,oz,1,151.61,2025/1/6 0:00,2099/12/31 23:59,0,0,0,,2025/1/6 0:00,0,2025/1/6 0:00,0
,3369,907,oz,1,151.61,2025/1/6 0:00,2099/12/31 23:59,0,0,0,,2025/1/6 0:00,0,2025/1/6 0:00,0
,3369,908,oz,1,151.61,2025/1/6 0:00,2099/12/31 23:59,0,0,0,,2025/1/6 0:00,0,2025/1/6 0:00,0
,3369,909,oz,1,151.61,2025/1/6 0:00,2099/12/31 23:59,0,0,0,,2025/1/6 0:00,0,2025/1/6 0:00,0
,3369,910,oz,1,151.61,2025/1/6 0:00,2099/12/31 23:59,0,0,0,,2025/1/6 0:00,0,2025/1/6 0:00,0
,3369,911,oz,1,151.61,2025/1/6 0:00,2099/12/31 23:59,0,0,0,,2025/1/6 0:00,0,2025/1/6 0:00,0
,3369,912,oz,1,151.61,2025/1/6 0:00,2099/12/31 23:59,0,0,0,,2025/1/6 0:00,0,2025/1/6 0:00,0
,3369,913,oz,1,153.55,2025/1/6 0:00,2099/12/31 23:59,0,0,0,,2025/1/6 0:00,0,2025/1/6 0:00,0
,3369,914,oz,1,153.55,2025/1/6 0:00,2099/12/31 23:59,0,0,0,,2025/1/6 0:00,0,2025/1/6 0:00,0
,3369,915,oz,1,153.55,2025/1/6 0:00,2099/12/31 23:59,0,0,0,,2025/1/6 0:00,0,2025/1/6 0:00,0
,3369,916,oz,1,153.55,2025/1/6 0:00,2099/12/31 23:59,0,0,0,,2025/1/6 0:00,0,2025/1/6 0:00,0
,3369,917,oz,1,153.55,2025/1/6 0:00,2099/12/31 23:59,0,0,0,,2025/1/6 0:00,0,2025/1/6 0:00,0
,3369,918,oz,1,153.55,2025/1/6 0:00,2099/12/31 23:59,0,0,0,,2025/1/6 0:00,0,2025/1/6 0:00,0
,3369,919,oz,1,153.55,2025/1/6 0:00,2099/12/31 23:59,0,0,0,,2025/1/6 0:00,0,2025/1/6 0:00,0
,3369,920,oz,1,153.55,2025/1/6 0:00,2099/12/31 23:59,0,0,0,,2025/1/6 0:00,0,2025/1/6 0:00,0
,3369,921,oz,1,153.55,2025/1/6 0:00,2099/12/31 23:59,0,0,0,,2025/1/6 0:00,0,2025/1/6 0:00,0
,3369,922,oz,1,153.55,2025/1/6 0:00,2099/12/31 23:59,0,0,0,,2025/1/6 0:00,0,2025/1/6 0:00,0
,3369,923,oz,1,153.55,2025/1/6 0:00,2099/12/31 23:59,0,0,0,,2025/1/6 0:00,0,2025/1/6 0:00,0
,3369,924,oz,1,153.55,2025/1/6 0:00,2099/12/31 23:59,0,0,0,,2025/1/6 0:00,0,2025/1/6 0:00,0
,3369,925,oz,1,153.55,2025/1/6 0:00,2099/12/31 23:59,0,0,0,,2025/1/6 0:00,0,2025/1/6 0:00,0
,3369,926,oz,1,153.55,2025/1/6 0:00,2099/12/31 23:59,0,0,0,,2025/1/6 0:00,0,2025/1/6 0:00,0
,3369,927,oz,1,153.55,2025/1/6 0:00,2099/12/31 23:59,0,0,0,,2025/1/6 0:00,0,2025/1/6 0:00,0
,3369,928,oz,1,153.55,2025/1/6 0:00,2099/12/31 23:59,0,0,0,,2025/1/6 0:00,0,2025/1/6 0:00,0
,3369,929,oz,1,155.49,2025/1/6 0:00,2099/12/31 23:59,0,0,0,,2025/1/6 0:00,0,2025/1/6 0:00,0
,3369,930,oz,1,155.49,2025/1/6 0:00,2099/12/31 23:59,0,0,0,,2025/1/6 0:00,0,2025/1/6 0:00,0
,3369,931,oz,1,155.49,2025/1/6 0:00,2099/12/31 23:59,0,0,0,,2025/1/6 0:00,0,2025/1/6 0:00,0
,3369,932,oz,1,155.49,2025/1/6 0:00,2099/12/31 23:59,0,0,0,,2025/1/6 0:00,0,2025/1/6 0:00,0
,3369,933,oz,1,155.49,2025/1/6 0:00,2099/12/31 23:59,0,0,0,,2025/1/6 0:00,0,2025/1/6 0:00,0
,3369,934,oz,1,155.49,2025/1/6 0:00,2099/12/31 23:59,0,0,0,,2025/1/6 0:00,0,2025/1/6 0:00,0
,3369,935,oz,1,155.49,2025/1/6 0:00,2099/12/31 23:59,0,0,0,,2025/1/6 0:00,0,2025/1/6 0:00,0
,3369,936,oz,1,155.49,2025/1/6 0:00,2099/12/31 23:59,0,0,0,,2025/1/6 0:00,0,2025/1/6 0:00,0
,3369,937,oz,1,155.49,2025/1/6 0:00,2099/12/31 23:59,0,0,0,,2025/1/6 0:00,0,2025/1/6 0:00,0
,3369,938,oz,1,155.49,2025/1/6 0:00,2099/12/31 23:59,0,0,0,,2025/1/6 0:00,0,2025/1/6 0:00,0
,3369,939,oz,1,155.49,2025/1/6 0:00,2099/12/31 23:59,0,0,0,,2025/1/6 0:00,0,2025/1/6 0:00,0
,3369,940,oz,1,155.49,2025/1/6 0:00,2099/12/31 23:59,0,0,0,,2025/1/6 0:00,0,2025/1/6 0:00,0
,3369,941,oz,1,155.49,2025/1/6 0:00,2099/12/31 23:59,0,0,0,,2025/1/6 0:00,0,2025/1/6 0:00,0
,3369,942,oz,1,155.49,2025/1/6 0:00,2099/12/31 23:59,0,0,0,,2025/1/6 0:00,0,2025/1/6 0:00,0
,3369,943,oz,1,155.49,2025/1/6 0:00,2099/12/31 23:59,0,0,0,,2025/1/6 0:00,0,2025/1/6 0:00,0
,3369,944,oz,1,155.49,2025/1/6 0:00,2099/12/31 23:59,0,0,0,,2025/1/6 0:00,0,2025/1/6 0:00,0
,3369,945,oz,1,157.42,2025/1/6 0:00,2099/12/31 23:59,0,0,0,,2025/1/6 0:00,0,2025/1/6 0:00,0
,3369,946,oz,1,157.42,2025/1/6 0:00,2099/12/31 23:59,0,0,0,,2025/1/6 0:00,0,2025/1/6 0:00,0
,3369,947,oz,1,157.42,2025/1/6 0:00,2099/12/31 23:59,0,0,0,,2025/1/6 0:00,0,2025/1/6 0:00,0
,3369,948,oz,1,157.42,2025/1/6 0:00,2099/12/31 23:59,0,0,0,,2025/1/6 0:00,0,2025/1/6 0:00,0
,3369,949,oz,1,157.42,2025/1/6 0:00,2099/12/31 23:59,0,0,0,,2025/1/6 0:00,0,2025/1/6 0:00,0
,3369,950,oz,1,157.42,2025/1/6 0:00,2099/12/31 23:59,0,0,0,,2025/1/6 0:00,0,2025/1/6 0:00,0
,3369,951,oz,1,157.42,2025/1/6 0:00,2099/12/31 23:59,0,0,0,,2025/1/6 0:00,0,2025/1/6 0:00,0
,3369,952,oz,1,157.42,2025/1/6 0:00,2099/12/31 23:59,0,0,0,,2025/1/6 0:00,0,2025/1/6 0:00,0
,3369,953,oz,1,157.42,2025/1/6 0:00,2099/12/31 23:59,0,0,0,,2025/1/6 0:00,0,2025/1/6 0:00,0
,3369,954,oz,1,157.42,2025/1/6 0:00,2099/12/31 23:59,0,0,0,,2025/1/6 0:00,0,2025/1/6 0:00,0
,3369,955,oz,1,157.42,2025/1/6 0:00,2099/12/31 23:59,0,0,0,,2025/1/6 0:00,0,2025/1/6 0:00,0
,3369,956,oz,1,157.42,2025/1/6 0:00,2099/12/31 23:59,0,0,0,,2025/1/6 0:00,0,2025/1/6 0:00,0
,3369,957,oz,1,157.42,2025/1/6 0:00,2099/12/31 23:59,0,0,0,,2025/1/6 0:00,0,2025/1/6 0:00,0
,3369,958,oz,1,157.42,2025/1/6 0:00,2099/12/31 23:59,0,0,0,,2025/1/6 0:00,0,2025/1/6 0:00,0
,3369,959,oz,1,157.42,2025/1/6 0:00,2099/12/31 23:59,0,0,0,,2025/1/6 0:00,0,2025/1/6 0:00,0
,3369,960,oz,1,157.42,2025/1/6 0:00,2099/12/31 23:59,0,0,0,,2025/1/6 0:00,0,2025/1/6 0:00,0
,3369,961,oz,1,158.85,2025/1/6 0:00,2099/12/31 23:59,0,0,0,,2025/1/6 0:00,0,2025/1/6 0:00,0
,3369,962,oz,1,158.85,2025/1/6 0:00,2099/12/31 23:59,0,0,0,,2025/1/6 0:00,0,2025/1/6 0:00,0
,3369,963,oz,1,158.85,2025/1/6 0:00,2099/12/31 23:59,0,0,0,,2025/1/6 0:00,0,2025/1/6 0:00,0
,3369,964,oz,1,158.85,2025/1/6 0:00,2099/12/31 23:59,0,0,0,,2025/1/6 0:00,0,2025/1/6 0:00,0
,3369,965,oz,1,158.85,2025/1/6 0:00,2099/12/31 23:59,0,0,0,,2025/1/6 0:00,0,2025/1/6 0:00,0
,3369,966,oz,1,158.85,2025/1/6 0:00,2099/12/31 23:59,0,0,0,,2025/1/6 0:00,0,2025/1/6 0:00,0
,3369,967,oz,1,158.85,2025/1/6 0:00,2099/12/31 23:59,0,0,0,,2025/1/6 0:00,0,2025/1/6 0:00,0
,3369,968,oz,1,158.85,2025/1/6 0:00,2099/12/31 23:59,0,0,0,,2025/1/6 0:00,0,2025/1/6 0:00,0
,3369,969,oz,1,158.85,2025/1/6 0:00,2099/12/31 23:59,0,0,0,,2025/1/6 0:00,0,2025/1/6 0:00,0
,3369,970,oz,1,158.85,2025/1/6 0:00,2099/12/31 23:59,0,0,0,,2025/1/6 0:00,0,2025/1/6 0:00,0
,3369,971,oz,1,158.85,2025/1/6 0:00,2099/12/31 23:59,0,0,0,,2025/1/6 0:00,0,2025/1/6 0:00,0
,3369,972,oz,1,158.85,2025/1/6 0:00,2099/12/31 23:59,0,0,0,,2025/1/6 0:00,0,2025/1/6 0:00,0
,3369,973,oz,1,158.85,2025/1/6 0:00,2099/12/31 23:59,0,0,0,,2025/1/6 0:00,0,2025/1/6 0:00,0
,3369,974,oz,1,158.85,2025/1/6 0:00,2099/12/31 23:59,0,0,0,,2025/1/6 0:00,0,2025/1/6 0:00,0
,3369,975,oz,1,158.85,2025/1/6 0:00,2099/12/31 23:59,0,0,0,,2025/1/6 0:00,0,2025/1/6 0:00,0
,3369,976,oz,1,158.85,2025/1/6 0:00,2099/12/31 23:59,0,0,0,,2025/1/6 0:00,0,2025/1/6 0:00,0
,3369,977,oz,1,160.3,2025/1/6 0:00,2099/12/31 23:59,0,0,0,,2025/1/6 0:00,0,2025/1/6 0:00,0
,3369,978,oz,1,160.3,2025/1/6 0:00,2099/12/31 23:59,0,0,0,,2025/1/6 0:00,0,2025/1/6 0:00,0
,3369,979,oz,1,160.3,2025/1/6 0:00,2099/12/31 23:59,0,0,0,,2025/1/6 0:00,0,2025/1/6 0:00,0
,3369,980,oz,1,160.3,2025/1/6 0:00,2099/12/31 23:59,0,0,0,,2025/1/6 0:00,0,2025/1/6 0:00,0
,3369,981,oz,1,160.3,2025/1/6 0:00,2099/12/31 23:59,0,0,0,,2025/1/6 0:00,0,2025/1/6 0:00,0
,3369,982,oz,1,160.3,2025/1/6 0:00,2099/12/31 23:59,0,0,0,,2025/1/6 0:00,0,2025/1/6 0:00,0
,3369,983,oz,1,160.3,2025/1/6 0:00,2099/12/31 23:59,0,0,0,,2025/1/6 0:00,0,2025/1/6 0:00,0
,3369,984,oz,1,160.3,2025/1/6 0:00,2099/12/31 23:59,0,0,0,,2025/1/6 0:00,0,2025/1/6 0:00,0
,3369,985,oz,1,160.3,2025/1/6 0:00,2099/12/31 23:59,0,0,0,,2025/1/6 0:00,0,2025/1/6 0:00,0
,3369,986,oz,1,160.3,2025/1/6 0:00,2099/12/31 23:59,0,0,0,,2025/1/6 0:00,0,2025/1/6 0:00,0
,3369,987,oz,1,160.3,2025/1/6 0:00,2099/12/31 23:59,0,0,0,,2025/1/6 0:00,0,2025/1/6 0:00,0
,3369,988,oz,1,160.3,2025/1/6 0:00,2099/12/31 23:59,0,0,0,,2025/1/6 0:00,0,2025/1/6 0:00,0
,3369,989,oz,1,160.3,2025/1/6 0:00,2099/12/31 23:59,0,0,0,,2025/1/6 0:00,0,2025/1/6 0:00,0
,3369,990,oz,1,160.3,2025/1/6 0:00,2099/12/31 23:59,0,0,0,,2025/1/6 0:00,0,2025/1/6 0:00,0
,3369,991,oz,1,160.3,2025/1/6 0:00,2099/12/31 23:59,0,0,0,,2025/1/6 0:00,0,2025/1/6 0:00,0
,3369,992,oz,1,160.3,2025/1/6 0:00,2099/12/31 23:59,0,0,0,,2025/1/6 0:00,0,2025/1/6 0:00,0
,3369,993,oz,1,161.74,2025/1/6 0:00,2099/12/31 23:59,0,0,0,,2025/1/6 0:00,0,2025/1/6 0:00,0
,3369,994,oz,1,161.74,2025/1/6 0:00,2099/12/31 23:59,0,0,0,,2025/1/6 0:00,0,2025/1/6 0:00,0
,3369,995,oz,1,161.74,2025/1/6 0:00,2099/12/31 23:59,0,0,0,,2025/1/6 0:00,0,2025/1/6 0:00,0
,3369,996,oz,1,161.74,2025/1/6 0:00,2099/12/31 23:59,0,0,0,,2025/1/6 0:00,0,2025/1/6 0:00,0
,3369,997,oz,1,161.74,2025/1/6 0:00,2099/12/31 23:59,0,0,0,,2025/1/6 0:00,0,2025/1/6 0:00,0
,3369,998,oz,1,161.74,2025/1/6 0:00,2099/12/31 23:59,0,0,0,,2025/1/6 0:00,0,2025/1/6 0:00,0
,3369,999,oz,1,161.74,2025/1/6 0:00,2099/12/31 23:59,0,0,0,,2025/1/6 0:00,0,2025/1/6 0:00,0
,3369,1000,oz,1,161.74,2025/1/6 0:00,2099/12/31 23:59,0,0,0,,2025/1/6 0:00,0,2025/1/6 0:00,0
,3369,1001,oz,1,161.74,2025/1/6 0:00,2099/12/31 23:59,0,0,0,,2025/1/6 0:00,0,2025/1/6 0:00,0
,3369,1002,oz,1,161.74,2025/1/6 0:00,2099/12/31 23:59,0,0,0,,2025/1/6 0:00,0,2025/1/6 0:00,0
,3369,1003,oz,1,161.74,2025/1/6 0:00,2099/12/31 23:59,0,0,0,,2025/1/6 0:00,0,2025/1/6 0:00,0
,3369,1004,oz,1,161.74,2025/1/6 0:00,2099/12/31 23:59,0,0,0,,2025/1/6 0:00,0,2025/1/6 0:00,0
,3369,1005,oz,1,161.74,2025/1/6 0:00,2099/12/31 23:59,0,0,0,,2025/1/6 0:00,0,2025/1/6 0:00,0
,3369,1006,oz,1,161.74,2025/1/6 0:00,2099/12/31 23:59,0,0,0,,2025/1/6 0:00,0,2025/1/6 0:00,0
,3369,1007,oz,1,161.74,2025/1/6 0:00,2099/12/31 23:59,0,0,0,,2025/1/6 0:00,0,2025/1/6 0:00,0
,3369,1008,oz,1,161.74,2025/1/6 0:00,2099/12/31 23:59,0,0,0,,2025/1/6 0:00,0,2025/1/6 0:00,0
,3369,1009,oz,1,163.2,2025/1/6 0:00,2099/12/31 23:59,0,0,0,,2025/1/6 0:00,0,2025/1/6 0:00,0
,3369,1010,oz,1,163.2,2025/1/6 0:00,2099/12/31 23:59,0,0,0,,2025/1/6 0:00,0,2025/1/6 0:00,0
,3369,1011,oz,1,163.2,2025/1/6 0:00,2099/12/31 23:59,0,0,0,,2025/1/6 0:00,0,2025/1/6 0:00,0
,3369,1012,oz,1,163.2,2025/1/6 0:00,2099/12/31 23:59,0,0,0,,2025/1/6 0:00,0,2025/1/6 0:00,0
,3369,1013,oz,1,163.2,2025/1/6 0:00,2099/12/31 23:59,0,0,0,,2025/1/6 0:00,0,2025/1/6 0:00,0
,3369,1014,oz,1,163.2,2025/1/6 0:00,2099/12/31 23:59,0,0,0,,2025/1/6 0:00,0,2025/1/6 0:00,0
,3369,1015,oz,1,163.2,2025/1/6 0:00,2099/12/31 23:59,0,0,0,,2025/1/6 0:00,0,2025/1/6 0:00,0
,3369,1016,oz,1,163.2,2025/1/6 0:00,2099/12/31 23:59,0,0,0,,2025/1/6 0:00,0,2025/1/6 0:00,0
,3369,1017,oz,1,163.2,2025/1/6 0:00,2099/12/31 23:59,0,0,0,,2025/1/6 0:00,0,2025/1/6 0:00,0
,3369,1018,oz,1,163.2,2025/1/6 0:00,2099/12/31 23:59,0,0,0,,2025/1/6 0:00,0,2025/1/6 0:00,0
,3369,1019,oz,1,163.2,2025/1/6 0:00,2099/12/31 23:59,0,0,0,,2025/1/6 0:00,0,2025/1/6 0:00,0
,3369,1020,oz,1,163.2,2025/1/6 0:00,2099/12/31 23:59,0,0,0,,2025/1/6 0:00,0,2025/1/6 0:00,0
,3369,1021,oz,1,163.2,2025/1/6 0:00,2099/12/31 23:59,0,0,0,,2025/1/6 0:00,0,2025/1/6 0:00,0
,3369,1022,oz,1,163.2,2025/1/6 0:00,2099/12/31 23:59,0,0,0,,2025/1/6 0:00,0,2025/1/6 0:00,0
,3369,1023,oz,1,163.2,2025/1/6 0:00,2099/12/31 23:59,0,0,0,,2025/1/6 0:00,0,2025/1/6 0:00,0
,3369,1024,oz,1,163.2,2025/1/6 0:00,2099/12/31 23:59,0,0,0,,2025/1/6 0:00,0,2025/1/6 0:00,0
,3369,1025,oz,1,164.63,2025/1/6 0:00,2099/12/31 23:59,0,0,0,,2025/1/6 0:00,0,2025/1/6 0:00,0
,3369,1026,oz,1,164.63,2025/1/6 0:00,2099/12/31 23:59,0,0,0,,2025/1/6 0:00,0,2025/1/6 0:00,0
,3369,1027,oz,1,164.63,2025/1/6 0:00,2099/12/31 23:59,0,0,0,,2025/1/6 0:00,0,2025/1/6 0:00,0
,3369,1028,oz,1,164.63,2025/1/6 0:00,2099/12/31 23:59,0,0,0,,2025/1/6 0:00,0,2025/1/6 0:00,0
,3369,1029,oz,1,164.63,2025/1/6 0:00,2099/12/31 23:59,0,0,0,,2025/1/6 0:00,0,2025/1/6 0:00,0
,3369,1030,oz,1,164.63,2025/1/6 0:00,2099/12/31 23:59,0,0,0,,2025/1/6 0:00,0,2025/1/6 0:00,0
,3369,1031,oz,1,164.63,2025/1/6 0:00,2099/12/31 23:59,0,0,0,,2025/1/6 0:00,0,2025/1/6 0:00,0
,3369,1032,oz,1,164.63,2025/1/6 0:00,2099/12/31 23:59,0,0,0,,2025/1/6 0:00,0,2025/1/6 0:00,0
,3369,1033,oz,1,164.63,2025/1/6 0:00,2099/12/31 23:59,0,0,0,,2025/1/6 0:00,0,2025/1/6 0:00,0
,3369,1034,oz,1,164.63,2025/1/6 0:00,2099/12/31 23:59,0,0,0,,2025/1/6 0:00,0,2025/1/6 0:00,0
,3369,1035,oz,1,164.63,2025/1/6 0:00,2099/12/31 23:59,0,0,0,,2025/1/6 0:00,0,2025/1/6 0:00,0
,3369,1036,oz,1,164.63,2025/1/6 0:00,2099/12/31 23:59,0,0,0,,2025/1/6 0:00,0,2025/1/6 0:00,0
,3369,1037,oz,1,164.63,2025/1/6 0:00,2099/12/31 23:59,0,0,0,,2025/1/6 0:00,0,2025/1/6 0:00,0
,3369,1038,oz,1,164.63,2025/1/6 0:00,2099/12/31 23:59,0,0,0,,2025/1/6 0:00,0,2025/1/6 0:00,0
,3369,1039,oz,1,164.63,2025/1/6 0:00,2099/12/31 23:59,0,0,0,,2025/1/6 0:00,0,2025/1/6 0:00,0
,3369,1040,oz,1,164.63,2025/1/6 0:00,2099/12/31 23:59,0,0,0,,2025/1/6 0:00,0,2025/1/6 0:00,0
,3369,1041,oz,1,166.07,2025/1/6 0:00,2099/12/31 23:59,0,0,0,,2025/1/6 0:00,0,2025/1/6 0:00,0
,3369,1042,oz,1,166.07,2025/1/6 0:00,2099/12/31 23:59,0,0,0,,2025/1/6 0:00,0,2025/1/6 0:00,0
,3369,1043,oz,1,166.07,2025/1/6 0:00,2099/12/31 23:59,0,0,0,,2025/1/6 0:00,0,2025/1/6 0:00,0
,3369,1044,oz,1,166.07,2025/1/6 0:00,2099/12/31 23:59,0,0,0,,2025/1/6 0:00,0,2025/1/6 0:00,0
,3369,1045,oz,1,166.07,2025/1/6 0:00,2099/12/31 23:59,0,0,0,,2025/1/6 0:00,0,2025/1/6 0:00,0
,3369,1046,oz,1,166.07,2025/1/6 0:00,2099/12/31 23:59,0,0,0,,2025/1/6 0:00,0,2025/1/6 0:00,0
,3369,1047,oz,1,166.07,2025/1/6 0:00,2099/12/31 23:59,0,0,0,,2025/1/6 0:00,0,2025/1/6 0:00,0
,3369,1048,oz,1,166.07,2025/1/6 0:00,2099/12/31 23:59,0,0,0,,2025/1/6 0:00,0,2025/1/6 0:00,0
,3369,1049,oz,1,166.07,2025/1/6 0:00,2099/12/31 23:59,0,0,0,,2025/1/6 0:00,0,2025/1/6 0:00,0
,3369,1050,oz,1,166.07,2025/1/6 0:00,2099/12/31 23:59,0,0,0,,2025/1/6 0:00,0,2025/1/6 0:00,0
,3369,1051,oz,1,166.07,2025/1/6 0:00,2099/12/31 23:59,0,0,0,,2025/1/6 0:00,0,2025/1/6 0:00,0
,3369,1052,oz,1,166.07,2025/1/6 0:00,2099/12/31 23:59,0,0,0,,2025/1/6 0:00,0,2025/1/6 0:00,0
,3369,1053,oz,1,166.07,2025/1/6 0:00,2099/12/31 23:59,0,0,0,,2025/1/6 0:00,0,2025/1/6 0:00,0
,3369,1054,oz,1,166.07,2025/1/6 0:00,2099/12/31 23:59,0,0,0,,2025/1/6 0:00,0,2025/1/6 0:00,0
,3369,1055,oz,1,166.07,2025/1/6 0:00,2099/12/31 23:59,0,0,0,,2025/1/6 0:00,0,2025/1/6 0:00,0
,3369,1056,oz,1,166.07,2025/1/6 0:00,2099/12/31 23:59,0,0,0,,2025/1/6 0:00,0,2025/1/6 0:00,0
