rate_id,service_id,weight,unit,zone,fee,start_date,end_date,created_at,created_by,updated_at,updated_by
,3368,1,lb,2,7.19,2026/1/5 0:00,2099/12/31 23:59,2026/1/5 0:00,0,2026/1/5 0:00,0
,3368,2,lb,2,7.19,2026/1/5 0:00,2099/12/31 23:59,2026/1/5 0:00,0,2026/1/5 0:00,0
,3368,3,lb,2,7.19,2026/1/5 0:00,2099/12/31 23:59,2026/1/5 0:00,0,2026/1/5 0:00,0
,3368,4,lb,2,7.19,2026/1/5 0:00,2099/12/31 23:59,2026/1/5 0:00,0,2026/1/5 0:00,0
,3368,5,lb,2,7.19,2026/1/5 0:00,2099/12/31 23:59,2026/1/5 0:00,0,2026/1/5 0:00,0
,3368,6,lb,2,7.19,2026/1/5 0:00,2099/12/31 23:59,2026/1/5 0:00,0,2026/1/5 0:00,0
,3368,7,lb,2,7.19,2026/1/5 0:00,2099/12/31 23:59,2026/1/5 0:00,0,2026/1/5 0:00,0
,3368,8,lb,2,7.19,2026/1/5 0:00,2099/12/31 23:59,2026/1/5 0:00,0,2026/1/5 0:00,0
,3368,9,lb,2,7.19,2026/1/5 0:00,2099/12/31 23:59,2026/1/5 0:00,0,2026/1/5 0:00,0
,3368,10,lb,2,13.98,2026/1/5 0:00,2099/12/31 23:59,2026/1/5 0:00,0,2026/1/5 0:00,0
,3368,11,lb,2,14.75,2026/1/5 0:00,2099/12/31 23:59,2026/1/5 0:00,0,2026/1/5 0:00,0
,3368,12,lb,2,14.88,2026/1/5 0:00,2099/12/31 23:59,2026/1/5 0:00,0,2026/1/5 0:00,0
,3368,13,lb,2,14.89,2026/1/5 0:00,2099/12/31 23:59,2026/1/5 0:00,0,2026/1/5 0:00,0
,3368,14,lb,2,15.62,2026/1/5 0:00,2099/12/31 23:59,2026/1/5 0:00,0,2026/1/5 0:00,0
,3368,15,lb,2,15.63,2026/1/5 0:00,2099/12/31 23:59,2026/1/5 0:00,0,2026/1/5 0:00,0
,3368,16,lb,2,16.5,2026/1/5 0:00,2099/12/31 23:59,2026/1/5 0:00,0,2026/1/5 0:00,0
,3368,17,lb,2,16.62,2026/1/5 0:00,2099/12/31 23:59,2026/1/5 0:00,0,2026/1/5 0:00,0
,3368,18,lb,2,16.79,2026/1/5 0:00,2099/12/31 23:59,2026/1/5 0:00,0,2026/1/5 0:00,0
,3368,19,lb,2,17.22,2026/1/5 0:00,2099/12/31 23:59,2026/1/5 0:00,0,2026/1/5 0:00,0
,3368,20,lb,2,17.23,2026/1/5 0:00,2099/12/31 23:59,2026/1/5 0:00,0,2026/1/5 0:00,0
,3368,21,lb,2,27.55,2026/1/5 0:00,2099/12/31 23:59,2026/1/5 0:00,0,2026/1/5 0:00,0
,3368,22,lb,2,27.56,2026/1/5 0:00,2099/12/31 23:59,2026/1/5 0:00,0,2026/1/5 0:00,0
,3368,23,lb,2,27.58,2026/1/5 0:00,2099/12/31 23:59,2026/1/5 0:00,0,2026/1/5 0:00,0
,3368,24,lb,2,28.56,2026/1/5 0:00,2099/12/31 23:59,2026/1/5 0:00,0,2026/1/5 0:00,0
,3368,25,lb,2,28.57,2026/1/5 0:00,2099/12/31 23:59,2026/1/5 0:00,0,2026/1/5 0:00,0
,3368,26,lb,2,30.02,2026/1/5 0:00,2099/12/31 23:59,2026/1/5 0:00,0,2026/1/5 0:00,0
,3368,27,lb,2,30.86,2026/1/5 0:00,2099/12/31 23:59,2026/1/5 0:00,0,2026/1/5 0:00,0
,3368,28,lb,2,31.57,2026/1/5 0:00,2099/12/31 23:59,2026/1/5 0:00,0,2026/1/5 0:00,0
,3368,29,lb,2,31.59,2026/1/5 0:00,2099/12/31 23:59,2026/1/5 0:00,0,2026/1/5 0:00,0
,3368,30,lb,2,31.72,2026/1/5 0:00,2099/12/31 23:59,2026/1/5 0:00,0,2026/1/5 0:00,0
,3368,31,lb,2,33.32,2026/1/5 0:00,2099/12/31 23:59,2026/1/5 0:00,0,2026/1/5 0:00,0
,3368,32,lb,2,33.35,2026/1/5 0:00,2099/12/31 23:59,2026/1/5 0:00,0,2026/1/5 0:00,0
,3368,33,lb,2,33.47,2026/1/5 0:00,2099/12/31 23:59,2026/1/5 0:00,0,2026/1/5 0:00,0
,3368,34,lb,2,33.48,2026/1/5 0:00,2099/12/31 23:59,2026/1/5 0:00,0,2026/1/5 0:00,0
,3368,35,lb,2,34.11,2026/1/5 0:00,2099/12/31 23:59,2026/1/5 0:00,0,2026/1/5 0:00,0
,3368,36,lb,2,34.62,2026/1/5 0:00,2099/12/31 23:59,2026/1/5 0:00,0,2026/1/5 0:00,0
,3368,37,lb,2,35.39,2026/1/5 0:00,2099/12/31 23:59,2026/1/5 0:00,0,2026/1/5 0:00,0
,3368,38,lb,2,35.69,2026/1/5 0:00,2099/12/31 23:59,2026/1/5 0:00,0,2026/1/5 0:00,0
,3368,39,lb,2,37.14,2026/1/5 0:00,2099/12/31 23:59,2026/1/5 0:00,0,2026/1/5 0:00,0
,3368,40,lb,2,37.17,2026/1/5 0:00,2099/12/31 23:59,2026/1/5 0:00,0,2026/1/5 0:00,0
,3368,41,lb,2,38,2026/1/5 0:00,2099/12/31 23:59,2026/1/5 0:00,0,2026/1/5 0:00,0
,3368,42,lb,2,38.04,2026/1/5 0:00,2099/12/31 23:59,2026/1/5 0:00,0,2026/1/5 0:00,0
,3368,43,lb,2,38.74,2026/1/5 0:00,2099/12/31 23:59,2026/1/5 0:00,0,2026/1/5 0:00,0
,3368,44,lb,2,39.29,2026/1/5 0:00,2099/12/31 23:59,2026/1/5 0:00,0,2026/1/5 0:00,0
,3368,45,lb,2,39.34,2026/1/5 0:00,2099/12/31 23:59,2026/1/5 0:00,0,2026/1/5 0:00,0
,3368,46,lb,2,40.44,2026/1/5 0:00,2099/12/31 23:59,2026/1/5 0:00,0,2026/1/5 0:00,0
,3368,47,lb,2,40.47,2026/1/5 0:00,2099/12/31 23:59,2026/1/5 0:00,0,2026/1/5 0:00,0
,3368,48,lb,2,40.48,2026/1/5 0:00,2099/12/31 23:59,2026/1/5 0:00,0,2026/1/5 0:00,0
,3368,49,lb,2,40.49,2026/1/5 0:00,2099/12/31 23:59,2026/1/5 0:00,0,2026/1/5 0:00,0
,3368,50,lb,2,40.51,2026/1/5 0:00,2099/12/31 23:59,2026/1/5 0:00,0,2026/1/5 0:00,0
,3368,51,lb,2,40.52,2026/1/5 0:00,2099/12/31 23:59,2026/1/5 0:00,0,2026/1/5 0:00,0
,3368,52,lb,2,40.53,2026/1/5 0:00,2099/12/31 23:59,2026/1/5 0:00,0,2026/1/5 0:00,0
,3368,53,lb,2,40.56,2026/1/5 0:00,2099/12/31 23:59,2026/1/5 0:00,0,2026/1/5 0:00,0
,3368,54,lb,2,40.57,2026/1/5 0:00,2099/12/31 23:59,2026/1/5 0:00,0,2026/1/5 0:00,0
,3368,55,lb,2,40.58,2026/1/5 0:00,2099/12/31 23:59,2026/1/5 0:00,0,2026/1/5 0:00,0
,3368,56,lb,2,40.6,2026/1/5 0:00,2099/12/31 23:59,2026/1/5 0:00,0,2026/1/5 0:00,0
,3368,57,lb,2,41.34,2026/1/5 0:00,2099/12/31 23:59,2026/1/5 0:00,0,2026/1/5 0:00,0
,3368,58,lb,2,41.35,2026/1/5 0:00,2099/12/31 23:59,2026/1/5 0:00,0,2026/1/5 0:00,0
,3368,59,lb,2,41.37,2026/1/5 0:00,2099/12/31 23:59,2026/1/5 0:00,0,2026/1/5 0:00,0
,3368,60,lb,2,42.52,2026/1/5 0:00,2099/12/31 23:59,2026/1/5 0:00,0,2026/1/5 0:00,0
,3368,61,lb,2,42.53,2026/1/5 0:00,2099/12/31 23:59,2026/1/5 0:00,0,2026/1/5 0:00,0
,3368,62,lb,2,44.28,2026/1/5 0:00,2099/12/31 23:59,2026/1/5 0:00,0,2026/1/5 0:00,0
,3368,63,lb,2,44.31,2026/1/5 0:00,2099/12/31 23:59,2026/1/5 0:00,0,2026/1/5 0:00,0
,3368,64,lb,2,45.47,2026/1/5 0:00,2099/12/31 23:59,2026/1/5 0:00,0,2026/1/5 0:00,0
,3368,65,lb,2,45.98,2026/1/5 0:00,2099/12/31 23:59,2026/1/5 0:00,0,2026/1/5 0:00,0
,3368,66,lb,2,46.19,2026/1/5 0:00,2099/12/31 23:59,2026/1/5 0:00,0,2026/1/5 0:00,0
,3368,67,lb,2,46.21,2026/1/5 0:00,2099/12/31 23:59,2026/1/5 0:00,0,2026/1/5 0:00,0
,3368,68,lb,2,46.73,2026/1/5 0:00,2099/12/31 23:59,2026/1/5 0:00,0,2026/1/5 0:00,0
,3368,69,lb,2,47.71,2026/1/5 0:00,2099/12/31 23:59,2026/1/5 0:00,0,2026/1/5 0:00,0
,3368,70,lb,2,47.73,2026/1/5 0:00,2099/12/31 23:59,2026/1/5 0:00,0,2026/1/5 0:00,0
,3368,1,lb,3,7.19,2026/1/5 0:00,2099/12/31 23:59,2026/1/5 0:00,0,2026/1/5 0:00,0
,3368,2,lb,3,7.19,2026/1/5 0:00,2099/12/31 23:59,2026/1/5 0:00,0,2026/1/5 0:00,0
,3368,3,lb,3,7.19,2026/1/5 0:00,2099/12/31 23:59,2026/1/5 0:00,0,2026/1/5 0:00,0
,3368,4,lb,3,7.19,2026/1/5 0:00,2099/12/31 23:59,2026/1/5 0:00,0,2026/1/5 0:00,0
,3368,5,lb,3,7.19,2026/1/5 0:00,2099/12/31 23:59,2026/1/5 0:00,0,2026/1/5 0:00,0
,3368,6,lb,3,7.19,2026/1/5 0:00,2099/12/31 23:59,2026/1/5 0:00,0,2026/1/5 0:00,0
,3368,7,lb,3,7.19,2026/1/5 0:00,2099/12/31 23:59,2026/1/5 0:00,0,2026/1/5 0:00,0
,3368,8,lb,3,7.19,2026/1/5 0:00,2099/12/31 23:59,2026/1/5 0:00,0,2026/1/5 0:00,0
,3368,9,lb,3,7.19,2026/1/5 0:00,2099/12/31 23:59,2026/1/5 0:00,0,2026/1/5 0:00,0
,3368,10,lb,3,15.01,2026/1/5 0:00,2099/12/31 23:59,2026/1/5 0:00,0,2026/1/5 0:00,0
,3368,11,lb,3,15.35,2026/1/5 0:00,2099/12/31 23:59,2026/1/5 0:00,0,2026/1/5 0:00,0
,3368,12,lb,3,15.98,2026/1/5 0:00,2099/12/31 23:59,2026/1/5 0:00,0,2026/1/5 0:00,0
,3368,13,lb,3,15.99,2026/1/5 0:00,2099/12/31 23:59,2026/1/5 0:00,0,2026/1/5 0:00,0
,3368,14,lb,3,16.49,2026/1/5 0:00,2099/12/31 23:59,2026/1/5 0:00,0,2026/1/5 0:00,0
,3368,15,lb,3,16.71,2026/1/5 0:00,2099/12/31 23:59,2026/1/5 0:00,0,2026/1/5 0:00,0
,3368,16,lb,3,17.85,2026/1/5 0:00,2099/12/31 23:59,2026/1/5 0:00,0,2026/1/5 0:00,0
,3368,17,lb,3,18.23,2026/1/5 0:00,2099/12/31 23:59,2026/1/5 0:00,0,2026/1/5 0:00,0
,3368,18,lb,3,18.45,2026/1/5 0:00,2099/12/31 23:59,2026/1/5 0:00,0,2026/1/5 0:00,0
,3368,19,lb,3,19.36,2026/1/5 0:00,2099/12/31 23:59,2026/1/5 0:00,0,2026/1/5 0:00,0
,3368,20,lb,3,19.37,2026/1/5 0:00,2099/12/31 23:59,2026/1/5 0:00,0,2026/1/5 0:00,0
,3368,21,lb,3,30.88,2026/1/5 0:00,2099/12/31 23:59,2026/1/5 0:00,0,2026/1/5 0:00,0
,3368,22,lb,3,31.43,2026/1/5 0:00,2099/12/31 23:59,2026/1/5 0:00,0,2026/1/5 0:00,0
,3368,23,lb,3,31.79,2026/1/5 0:00,2099/12/31 23:59,2026/1/5 0:00,0,2026/1/5 0:00,0
,3368,24,lb,3,33.31,2026/1/5 0:00,2099/12/31 23:59,2026/1/5 0:00,0,2026/1/5 0:00,0
,3368,25,lb,3,33.44,2026/1/5 0:00,2099/12/31 23:59,2026/1/5 0:00,0,2026/1/5 0:00,0
,3368,26,lb,3,34.59,2026/1/5 0:00,2099/12/31 23:59,2026/1/5 0:00,0,2026/1/5 0:00,0
,3368,27,lb,3,35.4,2026/1/5 0:00,2099/12/31 23:59,2026/1/5 0:00,0,2026/1/5 0:00,0
,3368,28,lb,3,36.26,2026/1/5 0:00,2099/12/31 23:59,2026/1/5 0:00,0,2026/1/5 0:00,0
,3368,29,lb,3,36.94,2026/1/5 0:00,2099/12/31 23:59,2026/1/5 0:00,0,2026/1/5 0:00,0
,3368,30,lb,3,37.83,2026/1/5 0:00,2099/12/31 23:59,2026/1/5 0:00,0,2026/1/5 0:00,0
,3368,31,lb,3,38.66,2026/1/5 0:00,2099/12/31 23:59,2026/1/5 0:00,0,2026/1/5 0:00,0
,3368,32,lb,3,38.68,2026/1/5 0:00,2099/12/31 23:59,2026/1/5 0:00,0,2026/1/5 0:00,0
,3368,33,lb,3,39.24,2026/1/5 0:00,2099/12/31 23:59,2026/1/5 0:00,0,2026/1/5 0:00,0
,3368,34,lb,3,40.13,2026/1/5 0:00,2099/12/31 23:59,2026/1/5 0:00,0,2026/1/5 0:00,0
,3368,35,lb,3,41.93,2026/1/5 0:00,2099/12/31 23:59,2026/1/5 0:00,0,2026/1/5 0:00,0
,3368,36,lb,3,42.26,2026/1/5 0:00,2099/12/31 23:59,2026/1/5 0:00,0,2026/1/5 0:00,0
,3368,37,lb,3,42.83,2026/1/5 0:00,2099/12/31 23:59,2026/1/5 0:00,0,2026/1/5 0:00,0
,3368,38,lb,3,43.47,2026/1/5 0:00,2099/12/31 23:59,2026/1/5 0:00,0,2026/1/5 0:00,0
,3368,39,lb,3,45.17,2026/1/5 0:00,2099/12/31 23:59,2026/1/5 0:00,0,2026/1/5 0:00,0
,3368,40,lb,3,45.35,2026/1/5 0:00,2099/12/31 23:59,2026/1/5 0:00,0,2026/1/5 0:00,0
,3368,41,lb,3,47.28,2026/1/5 0:00,2099/12/31 23:59,2026/1/5 0:00,0,2026/1/5 0:00,0
,3368,42,lb,3,47.45,2026/1/5 0:00,2099/12/31 23:59,2026/1/5 0:00,0,2026/1/5 0:00,0
,3368,43,lb,3,48.15,2026/1/5 0:00,2099/12/31 23:59,2026/1/5 0:00,0,2026/1/5 0:00,0
,3368,44,lb,3,48.86,2026/1/5 0:00,2099/12/31 23:59,2026/1/5 0:00,0,2026/1/5 0:00,0
,3368,45,lb,3,48.88,2026/1/5 0:00,2099/12/31 23:59,2026/1/5 0:00,0,2026/1/5 0:00,0
,3368,46,lb,3,49.39,2026/1/5 0:00,2099/12/31 23:59,2026/1/5 0:00,0,2026/1/5 0:00,0
,3368,47,lb,3,50.5,2026/1/5 0:00,2099/12/31 23:59,2026/1/5 0:00,0,2026/1/5 0:00,0
,3368,48,lb,3,50.6,2026/1/5 0:00,2099/12/31 23:59,2026/1/5 0:00,0,2026/1/5 0:00,0
,3368,49,lb,3,50.61,2026/1/5 0:00,2099/12/31 23:59,2026/1/5 0:00,0,2026/1/5 0:00,0
,3368,50,lb,3,50.64,2026/1/5 0:00,2099/12/31 23:59,2026/1/5 0:00,0,2026/1/5 0:00,0
,3368,51,lb,3,50.65,2026/1/5 0:00,2099/12/31 23:59,2026/1/5 0:00,0,2026/1/5 0:00,0
,3368,52,lb,3,50.67,2026/1/5 0:00,2099/12/31 23:59,2026/1/5 0:00,0,2026/1/5 0:00,0
,3368,53,lb,3,50.68,2026/1/5 0:00,2099/12/31 23:59,2026/1/5 0:00,0,2026/1/5 0:00,0
,3368,54,lb,3,50.69,2026/1/5 0:00,2099/12/31 23:59,2026/1/5 0:00,0,2026/1/5 0:00,0
,3368,55,lb,3,50.71,2026/1/5 0:00,2099/12/31 23:59,2026/1/5 0:00,0,2026/1/5 0:00,0
,3368,56,lb,3,50.74,2026/1/5 0:00,2099/12/31 23:59,2026/1/5 0:00,0,2026/1/5 0:00,0
,3368,57,lb,3,50.99,2026/1/5 0:00,2099/12/31 23:59,2026/1/5 0:00,0,2026/1/5 0:00,0
,3368,58,lb,3,51.02,2026/1/5 0:00,2099/12/31 23:59,2026/1/5 0:00,0,2026/1/5 0:00,0
,3368,59,lb,3,51.06,2026/1/5 0:00,2099/12/31 23:59,2026/1/5 0:00,0,2026/1/5 0:00,0
,3368,60,lb,3,53.03,2026/1/5 0:00,2099/12/31 23:59,2026/1/5 0:00,0,2026/1/5 0:00,0
,3368,61,lb,3,53.17,2026/1/5 0:00,2099/12/31 23:59,2026/1/5 0:00,0,2026/1/5 0:00,0
,3368,62,lb,3,56.95,2026/1/5 0:00,2099/12/31 23:59,2026/1/5 0:00,0,2026/1/5 0:00,0
,3368,63,lb,3,56.96,2026/1/5 0:00,2099/12/31 23:59,2026/1/5 0:00,0,2026/1/5 0:00,0
,3368,64,lb,3,57,2026/1/5 0:00,2099/12/31 23:59,2026/1/5 0:00,0,2026/1/5 0:00,0
,3368,65,lb,3,57.97,2026/1/5 0:00,2099/12/31 23:59,2026/1/5 0:00,0,2026/1/5 0:00,0
,3368,66,lb,3,59.09,2026/1/5 0:00,2099/12/31 23:59,2026/1/5 0:00,0,2026/1/5 0:00,0
,3368,67,lb,3,59.1,2026/1/5 0:00,2099/12/31 23:59,2026/1/5 0:00,0,2026/1/5 0:00,0
,3368,68,lb,3,60.2,2026/1/5 0:00,2099/12/31 23:59,2026/1/5 0:00,0,2026/1/5 0:00,0
,3368,69,lb,3,60.77,2026/1/5 0:00,2099/12/31 23:59,2026/1/5 0:00,0,2026/1/5 0:00,0
,3368,70,lb,3,61.61,2026/1/5 0:00,2099/12/31 23:59,2026/1/5 0:00,0,2026/1/5 0:00,0
,3368,1,lb,4,7.19,2026/1/5 0:00,2099/12/31 23:59,2026/1/5 0:00,0,2026/1/5 0:00,0
,3368,2,lb,4,7.19,2026/1/5 0:00,2099/12/31 23:59,2026/1/5 0:00,0,2026/1/5 0:00,0
,3368,3,lb,4,7.19,2026/1/5 0:00,2099/12/31 23:59,2026/1/5 0:00,0,2026/1/5 0:00,0
,3368,4,lb,4,7.19,2026/1/5 0:00,2099/12/31 23:59,2026/1/5 0:00,0,2026/1/5 0:00,0
,3368,5,lb,4,7.19,2026/1/5 0:00,2099/12/31 23:59,2026/1/5 0:00,0,2026/1/5 0:00,0
,3368,6,lb,4,7.19,2026/1/5 0:00,2099/12/31 23:59,2026/1/5 0:00,0,2026/1/5 0:00,0
,3368,7,lb,4,7.19,2026/1/5 0:00,2099/12/31 23:59,2026/1/5 0:00,0,2026/1/5 0:00,0
,3368,8,lb,4,7.31,2026/1/5 0:00,2099/12/31 23:59,2026/1/5 0:00,0,2026/1/5 0:00,0
,3368,9,lb,4,7.33,2026/1/5 0:00,2099/12/31 23:59,2026/1/5 0:00,0,2026/1/5 0:00,0
,3368,10,lb,4,16.44,2026/1/5 0:00,2099/12/31 23:59,2026/1/5 0:00,0,2026/1/5 0:00,0
,3368,11,lb,4,16.79,2026/1/5 0:00,2099/12/31 23:59,2026/1/5 0:00,0,2026/1/5 0:00,0
,3368,12,lb,4,16.95,2026/1/5 0:00,2099/12/31 23:59,2026/1/5 0:00,0,2026/1/5 0:00,0
,3368,13,lb,4,17.02,2026/1/5 0:00,2099/12/31 23:59,2026/1/5 0:00,0,2026/1/5 0:00,0
,3368,14,lb,4,17.32,2026/1/5 0:00,2099/12/31 23:59,2026/1/5 0:00,0,2026/1/5 0:00,0
,3368,15,lb,4,17.56,2026/1/5 0:00,2099/12/31 23:59,2026/1/5 0:00,0,2026/1/5 0:00,0
,3368,16,lb,4,18.42,2026/1/5 0:00,2099/12/31 23:59,2026/1/5 0:00,0,2026/1/5 0:00,0
,3368,17,lb,4,18.62,2026/1/5 0:00,2099/12/31 23:59,2026/1/5 0:00,0,2026/1/5 0:00,0
,3368,18,lb,4,18.81,2026/1/5 0:00,2099/12/31 23:59,2026/1/5 0:00,0,2026/1/5 0:00,0
,3368,19,lb,4,19.78,2026/1/5 0:00,2099/12/31 23:59,2026/1/5 0:00,0,2026/1/5 0:00,0
,3368,20,lb,4,19.78,2026/1/5 0:00,2099/12/31 23:59,2026/1/5 0:00,0,2026/1/5 0:00,0
,3368,21,lb,4,31.98,2026/1/5 0:00,2099/12/31 23:59,2026/1/5 0:00,0,2026/1/5 0:00,0
,3368,22,lb,4,33.09,2026/1/5 0:00,2099/12/31 23:59,2026/1/5 0:00,0,2026/1/5 0:00,0
,3368,23,lb,4,33.56,2026/1/5 0:00,2099/12/31 23:59,2026/1/5 0:00,0,2026/1/5 0:00,0
,3368,24,lb,4,35.56,2026/1/5 0:00,2099/12/31 23:59,2026/1/5 0:00,0,2026/1/5 0:00,0
,3368,25,lb,4,35.71,2026/1/5 0:00,2099/12/31 23:59,2026/1/5 0:00,0,2026/1/5 0:00,0
,3368,26,lb,4,37.2,2026/1/5 0:00,2099/12/31 23:59,2026/1/5 0:00,0,2026/1/5 0:00,0
,3368,27,lb,4,37.93,2026/1/5 0:00,2099/12/31 23:59,2026/1/5 0:00,0,2026/1/5 0:00,0
,3368,28,lb,4,39.4,2026/1/5 0:00,2099/12/31 23:59,2026/1/5 0:00,0,2026/1/5 0:00,0
,3368,29,lb,4,39.75,2026/1/5 0:00,2099/12/31 23:59,2026/1/5 0:00,0,2026/1/5 0:00,0
,3368,30,lb,4,41.26,2026/1/5 0:00,2099/12/31 23:59,2026/1/5 0:00,0,2026/1/5 0:00,0
,3368,31,lb,4,42.41,2026/1/5 0:00,2099/12/31 23:59,2026/1/5 0:00,0,2026/1/5 0:00,0
,3368,32,lb,4,42.43,2026/1/5 0:00,2099/12/31 23:59,2026/1/5 0:00,0,2026/1/5 0:00,0
,3368,33,lb,4,44.33,2026/1/5 0:00,2099/12/31 23:59,2026/1/5 0:00,0,2026/1/5 0:00,0
,3368,34,lb,4,45.73,2026/1/5 0:00,2099/12/31 23:59,2026/1/5 0:00,0,2026/1/5 0:00,0
,3368,35,lb,4,46.88,2026/1/5 0:00,2099/12/31 23:59,2026/1/5 0:00,0,2026/1/5 0:00,0
,3368,36,lb,4,47.62,2026/1/5 0:00,2099/12/31 23:59,2026/1/5 0:00,0,2026/1/5 0:00,0
,3368,37,lb,4,48.12,2026/1/5 0:00,2099/12/31 23:59,2026/1/5 0:00,0,2026/1/5 0:00,0
,3368,38,lb,4,49.65,2026/1/5 0:00,2099/12/31 23:59,2026/1/5 0:00,0,2026/1/5 0:00,0
,3368,39,lb,4,51.75,2026/1/5 0:00,2099/12/31 23:59,2026/1/5 0:00,0,2026/1/5 0:00,0
,3368,40,lb,4,51.77,2026/1/5 0:00,2099/12/31 23:59,2026/1/5 0:00,0,2026/1/5 0:00,0
,3368,41,lb,4,53.28,2026/1/5 0:00,2099/12/31 23:59,2026/1/5 0:00,0,2026/1/5 0:00,0
,3368,42,lb,4,55.34,2026/1/5 0:00,2099/12/31 23:59,2026/1/5 0:00,0,2026/1/5 0:00,0
,3368,43,lb,4,55.43,2026/1/5 0:00,2099/12/31 23:59,2026/1/5 0:00,0,2026/1/5 0:00,0
,3368,44,lb,4,56.84,2026/1/5 0:00,2099/12/31 23:59,2026/1/5 0:00,0,2026/1/5 0:00,0
,3368,45,lb,4,56.86,2026/1/5 0:00,2099/12/31 23:59,2026/1/5 0:00,0,2026/1/5 0:00,0
,3368,46,lb,4,58.67,2026/1/5 0:00,2099/12/31 23:59,2026/1/5 0:00,0,2026/1/5 0:00,0
,3368,47,lb,4,59.61,2026/1/5 0:00,2099/12/31 23:59,2026/1/5 0:00,0,2026/1/5 0:00,0
,3368,48,lb,4,60.29,2026/1/5 0:00,2099/12/31 23:59,2026/1/5 0:00,0,2026/1/5 0:00,0
,3368,49,lb,4,60.3,2026/1/5 0:00,2099/12/31 23:59,2026/1/5 0:00,0,2026/1/5 0:00,0
,3368,50,lb,4,60.33,2026/1/5 0:00,2099/12/31 23:59,2026/1/5 0:00,0,2026/1/5 0:00,0
,3368,51,lb,4,60.34,2026/1/5 0:00,2099/12/31 23:59,2026/1/5 0:00,0,2026/1/5 0:00,0
,3368,52,lb,4,60.38,2026/1/5 0:00,2099/12/31 23:59,2026/1/5 0:00,0,2026/1/5 0:00,0
,3368,53,lb,4,60.39,2026/1/5 0:00,2099/12/31 23:59,2026/1/5 0:00,0,2026/1/5 0:00,0
,3368,54,lb,4,60.5,2026/1/5 0:00,2099/12/31 23:59,2026/1/5 0:00,0,2026/1/5 0:00,0
,3368,55,lb,4,60.51,2026/1/5 0:00,2099/12/31 23:59,2026/1/5 0:00,0,2026/1/5 0:00,0
,3368,56,lb,4,60.53,2026/1/5 0:00,2099/12/31 23:59,2026/1/5 0:00,0,2026/1/5 0:00,0
,3368,57,lb,4,60.55,2026/1/5 0:00,2099/12/31 23:59,2026/1/5 0:00,0,2026/1/5 0:00,0
,3368,58,lb,4,60.56,2026/1/5 0:00,2099/12/31 23:59,2026/1/5 0:00,0,2026/1/5 0:00,0
,3368,59,lb,4,60.99,2026/1/5 0:00,2099/12/31 23:59,2026/1/5 0:00,0,2026/1/5 0:00,0
,3368,60,lb,4,62.03,2026/1/5 0:00,2099/12/31 23:59,2026/1/5 0:00,0,2026/1/5 0:00,0
,3368,61,lb,4,62.62,2026/1/5 0:00,2099/12/31 23:59,2026/1/5 0:00,0,2026/1/5 0:00,0
,3368,62,lb,4,63.65,2026/1/5 0:00,2099/12/31 23:59,2026/1/5 0:00,0,2026/1/5 0:00,0
,3368,63,lb,4,64.26,2026/1/5 0:00,2099/12/31 23:59,2026/1/5 0:00,0,2026/1/5 0:00,0
,3368,64,lb,4,64.82,2026/1/5 0:00,2099/12/31 23:59,2026/1/5 0:00,0,2026/1/5 0:00,0
,3368,65,lb,4,64.83,2026/1/5 0:00,2099/12/31 23:59,2026/1/5 0:00,0,2026/1/5 0:00,0
,3368,66,lb,4,65.34,2026/1/5 0:00,2099/12/31 23:59,2026/1/5 0:00,0,2026/1/5 0:00,0
,3368,67,lb,4,65.36,2026/1/5 0:00,2099/12/31 23:59,2026/1/5 0:00,0,2026/1/5 0:00,0
,3368,68,lb,4,69.3,2026/1/5 0:00,2099/12/31 23:59,2026/1/5 0:00,0,2026/1/5 0:00,0
,3368,69,lb,4,69.98,2026/1/5 0:00,2099/12/31 23:59,2026/1/5 0:00,0,2026/1/5 0:00,0
,3368,70,lb,4,70.96,2026/1/5 0:00,2099/12/31 23:59,2026/1/5 0:00,0,2026/1/5 0:00,0
,3368,1,lb,5,7.19,2026/1/5 0:00,2099/12/31 23:59,2026/1/5 0:00,0,2026/1/5 0:00,0
,3368,2,lb,5,7.19,2026/1/5 0:00,2099/12/31 23:59,2026/1/5 0:00,0,2026/1/5 0:00,0
,3368,3,lb,5,7.19,2026/1/5 0:00,2099/12/31 23:59,2026/1/5 0:00,0,2026/1/5 0:00,0
,3368,4,lb,5,7.19,2026/1/5 0:00,2099/12/31 23:59,2026/1/5 0:00,0,2026/1/5 0:00,0
,3368,5,lb,5,7.39,2026/1/5 0:00,2099/12/31 23:59,2026/1/5 0:00,0,2026/1/5 0:00,0
,3368,6,lb,5,7.44,2026/1/5 0:00,2099/12/31 23:59,2026/1/5 0:00,0,2026/1/5 0:00,0
,3368,7,lb,5,7.65,2026/1/5 0:00,2099/12/31 23:59,2026/1/5 0:00,0,2026/1/5 0:00,0
,3368,8,lb,5,7.86,2026/1/5 0:00,2099/12/31 23:59,2026/1/5 0:00,0,2026/1/5 0:00,0
,3368,9,lb,5,7.92,2026/1/5 0:00,2099/12/31 23:59,2026/1/5 0:00,0,2026/1/5 0:00,0
,3368,10,lb,5,18.1,2026/1/5 0:00,2099/12/31 23:59,2026/1/5 0:00,0,2026/1/5 0:00,0
,3368,11,lb,5,18.2,2026/1/5 0:00,2099/12/31 23:59,2026/1/5 0:00,0,2026/1/5 0:00,0
,3368,12,lb,5,18.45,2026/1/5 0:00,2099/12/31 23:59,2026/1/5 0:00,0,2026/1/5 0:00,0
,3368,13,lb,5,18.67,2026/1/5 0:00,2099/12/31 23:59,2026/1/5 0:00,0,2026/1/5 0:00,0
,3368,14,lb,5,19.28,2026/1/5 0:00,2099/12/31 23:59,2026/1/5 0:00,0,2026/1/5 0:00,0
,3368,15,lb,5,19.8,2026/1/5 0:00,2099/12/31 23:59,2026/1/5 0:00,0,2026/1/5 0:00,0
,3368,16,lb,5,20.89,2026/1/5 0:00,2099/12/31 23:59,2026/1/5 0:00,0,2026/1/5 0:00,0
,3368,17,lb,5,21.49,2026/1/5 0:00,2099/12/31 23:59,2026/1/5 0:00,0,2026/1/5 0:00,0
,3368,18,lb,5,22.51,2026/1/5 0:00,2099/12/31 23:59,2026/1/5 0:00,0,2026/1/5 0:00,0
,3368,19,lb,5,23.56,2026/1/5 0:00,2099/12/31 23:59,2026/1/5 0:00,0,2026/1/5 0:00,0
,3368,20,lb,5,24.31,2026/1/5 0:00,2099/12/31 23:59,2026/1/5 0:00,0,2026/1/5 0:00,0
,3368,21,lb,5,38.06,2026/1/5 0:00,2099/12/31 23:59,2026/1/5 0:00,0,2026/1/5 0:00,0
,3368,22,lb,5,39.09,2026/1/5 0:00,2099/12/31 23:59,2026/1/5 0:00,0,2026/1/5 0:00,0
,3368,23,lb,5,39.53,2026/1/5 0:00,2099/12/31 23:59,2026/1/5 0:00,0,2026/1/5 0:00,0
,3368,24,lb,5,41.93,2026/1/5 0:00,2099/12/31 23:59,2026/1/5 0:00,0,2026/1/5 0:00,0
,3368,25,lb,5,42.75,2026/1/5 0:00,2099/12/31 23:59,2026/1/5 0:00,0,2026/1/5 0:00,0
,3368,26,lb,5,44.49,2026/1/5 0:00,2099/12/31 23:59,2026/1/5 0:00,0,2026/1/5 0:00,0
,3368,27,lb,5,45.22,2026/1/5 0:00,2099/12/31 23:59,2026/1/5 0:00,0,2026/1/5 0:00,0
,3368,28,lb,5,47.52,2026/1/5 0:00,2099/12/31 23:59,2026/1/5 0:00,0,2026/1/5 0:00,0
,3368,29,lb,5,47.53,2026/1/5 0:00,2099/12/31 23:59,2026/1/5 0:00,0,2026/1/5 0:00,0
,3368,30,lb,5,49.4,2026/1/5 0:00,2099/12/31 23:59,2026/1/5 0:00,0,2026/1/5 0:00,0
,3368,31,lb,5,50.42,2026/1/5 0:00,2099/12/31 23:59,2026/1/5 0:00,0,2026/1/5 0:00,0
,3368,32,lb,5,50.43,2026/1/5 0:00,2099/12/31 23:59,2026/1/5 0:00,0,2026/1/5 0:00,0
,3368,33,lb,5,52.78,2026/1/5 0:00,2099/12/31 23:59,2026/1/5 0:00,0,2026/1/5 0:00,0
,3368,34,lb,5,54.61,2026/1/5 0:00,2099/12/31 23:59,2026/1/5 0:00,0,2026/1/5 0:00,0
,3368,35,lb,5,55.52,2026/1/5 0:00,2099/12/31 23:59,2026/1/5 0:00,0,2026/1/5 0:00,0
,3368,36,lb,5,57.31,2026/1/5 0:00,2099/12/31 23:59,2026/1/5 0:00,0,2026/1/5 0:00,0
,3368,37,lb,5,58.15,2026/1/5 0:00,2099/12/31 23:59,2026/1/5 0:00,0,2026/1/5 0:00,0
,3368,38,lb,5,59.55,2026/1/5 0:00,2099/12/31 23:59,2026/1/5 0:00,0,2026/1/5 0:00,0
,3368,39,lb,5,61.83,2026/1/5 0:00,2099/12/31 23:59,2026/1/5 0:00,0,2026/1/5 0:00,0
,3368,40,lb,5,61.86,2026/1/5 0:00,2099/12/31 23:59,2026/1/5 0:00,0,2026/1/5 0:00,0
,3368,41,lb,5,64.05,2026/1/5 0:00,2099/12/31 23:59,2026/1/5 0:00,0,2026/1/5 0:00,0
,3368,42,lb,5,64.06,2026/1/5 0:00,2099/12/31 23:59,2026/1/5 0:00,0,2026/1/5 0:00,0
,3368,43,lb,5,67.52,2026/1/5 0:00,2099/12/31 23:59,2026/1/5 0:00,0,2026/1/5 0:00,0
,3368,44,lb,5,68.73,2026/1/5 0:00,2099/12/31 23:59,2026/1/5 0:00,0,2026/1/5 0:00,0
,3368,45,lb,5,68.75,2026/1/5 0:00,2099/12/31 23:59,2026/1/5 0:00,0,2026/1/5 0:00,0
,3368,46,lb,5,70.05,2026/1/5 0:00,2099/12/31 23:59,2026/1/5 0:00,0,2026/1/5 0:00,0
,3368,47,lb,5,70.55,2026/1/5 0:00,2099/12/31 23:59,2026/1/5 0:00,0,2026/1/5 0:00,0
,3368,48,lb,5,73.1,2026/1/5 0:00,2099/12/31 23:59,2026/1/5 0:00,0,2026/1/5 0:00,0
,3368,49,lb,5,73.12,2026/1/5 0:00,2099/12/31 23:59,2026/1/5 0:00,0,2026/1/5 0:00,0
,3368,50,lb,5,73.17,2026/1/5 0:00,2099/12/31 23:59,2026/1/5 0:00,0,2026/1/5 0:00,0
,3368,51,lb,5,73.18,2026/1/5 0:00,2099/12/31 23:59,2026/1/5 0:00,0,2026/1/5 0:00,0
,3368,52,lb,5,73.21,2026/1/5 0:00,2099/12/31 23:59,2026/1/5 0:00,0,2026/1/5 0:00,0
,3368,53,lb,5,73.94,2026/1/5 0:00,2099/12/31 23:59,2026/1/5 0:00,0,2026/1/5 0:00,0
,3368,54,lb,5,74.07,2026/1/5 0:00,2099/12/31 23:59,2026/1/5 0:00,0,2026/1/5 0:00,0
,3368,55,lb,5,74.08,2026/1/5 0:00,2099/12/31 23:59,2026/1/5 0:00,0,2026/1/5 0:00,0
,3368,56,lb,5,74.11,2026/1/5 0:00,2099/12/31 23:59,2026/1/5 0:00,0,2026/1/5 0:00,0
,3368,57,lb,5,76.33,2026/1/5 0:00,2099/12/31 23:59,2026/1/5 0:00,0,2026/1/5 0:00,0
,3368,58,lb,5,76.34,2026/1/5 0:00,2099/12/31 23:59,2026/1/5 0:00,0,2026/1/5 0:00,0
,3368,59,lb,5,76.38,2026/1/5 0:00,2099/12/31 23:59,2026/1/5 0:00,0,2026/1/5 0:00,0
,3368,60,lb,5,79.08,2026/1/5 0:00,2099/12/31 23:59,2026/1/5 0:00,0,2026/1/5 0:00,0
,3368,61,lb,5,79.1,2026/1/5 0:00,2099/12/31 23:59,2026/1/5 0:00,0,2026/1/5 0:00,0
,3368,62,lb,5,80.91,2026/1/5 0:00,2099/12/31 23:59,2026/1/5 0:00,0,2026/1/5 0:00,0
,3368,63,lb,5,80.92,2026/1/5 0:00,2099/12/31 23:59,2026/1/5 0:00,0,2026/1/5 0:00,0
,3368,64,lb,5,80.94,2026/1/5 0:00,2099/12/31 23:59,2026/1/5 0:00,0,2026/1/5 0:00,0
,3368,65,lb,5,80.95,2026/1/5 0:00,2099/12/31 23:59,2026/1/5 0:00,0,2026/1/5 0:00,0
,3368,66,lb,5,81.59,2026/1/5 0:00,2099/12/31 23:59,2026/1/5 0:00,0,2026/1/5 0:00,0
,3368,67,lb,5,81.73,2026/1/5 0:00,2099/12/31 23:59,2026/1/5 0:00,0,2026/1/5 0:00,0
,3368,68,lb,5,83.6,2026/1/5 0:00,2099/12/31 23:59,2026/1/5 0:00,0,2026/1/5 0:00,0
,3368,69,lb,5,84.19,2026/1/5 0:00,2099/12/31 23:59,2026/1/5 0:00,0,2026/1/5 0:00,0
,3368,70,lb,5,87.58,2026/1/5 0:00,2099/12/31 23:59,2026/1/5 0:00,0,2026/1/5 0:00,0
,3368,1,lb,6,7.19,2026/1/5 0:00,2099/12/31 23:59,2026/1/5 0:00,0,2026/1/5 0:00,0
,3368,2,lb,6,7.19,2026/1/5 0:00,2099/12/31 23:59,2026/1/5 0:00,0,2026/1/5 0:00,0
,3368,3,lb,6,7.19,2026/1/5 0:00,2099/12/31 23:59,2026/1/5 0:00,0,2026/1/5 0:00,0
,3368,4,lb,6,7.29,2026/1/5 0:00,2099/12/31 23:59,2026/1/5 0:00,0,2026/1/5 0:00,0
,3368,5,lb,6,7.67,2026/1/5 0:00,2099/12/31 23:59,2026/1/5 0:00,0,2026/1/5 0:00,0
,3368,6,lb,6,7.68,2026/1/5 0:00,2099/12/31 23:59,2026/1/5 0:00,0,2026/1/5 0:00,0
,3368,7,lb,6,7.82,2026/1/5 0:00,2099/12/31 23:59,2026/1/5 0:00,0,2026/1/5 0:00,0
,3368,8,lb,6,8.12,2026/1/5 0:00,2099/12/31 23:59,2026/1/5 0:00,0,2026/1/5 0:00,0
,3368,9,lb,6,8.29,2026/1/5 0:00,2099/12/31 23:59,2026/1/5 0:00,0,2026/1/5 0:00,0
,3368,10,lb,6,18.68,2026/1/5 0:00,2099/12/31 23:59,2026/1/5 0:00,0,2026/1/5 0:00,0
,3368,11,lb,6,19.15,2026/1/5 0:00,2099/12/31 23:59,2026/1/5 0:00,0,2026/1/5 0:00,0
,3368,12,lb,6,19.82,2026/1/5 0:00,2099/12/31 23:59,2026/1/5 0:00,0,2026/1/5 0:00,0
,3368,13,lb,6,20.43,2026/1/5 0:00,2099/12/31 23:59,2026/1/5 0:00,0,2026/1/5 0:00,0
,3368,14,lb,6,21.63,2026/1/5 0:00,2099/12/31 23:59,2026/1/5 0:00,0,2026/1/5 0:00,0
,3368,15,lb,6,22.8,2026/1/5 0:00,2099/12/31 23:59,2026/1/5 0:00,0,2026/1/5 0:00,0
,3368,16,lb,6,24.44,2026/1/5 0:00,2099/12/31 23:59,2026/1/5 0:00,0,2026/1/5 0:00,0
,3368,17,lb,6,25.28,2026/1/5 0:00,2099/12/31 23:59,2026/1/5 0:00,0,2026/1/5 0:00,0
,3368,18,lb,6,26.6,2026/1/5 0:00,2099/12/31 23:59,2026/1/5 0:00,0,2026/1/5 0:00,0
,3368,19,lb,6,27.38,2026/1/5 0:00,2099/12/31 23:59,2026/1/5 0:00,0,2026/1/5 0:00,0
,3368,20,lb,6,28.3,2026/1/5 0:00,2099/12/31 23:59,2026/1/5 0:00,0,2026/1/5 0:00,0
,3368,21,lb,6,44.83,2026/1/5 0:00,2099/12/31 23:59,2026/1/5 0:00,0,2026/1/5 0:00,0
,3368,22,lb,6,46.64,2026/1/5 0:00,2099/12/31 23:59,2026/1/5 0:00,0,2026/1/5 0:00,0
,3368,23,lb,6,48.41,2026/1/5 0:00,2099/12/31 23:59,2026/1/5 0:00,0,2026/1/5 0:00,0
,3368,24,lb,6,51.08,2026/1/5 0:00,2099/12/31 23:59,2026/1/5 0:00,0,2026/1/5 0:00,0
,3368,25,lb,6,52.17,2026/1/5 0:00,2099/12/31 23:59,2026/1/5 0:00,0,2026/1/5 0:00,0
,3368,26,lb,6,54.06,2026/1/5 0:00,2099/12/31 23:59,2026/1/5 0:00,0,2026/1/5 0:00,0
,3368,27,lb,6,56.24,2026/1/5 0:00,2099/12/31 23:59,2026/1/5 0:00,0,2026/1/5 0:00,0
,3368,28,lb,6,58.97,2026/1/5 0:00,2099/12/31 23:59,2026/1/5 0:00,0,2026/1/5 0:00,0
,3368,29,lb,6,60.66,2026/1/5 0:00,2099/12/31 23:59,2026/1/5 0:00,0,2026/1/5 0:00,0
,3368,30,lb,6,61.64,2026/1/5 0:00,2099/12/31 23:59,2026/1/5 0:00,0,2026/1/5 0:00,0
,3368,31,lb,6,63.42,2026/1/5 0:00,2099/12/31 23:59,2026/1/5 0:00,0,2026/1/5 0:00,0
,3368,32,lb,6,63.44,2026/1/5 0:00,2099/12/31 23:59,2026/1/5 0:00,0,2026/1/5 0:00,0
,3368,33,lb,6,67.42,2026/1/5 0:00,2099/12/31 23:59,2026/1/5 0:00,0,2026/1/5 0:00,0
,3368,34,lb,6,67.43,2026/1/5 0:00,2099/12/31 23:59,2026/1/5 0:00,0,2026/1/5 0:00,0
,3368,35,lb,6,68.58,2026/1/5 0:00,2099/12/31 23:59,2026/1/5 0:00,0,2026/1/5 0:00,0
,3368,36,lb,6,71.46,2026/1/5 0:00,2099/12/31 23:59,2026/1/5 0:00,0,2026/1/5 0:00,0
,3368,37,lb,6,71.78,2026/1/5 0:00,2099/12/31 23:59,2026/1/5 0:00,0,2026/1/5 0:00,0
,3368,38,lb,6,73.39,2026/1/5 0:00,2099/12/31 23:59,2026/1/5 0:00,0,2026/1/5 0:00,0
,3368,39,lb,6,76.73,2026/1/5 0:00,2099/12/31 23:59,2026/1/5 0:00,0,2026/1/5 0:00,0
,3368,40,lb,6,76.84,2026/1/5 0:00,2099/12/31 23:59,2026/1/5 0:00,0,2026/1/5 0:00,0
,3368,41,lb,6,80.37,2026/1/5 0:00,2099/12/31 23:59,2026/1/5 0:00,0,2026/1/5 0:00,0
,3368,42,lb,6,80.39,2026/1/5 0:00,2099/12/31 23:59,2026/1/5 0:00,0,2026/1/5 0:00,0
,3368,43,lb,6,85.21,2026/1/5 0:00,2099/12/31 23:59,2026/1/5 0:00,0,2026/1/5 0:00,0
,3368,44,lb,6,85.22,2026/1/5 0:00,2099/12/31 23:59,2026/1/5 0:00,0,2026/1/5 0:00,0
,3368,45,lb,6,85.26,2026/1/5 0:00,2099/12/31 23:59,2026/1/5 0:00,0,2026/1/5 0:00,0
,3368,46,lb,6,87.5,2026/1/5 0:00,2099/12/31 23:59,2026/1/5 0:00,0,2026/1/5 0:00,0
,3368,47,lb,6,88.75,2026/1/5 0:00,2099/12/31 23:59,2026/1/5 0:00,0,2026/1/5 0:00,0
,3368,48,lb,6,90,2026/1/5 0:00,2099/12/31 23:59,2026/1/5 0:00,0,2026/1/5 0:00,0
,3368,49,lb,6,91.36,2026/1/5 0:00,2099/12/31 23:59,2026/1/5 0:00,0,2026/1/5 0:00,0
,3368,50,lb,6,91.46,2026/1/5 0:00,2099/12/31 23:59,2026/1/5 0:00,0,2026/1/5 0:00,0
,3368,51,lb,6,92.17,2026/1/5 0:00,2099/12/31 23:59,2026/1/5 0:00,0,2026/1/5 0:00,0
,3368,52,lb,6,92.19,2026/1/5 0:00,2099/12/31 23:59,2026/1/5 0:00,0,2026/1/5 0:00,0
,3368,53,lb,6,92.21,2026/1/5 0:00,2099/12/31 23:59,2026/1/5 0:00,0,2026/1/5 0:00,0
,3368,54,lb,6,92.22,2026/1/5 0:00,2099/12/31 23:59,2026/1/5 0:00,0,2026/1/5 0:00,0
,3368,55,lb,6,92.23,2026/1/5 0:00,2099/12/31 23:59,2026/1/5 0:00,0,2026/1/5 0:00,0
,3368,56,lb,6,92.26,2026/1/5 0:00,2099/12/31 23:59,2026/1/5 0:00,0,2026/1/5 0:00,0
,3368,57,lb,6,92.3,2026/1/5 0:00,2099/12/31 23:59,2026/1/5 0:00,0,2026/1/5 0:00,0
,3368,58,lb,6,92.31,2026/1/5 0:00,2099/12/31 23:59,2026/1/5 0:00,0,2026/1/5 0:00,0
,3368,59,lb,6,92.95,2026/1/5 0:00,2099/12/31 23:59,2026/1/5 0:00,0,2026/1/5 0:00,0
,3368,60,lb,6,94.68,2026/1/5 0:00,2099/12/31 23:59,2026/1/5 0:00,0,2026/1/5 0:00,0
,3368,61,lb,6,94.69,2026/1/5 0:00,2099/12/31 23:59,2026/1/5 0:00,0,2026/1/5 0:00,0
,3368,62,lb,6,96.15,2026/1/5 0:00,2099/12/31 23:59,2026/1/5 0:00,0,2026/1/5 0:00,0
,3368,63,lb,6,96.82,2026/1/5 0:00,2099/12/31 23:59,2026/1/5 0:00,0,2026/1/5 0:00,0
,3368,64,lb,6,97.49,2026/1/5 0:00,2099/12/31 23:59,2026/1/5 0:00,0,2026/1/5 0:00,0
,3368,65,lb,6,98.36,2026/1/5 0:00,2099/12/31 23:59,2026/1/5 0:00,0,2026/1/5 0:00,0
,3368,66,lb,6,98.41,2026/1/5 0:00,2099/12/31 23:59,2026/1/5 0:00,0,2026/1/5 0:00,0
,3368,67,lb,6,99.18,2026/1/5 0:00,2099/12/31 23:59,2026/1/5 0:00,0,2026/1/5 0:00,0
,3368,68,lb,6,100.64,2026/1/5 0:00,2099/12/31 23:59,2026/1/5 0:00,0,2026/1/5 0:00,0
,3368,69,lb,6,102.13,2026/1/5 0:00,2099/12/31 23:59,2026/1/5 0:00,0,2026/1/5 0:00,0
,3368,70,lb,6,103.19,2026/1/5 0:00,2099/12/31 23:59,2026/1/5 0:00,0,2026/1/5 0:00,0
,3368,1,lb,7,7.19,2026/1/5 0:00,2099/12/31 23:59,2026/1/5 0:00,0,2026/1/5 0:00,0
,3368,2,lb,7,7.19,2026/1/5 0:00,2099/12/31 23:59,2026/1/5 0:00,0,2026/1/5 0:00,0
,3368,3,lb,7,7.27,2026/1/5 0:00,2099/12/31 23:59,2026/1/5 0:00,0,2026/1/5 0:00,0
,3368,4,lb,7,7.76,2026/1/5 0:00,2099/12/31 23:59,2026/1/5 0:00,0,2026/1/5 0:00,0
,3368,5,lb,7,8.1,2026/1/5 0:00,2099/12/31 23:59,2026/1/5 0:00,0,2026/1/5 0:00,0
,3368,6,lb,7,8.11,2026/1/5 0:00,2099/12/31 23:59,2026/1/5 0:00,0,2026/1/5 0:00,0
,3368,7,lb,7,8.33,2026/1/5 0:00,2099/12/31 23:59,2026/1/5 0:00,0,2026/1/5 0:00,0
,3368,8,lb,7,8.64,2026/1/5 0:00,2099/12/31 23:59,2026/1/5 0:00,0,2026/1/5 0:00,0
,3368,9,lb,7,8.98,2026/1/5 0:00,2099/12/31 23:59,2026/1/5 0:00,0,2026/1/5 0:00,0
,3368,10,lb,7,20.75,2026/1/5 0:00,2099/12/31 23:59,2026/1/5 0:00,0,2026/1/5 0:00,0
,3368,11,lb,7,22.53,2026/1/5 0:00,2099/12/31 23:59,2026/1/5 0:00,0,2026/1/5 0:00,0
,3368,12,lb,7,23.61,2026/1/5 0:00,2099/12/31 23:59,2026/1/5 0:00,0,2026/1/5 0:00,0
,3368,13,lb,7,24.86,2026/1/5 0:00,2099/12/31 23:59,2026/1/5 0:00,0,2026/1/5 0:00,0
,3368,14,lb,7,26.83,2026/1/5 0:00,2099/12/31 23:59,2026/1/5 0:00,0,2026/1/5 0:00,0
,3368,15,lb,7,27.44,2026/1/5 0:00,2099/12/31 23:59,2026/1/5 0:00,0,2026/1/5 0:00,0
,3368,16,lb,7,29.98,2026/1/5 0:00,2099/12/31 23:59,2026/1/5 0:00,0,2026/1/5 0:00,0
,3368,17,lb,7,31.28,2026/1/5 0:00,2099/12/31 23:59,2026/1/5 0:00,0,2026/1/5 0:00,0
,3368,18,lb,7,32.45,2026/1/5 0:00,2099/12/31 23:59,2026/1/5 0:00,0,2026/1/5 0:00,0
,3368,19,lb,7,33.18,2026/1/5 0:00,2099/12/31 23:59,2026/1/5 0:00,0,2026/1/5 0:00,0
,3368,20,lb,7,34.41,2026/1/5 0:00,2099/12/31 23:59,2026/1/5 0:00,0,2026/1/5 0:00,0
,3368,21,lb,7,54.34,2026/1/5 0:00,2099/12/31 23:59,2026/1/5 0:00,0,2026/1/5 0:00,0
,3368,22,lb,7,56.33,2026/1/5 0:00,2099/12/31 23:59,2026/1/5 0:00,0,2026/1/5 0:00,0
,3368,23,lb,7,57.69,2026/1/5 0:00,2099/12/31 23:59,2026/1/5 0:00,0,2026/1/5 0:00,0
,3368,24,lb,7,59.62,2026/1/5 0:00,2099/12/31 23:59,2026/1/5 0:00,0,2026/1/5 0:00,0
,3368,25,lb,7,62.9,2026/1/5 0:00,2099/12/31 23:59,2026/1/5 0:00,0,2026/1/5 0:00,0
,3368,26,lb,7,65.46,2026/1/5 0:00,2099/12/31 23:59,2026/1/5 0:00,0,2026/1/5 0:00,0
,3368,27,lb,7,66.68,2026/1/5 0:00,2099/12/31 23:59,2026/1/5 0:00,0,2026/1/5 0:00,0
,3368,28,lb,7,69.66,2026/1/5 0:00,2099/12/31 23:59,2026/1/5 0:00,0,2026/1/5 0:00,0
,3368,29,lb,7,71.25,2026/1/5 0:00,2099/12/31 23:59,2026/1/5 0:00,0,2026/1/5 0:00,0
,3368,30,lb,7,71.6,2026/1/5 0:00,2099/12/31 23:59,2026/1/5 0:00,0,2026/1/5 0:00,0
,3368,31,lb,7,74.25,2026/1/5 0:00,2099/12/31 23:59,2026/1/5 0:00,0,2026/1/5 0:00,0
,3368,32,lb,7,74.27,2026/1/5 0:00,2099/12/31 23:59,2026/1/5 0:00,0,2026/1/5 0:00,0
,3368,33,lb,7,76.72,2026/1/5 0:00,2099/12/31 23:59,2026/1/5 0:00,0,2026/1/5 0:00,0
,3368,34,lb,7,79,2026/1/5 0:00,2099/12/31 23:59,2026/1/5 0:00,0,2026/1/5 0:00,0
,3368,35,lb,7,81.03,2026/1/5 0:00,2099/12/31 23:59,2026/1/5 0:00,0,2026/1/5 0:00,0
,3368,36,lb,7,83.78,2026/1/5 0:00,2099/12/31 23:59,2026/1/5 0:00,0,2026/1/5 0:00,0
,3368,37,lb,7,86.49,2026/1/5 0:00,2099/12/31 23:59,2026/1/5 0:00,0,2026/1/5 0:00,0
,3368,38,lb,7,86.83,2026/1/5 0:00,2099/12/31 23:59,2026/1/5 0:00,0,2026/1/5 0:00,0
,3368,39,lb,7,90.24,2026/1/5 0:00,2099/12/31 23:59,2026/1/5 0:00,0,2026/1/5 0:00,0
,3368,40,lb,7,90.25,2026/1/5 0:00,2099/12/31 23:59,2026/1/5 0:00,0,2026/1/5 0:00,0
,3368,41,lb,7,93.03,2026/1/5 0:00,2099/12/31 23:59,2026/1/5 0:00,0,2026/1/5 0:00,0
,3368,42,lb,7,94.61,2026/1/5 0:00,2099/12/31 23:59,2026/1/5 0:00,0,2026/1/5 0:00,0
,3368,43,lb,7,98.04,2026/1/5 0:00,2099/12/31 23:59,2026/1/5 0:00,0,2026/1/5 0:00,0
,3368,44,lb,7,101.09,2026/1/5 0:00,2099/12/31 23:59,2026/1/5 0:00,0,2026/1/5 0:00,0
,3368,45,lb,7,103.06,2026/1/5 0:00,2099/12/31 23:59,2026/1/5 0:00,0,2026/1/5 0:00,0
,3368,46,lb,7,104.16,2026/1/5 0:00,2099/12/31 23:59,2026/1/5 0:00,0,2026/1/5 0:00,0
,3368,47,lb,7,106.19,2026/1/5 0:00,2099/12/31 23:59,2026/1/5 0:00,0,2026/1/5 0:00,0
,3368,48,lb,7,107.96,2026/1/5 0:00,2099/12/31 23:59,2026/1/5 0:00,0,2026/1/5 0:00,0
,3368,49,lb,7,110.14,2026/1/5 0:00,2099/12/31 23:59,2026/1/5 0:00,0,2026/1/5 0:00,0
,3368,50,lb,7,110.27,2026/1/5 0:00,2099/12/31 23:59,2026/1/5 0:00,0,2026/1/5 0:00,0
,3368,51,lb,7,111.12,2026/1/5 0:00,2099/12/31 23:59,2026/1/5 0:00,0,2026/1/5 0:00,0
,3368,52,lb,7,111.14,2026/1/5 0:00,2099/12/31 23:59,2026/1/5 0:00,0,2026/1/5 0:00,0
,3368,53,lb,7,111.16,2026/1/5 0:00,2099/12/31 23:59,2026/1/5 0:00,0,2026/1/5 0:00,0
,3368,54,lb,7,111.17,2026/1/5 0:00,2099/12/31 23:59,2026/1/5 0:00,0,2026/1/5 0:00,0
,3368,55,lb,7,111.18,2026/1/5 0:00,2099/12/31 23:59,2026/1/5 0:00,0,2026/1/5 0:00,0
,3368,56,lb,7,111.21,2026/1/5 0:00,2099/12/31 23:59,2026/1/5 0:00,0,2026/1/5 0:00,0
,3368,57,lb,7,111.23,2026/1/5 0:00,2099/12/31 23:59,2026/1/5 0:00,0,2026/1/5 0:00,0
,3368,58,lb,7,111.25,2026/1/5 0:00,2099/12/31 23:59,2026/1/5 0:00,0,2026/1/5 0:00,0
,3368,59,lb,7,111.26,2026/1/5 0:00,2099/12/31 23:59,2026/1/5 0:00,0,2026/1/5 0:00,0
,3368,60,lb,7,111.66,2026/1/5 0:00,2099/12/31 23:59,2026/1/5 0:00,0,2026/1/5 0:00,0
,3368,61,lb,7,111.68,2026/1/5 0:00,2099/12/31 23:59,2026/1/5 0:00,0,2026/1/5 0:00,0
,3368,62,lb,7,113.38,2026/1/5 0:00,2099/12/31 23:59,2026/1/5 0:00,0,2026/1/5 0:00,0
,3368,63,lb,7,114.32,2026/1/5 0:00,2099/12/31 23:59,2026/1/5 0:00,0,2026/1/5 0:00,0
,3368,64,lb,7,114.33,2026/1/5 0:00,2099/12/31 23:59,2026/1/5 0:00,0,2026/1/5 0:00,0
,3368,65,lb,7,114.62,2026/1/5 0:00,2099/12/31 23:59,2026/1/5 0:00,0,2026/1/5 0:00,0
,3368,66,lb,7,114.97,2026/1/5 0:00,2099/12/31 23:59,2026/1/5 0:00,0,2026/1/5 0:00,0
,3368,67,lb,7,115.52,2026/1/5 0:00,2099/12/31 23:59,2026/1/5 0:00,0,2026/1/5 0:00,0
,3368,68,lb,7,117.27,2026/1/5 0:00,2099/12/31 23:59,2026/1/5 0:00,0,2026/1/5 0:00,0
,3368,69,lb,7,117.28,2026/1/5 0:00,2099/12/31 23:59,2026/1/5 0:00,0,2026/1/5 0:00,0
,3368,70,lb,7,117.31,2026/1/5 0:00,2099/12/31 23:59,2026/1/5 0:00,0,2026/1/5 0:00,0
,3368,1,lb,8,7.19,2026/1/5 0:00,2099/12/31 23:59,2026/1/5 0:00,0,2026/1/5 0:00,0
,3368,2,lb,8,7.19,2026/1/5 0:00,2099/12/31 23:59,2026/1/5 0:00,0,2026/1/5 0:00,0
,3368,3,lb,8,7.6,2026/1/5 0:00,2099/12/31 23:59,2026/1/5 0:00,0,2026/1/5 0:00,0
,3368,4,lb,8,8.11,2026/1/5 0:00,2099/12/31 23:59,2026/1/5 0:00,0,2026/1/5 0:00,0
,3368,5,lb,8,8.58,2026/1/5 0:00,2099/12/31 23:59,2026/1/5 0:00,0,2026/1/5 0:00,0
,3368,6,lb,8,8.57,2026/1/5 0:00,2099/12/31 23:59,2026/1/5 0:00,0,2026/1/5 0:00,0
,3368,7,lb,8,8.88,2026/1/5 0:00,2099/12/31 23:59,2026/1/5 0:00,0,2026/1/5 0:00,0
,3368,8,lb,8,9.25,2026/1/5 0:00,2099/12/31 23:59,2026/1/5 0:00,0,2026/1/5 0:00,0
,3368,9,lb,8,9.73,2026/1/5 0:00,2099/12/31 23:59,2026/1/5 0:00,0,2026/1/5 0:00,0
,3368,10,lb,8,23.13,2026/1/5 0:00,2099/12/31 23:59,2026/1/5 0:00,0,2026/1/5 0:00,0
,3368,11,lb,8,24.65,2026/1/5 0:00,2099/12/31 23:59,2026/1/5 0:00,0,2026/1/5 0:00,0
,3368,12,lb,8,25.59,2026/1/5 0:00,2099/12/31 23:59,2026/1/5 0:00,0,2026/1/5 0:00,0
,3368,13,lb,8,26.76,2026/1/5 0:00,2099/12/31 23:59,2026/1/5 0:00,0,2026/1/5 0:00,0
,3368,14,lb,8,29.07,2026/1/5 0:00,2099/12/31 23:59,2026/1/5 0:00,0,2026/1/5 0:00,0
,3368,15,lb,8,30.27,2026/1/5 0:00,2099/12/31 23:59,2026/1/5 0:00,0,2026/1/5 0:00,0
,3368,16,lb,8,32.72,2026/1/5 0:00,2099/12/31 23:59,2026/1/5 0:00,0,2026/1/5 0:00,0
,3368,17,lb,8,32.74,2026/1/5 0:00,2099/12/31 23:59,2026/1/5 0:00,0,2026/1/5 0:00,0
,3368,18,lb,8,35.29,2026/1/5 0:00,2099/12/31 23:59,2026/1/5 0:00,0,2026/1/5 0:00,0
,3368,19,lb,8,37.26,2026/1/5 0:00,2099/12/31 23:59,2026/1/5 0:00,0,2026/1/5 0:00,0
,3368,20,lb,8,38.31,2026/1/5 0:00,2099/12/31 23:59,2026/1/5 0:00,0,2026/1/5 0:00,0
,3368,21,lb,8,60.67,2026/1/5 0:00,2099/12/31 23:59,2026/1/5 0:00,0,2026/1/5 0:00,0
,3368,22,lb,8,63.33,2026/1/5 0:00,2099/12/31 23:59,2026/1/5 0:00,0,2026/1/5 0:00,0
,3368,23,lb,8,65.83,2026/1/5 0:00,2099/12/31 23:59,2026/1/5 0:00,0,2026/1/5 0:00,0
,3368,24,lb,8,69.6,2026/1/5 0:00,2099/12/31 23:59,2026/1/5 0:00,0,2026/1/5 0:00,0
,3368,25,lb,8,71.73,2026/1/5 0:00,2099/12/31 23:59,2026/1/5 0:00,0,2026/1/5 0:00,0
,3368,26,lb,8,74.7,2026/1/5 0:00,2099/12/31 23:59,2026/1/5 0:00,0,2026/1/5 0:00,0
,3368,27,lb,8,75.95,2026/1/5 0:00,2099/12/31 23:59,2026/1/5 0:00,0,2026/1/5 0:00,0
,3368,28,lb,8,78.85,2026/1/5 0:00,2099/12/31 23:59,2026/1/5 0:00,0,2026/1/5 0:00,0
,3368,29,lb,8,80.95,2026/1/5 0:00,2099/12/31 23:59,2026/1/5 0:00,0,2026/1/5 0:00,0
,3368,30,lb,8,84.31,2026/1/5 0:00,2099/12/31 23:59,2026/1/5 0:00,0,2026/1/5 0:00,0
,3368,31,lb,8,87,2026/1/5 0:00,2099/12/31 23:59,2026/1/5 0:00,0,2026/1/5 0:00,0
,3368,32,lb,8,87.95,2026/1/5 0:00,2099/12/31 23:59,2026/1/5 0:00,0,2026/1/5 0:00,0
,3368,33,lb,8,90.33,2026/1/5 0:00,2099/12/31 23:59,2026/1/5 0:00,0,2026/1/5 0:00,0
,3368,34,lb,8,94.65,2026/1/5 0:00,2099/12/31 23:59,2026/1/5 0:00,0,2026/1/5 0:00,0
,3368,35,lb,8,95.33,2026/1/5 0:00,2099/12/31 23:59,2026/1/5 0:00,0,2026/1/5 0:00,0
,3368,36,lb,8,99.06,2026/1/5 0:00,2099/12/31 23:59,2026/1/5 0:00,0,2026/1/5 0:00,0
,3368,37,lb,8,100.03,2026/1/5 0:00,2099/12/31 23:59,2026/1/5 0:00,0,2026/1/5 0:00,0
,3368,38,lb,8,101.88,2026/1/5 0:00,2099/12/31 23:59,2026/1/5 0:00,0,2026/1/5 0:00,0
,3368,39,lb,8,103.97,2026/1/5 0:00,2099/12/31 23:59,2026/1/5 0:00,0,2026/1/5 0:00,0
,3368,40,lb,8,104.01,2026/1/5 0:00,2099/12/31 23:59,2026/1/5 0:00,0,2026/1/5 0:00,0
,3368,41,lb,8,108.47,2026/1/5 0:00,2099/12/31 23:59,2026/1/5 0:00,0,2026/1/5 0:00,0
,3368,42,lb,8,108.48,2026/1/5 0:00,2099/12/31 23:59,2026/1/5 0:00,0,2026/1/5 0:00,0
,3368,43,lb,8,111.43,2026/1/5 0:00,2099/12/31 23:59,2026/1/5 0:00,0,2026/1/5 0:00,0
,3368,44,lb,8,112.58,2026/1/5 0:00,2099/12/31 23:59,2026/1/5 0:00,0,2026/1/5 0:00,0
,3368,45,lb,8,113.36,2026/1/5 0:00,2099/12/31 23:59,2026/1/5 0:00,0,2026/1/5 0:00,0
,3368,46,lb,8,116.38,2026/1/5 0:00,2099/12/31 23:59,2026/1/5 0:00,0,2026/1/5 0:00,0
,3368,47,lb,8,118.25,2026/1/5 0:00,2099/12/31 23:59,2026/1/5 0:00,0,2026/1/5 0:00,0
,3368,48,lb,8,121.03,2026/1/5 0:00,2099/12/31 23:59,2026/1/5 0:00,0,2026/1/5 0:00,0
,3368,49,lb,8,121.75,2026/1/5 0:00,2099/12/31 23:59,2026/1/5 0:00,0,2026/1/5 0:00,0
,3368,50,lb,8,122.53,2026/1/5 0:00,2099/12/31 23:59,2026/1/5 0:00,0,2026/1/5 0:00,0
,3368,51,lb,8,125.94,2026/1/5 0:00,2099/12/31 23:59,2026/1/5 0:00,0,2026/1/5 0:00,0
,3368,52,lb,8,125.95,2026/1/5 0:00,2099/12/31 23:59,2026/1/5 0:00,0,2026/1/5 0:00,0
,3368,53,lb,8,127.18,2026/1/5 0:00,2099/12/31 23:59,2026/1/5 0:00,0,2026/1/5 0:00,0
,3368,54,lb,8,127.19,2026/1/5 0:00,2099/12/31 23:59,2026/1/5 0:00,0,2026/1/5 0:00,0
,3368,55,lb,8,127.22,2026/1/5 0:00,2099/12/31 23:59,2026/1/5 0:00,0,2026/1/5 0:00,0
,3368,56,lb,8,127.61,2026/1/5 0:00,2099/12/31 23:59,2026/1/5 0:00,0,2026/1/5 0:00,0
,3368,57,lb,8,130.01,2026/1/5 0:00,2099/12/31 23:59,2026/1/5 0:00,0,2026/1/5 0:00,0
,3368,58,lb,8,130.03,2026/1/5 0:00,2099/12/31 23:59,2026/1/5 0:00,0,2026/1/5 0:00,0
,3368,59,lb,8,132.19,2026/1/5 0:00,2099/12/31 23:59,2026/1/5 0:00,0,2026/1/5 0:00,0
,3368,60,lb,8,132.99,2026/1/5 0:00,2099/12/31 23:59,2026/1/5 0:00,0,2026/1/5 0:00,0
,3368,61,lb,8,133,2026/1/5 0:00,2099/12/31 23:59,2026/1/5 0:00,0,2026/1/5 0:00,0
,3368,62,lb,8,135.89,2026/1/5 0:00,2099/12/31 23:59,2026/1/5 0:00,0,2026/1/5 0:00,0
,3368,63,lb,8,135.91,2026/1/5 0:00,2099/12/31 23:59,2026/1/5 0:00,0,2026/1/5 0:00,0
,3368,64,lb,8,136.48,2026/1/5 0:00,2099/12/31 23:59,2026/1/5 0:00,0,2026/1/5 0:00,0
,3368,65,lb,8,136.49,2026/1/5 0:00,2099/12/31 23:59,2026/1/5 0:00,0,2026/1/5 0:00,0
,3368,66,lb,8,138.36,2026/1/5 0:00,2099/12/31 23:59,2026/1/5 0:00,0,2026/1/5 0:00,0
,3368,67,lb,8,138.37,2026/1/5 0:00,2099/12/31 23:59,2026/1/5 0:00,0,2026/1/5 0:00,0
,3368,68,lb,8,138.38,2026/1/5 0:00,2099/12/31 23:59,2026/1/5 0:00,0,2026/1/5 0:00,0
,3368,69,lb,8,140.29,2026/1/5 0:00,2099/12/31 23:59,2026/1/5 0:00,0,2026/1/5 0:00,0
,3368,70,lb,8,140.3,2026/1/5 0:00,2099/12/31 23:59,2026/1/5 0:00,0,2026/1/5 0:00,0
