rate_company_id,company_id,service_id,weight,unit,zone,fee,start_date,end_date,created_at,created_by,updated_at,updated_by
,1,3367,1,lb,2,9.76,2026/1/5 0:00,2099/12/31 23:59,2026/1/5 0:00,1,2026/1/5 0:00,1
,1,3367,2,lb,2,9.76,2026/1/5 0:00,2099/12/31 23:59,2026/1/5 0:00,1,2026/1/5 0:00,1
,1,3367,3,lb,2,9.76,2026/1/5 0:00,2099/12/31 23:59,2026/1/5 0:00,1,2026/1/5 0:00,1
,1,3367,4,lb,2,9.76,2026/1/5 0:00,2099/12/31 23:59,2026/1/5 0:00,1,2026/1/5 0:00,1
,1,3367,5,lb,2,9.76,2026/1/5 0:00,2099/12/31 23:59,2026/1/5 0:00,1,2026/1/5 0:00,1
,1,3367,6,lb,2,9.76,2026/1/5 0:00,2099/12/31 23:59,2026/1/5 0:00,1,2026/1/5 0:00,1
,1,3367,7,lb,2,9.76,2026/1/5 0:00,2099/12/31 23:59,2026/1/5 0:00,1,2026/1/5 0:00,1
,1,3367,8,lb,2,9.76,2026/1/5 0:00,2099/12/31 23:59,2026/1/5 0:00,1,2026/1/5 0:00,1
,1,3367,9,lb,2,9.76,2026/1/5 0:00,2099/12/31 23:59,2026/1/5 0:00,1,2026/1/5 0:00,1
,1,3367,10,lb,2,9.76,2026/1/5 0:00,2099/12/31 23:59,2026/1/5 0:00,1,2026/1/5 0:00,1
,1,3367,11,lb,2,9.76,2026/1/5 0:00,2099/12/31 23:59,2026/1/5 0:00,1,2026/1/5 0:00,1
,1,3367,12,lb,2,9.76,2026/1/5 0:00,2099/12/31 23:59,2026/1/5 0:00,1,2026/1/5 0:00,1
,1,3367,13,lb,2,9.76,2026/1/5 0:00,2099/12/31 23:59,2026/1/5 0:00,1,2026/1/5 0:00,1
,1,3367,14,lb,2,9.76,2026/1/5 0:00,2099/12/31 23:59,2026/1/5 0:00,1,2026/1/5 0:00,1
,1,3367,15,lb,2,9.76,2026/1/5 0:00,2099/12/31 23:59,2026/1/5 0:00,1,2026/1/5 0:00,1
,1,3367,16,lb,2,9.76,2026/1/5 0:00,2099/12/31 23:59,2026/1/5 0:00,1,2026/1/5 0:00,1
,1,3367,17,lb,2,9.76,2026/1/5 0:00,2099/12/31 23:59,2026/1/5 0:00,1,2026/1/5 0:00,1
,1,3367,18,lb,2,9.76,2026/1/5 0:00,2099/12/31 23:59,2026/1/5 0:00,1,2026/1/5 0:00,1
,1,3367,19,lb,2,9.76,2026/1/5 0:00,2099/12/31 23:59,2026/1/5 0:00,1,2026/1/5 0:00,1
,1,3367,20,lb,2,9.76,2026/1/5 0:00,2099/12/31 23:59,2026/1/5 0:00,1,2026/1/5 0:00,1
,1,3367,21,lb,2,9.76,2026/1/5 0:00,2099/12/31 23:59,2026/1/5 0:00,1,2026/1/5 0:00,1
,1,3367,22,lb,2,9.76,2026/1/5 0:00,2099/12/31 23:59,2026/1/5 0:00,1,2026/1/5 0:00,1
,1,3367,23,lb,2,9.76,2026/1/5 0:00,2099/12/31 23:59,2026/1/5 0:00,1,2026/1/5 0:00,1
,1,3367,24,lb,2,9.76,2026/1/5 0:00,2099/12/31 23:59,2026/1/5 0:00,1,2026/1/5 0:00,1
,1,3367,25,lb,2,9.76,2026/1/5 0:00,2099/12/31 23:59,2026/1/5 0:00,1,2026/1/5 0:00,1
,1,3367,26,lb,2,9.76,2026/1/5 0:00,2099/12/31 23:59,2026/1/5 0:00,1,2026/1/5 0:00,1
,1,3367,27,lb,2,9.76,2026/1/5 0:00,2099/12/31 23:59,2026/1/5 0:00,1,2026/1/5 0:00,1
,1,3367,28,lb,2,9.76,2026/1/5 0:00,2099/12/31 23:59,2026/1/5 0:00,1,2026/1/5 0:00,1
,1,3367,29,lb,2,9.76,2026/1/5 0:00,2099/12/31 23:59,2026/1/5 0:00,1,2026/1/5 0:00,1
,1,3367,30,lb,2,9.76,2026/1/5 0:00,2099/12/31 23:59,2026/1/5 0:00,1,2026/1/5 0:00,1
,1,3367,31,lb,2,9.76,2026/1/5 0:00,2099/12/31 23:59,2026/1/5 0:00,1,2026/1/5 0:00,1
,1,3367,32,lb,2,9.76,2026/1/5 0:00,2099/12/31 23:59,2026/1/5 0:00,1,2026/1/5 0:00,1
,1,3367,33,lb,2,9.76,2026/1/5 0:00,2099/12/31 23:59,2026/1/5 0:00,1,2026/1/5 0:00,1
,1,3367,34,lb,2,9.76,2026/1/5 0:00,2099/12/31 23:59,2026/1/5 0:00,1,2026/1/5 0:00,1
,1,3367,35,lb,2,9.76,2026/1/5 0:00,2099/12/31 23:59,2026/1/5 0:00,1,2026/1/5 0:00,1
,1,3367,36,lb,2,9.76,2026/1/5 0:00,2099/12/31 23:59,2026/1/5 0:00,1,2026/1/5 0:00,1
,1,3367,37,lb,2,9.88,2026/1/5 0:00,2099/12/31 23:59,2026/1/5 0:00,1,2026/1/5 0:00,1
,1,3367,38,lb,2,9.96,2026/1/5 0:00,2099/12/31 23:59,2026/1/5 0:00,1,2026/1/5 0:00,1
,1,3367,39,lb,2,10.37,2026/1/5 0:00,2099/12/31 23:59,2026/1/5 0:00,1,2026/1/5 0:00,1
,1,3367,40,lb,2,10.38,2026/1/5 0:00,2099/12/31 23:59,2026/1/5 0:00,1,2026/1/5 0:00,1
,1,3367,41,lb,2,10.61,2026/1/5 0:00,2099/12/31 23:59,2026/1/5 0:00,1,2026/1/5 0:00,1
,1,3367,42,lb,2,10.62,2026/1/5 0:00,2099/12/31 23:59,2026/1/5 0:00,1,2026/1/5 0:00,1
,1,3367,43,lb,2,10.81,2026/1/5 0:00,2099/12/31 23:59,2026/1/5 0:00,1,2026/1/5 0:00,1
,1,3367,44,lb,2,10.97,2026/1/5 0:00,2099/12/31 23:59,2026/1/5 0:00,1,2026/1/5 0:00,1
,1,3367,45,lb,2,10.98,2026/1/5 0:00,2099/12/31 23:59,2026/1/5 0:00,1,2026/1/5 0:00,1
,1,3367,46,lb,2,11.3,2026/1/5 0:00,2099/12/31 23:59,2026/1/5 0:00,1,2026/1/5 0:00,1
,1,3367,47,lb,2,11.31,2026/1/5 0:00,2099/12/31 23:59,2026/1/5 0:00,1,2026/1/5 0:00,1
,1,3367,48,lb,2,11.31,2026/1/5 0:00,2099/12/31 23:59,2026/1/5 0:00,1,2026/1/5 0:00,1
,1,3367,49,lb,2,11.32,2026/1/5 0:00,2099/12/31 23:59,2026/1/5 0:00,1,2026/1/5 0:00,1
,1,3367,50,lb,2,11.32,2026/1/5 0:00,2099/12/31 23:59,2026/1/5 0:00,1,2026/1/5 0:00,1
,1,3367,51,lb,2,11.34,2026/1/5 0:00,2099/12/31 23:59,2026/1/5 0:00,1,2026/1/5 0:00,1
,1,3367,52,lb,2,11.35,2026/1/5 0:00,2099/12/31 23:59,2026/1/5 0:00,1,2026/1/5 0:00,1
,1,3367,53,lb,2,11.35,2026/1/5 0:00,2099/12/31 23:59,2026/1/5 0:00,1,2026/1/5 0:00,1
,1,3367,54,lb,2,11.36,2026/1/5 0:00,2099/12/31 23:59,2026/1/5 0:00,1,2026/1/5 0:00,1
,1,3367,55,lb,2,11.36,2026/1/5 0:00,2099/12/31 23:59,2026/1/5 0:00,1,2026/1/5 0:00,1
,1,3367,56,lb,2,11.37,2026/1/5 0:00,2099/12/31 23:59,2026/1/5 0:00,1,2026/1/5 0:00,1
,1,3367,57,lb,2,11.58,2026/1/5 0:00,2099/12/31 23:59,2026/1/5 0:00,1,2026/1/5 0:00,1
,1,3367,58,lb,2,11.58,2026/1/5 0:00,2099/12/31 23:59,2026/1/5 0:00,1,2026/1/5 0:00,1
,1,3367,59,lb,2,11.61,2026/1/5 0:00,2099/12/31 23:59,2026/1/5 0:00,1,2026/1/5 0:00,1
,1,3367,60,lb,2,11.91,2026/1/5 0:00,2099/12/31 23:59,2026/1/5 0:00,1,2026/1/5 0:00,1
,1,3367,61,lb,2,11.91,2026/1/5 0:00,2099/12/31 23:59,2026/1/5 0:00,1,2026/1/5 0:00,1
,1,3367,62,lb,2,12.41,2026/1/5 0:00,2099/12/31 23:59,2026/1/5 0:00,1,2026/1/5 0:00,1
,1,3367,63,lb,2,12.41,2026/1/5 0:00,2099/12/31 23:59,2026/1/5 0:00,1,2026/1/5 0:00,1
,1,3367,64,lb,2,12.74,2026/1/5 0:00,2099/12/31 23:59,2026/1/5 0:00,1,2026/1/5 0:00,1
,1,3367,65,lb,2,12.88,2026/1/5 0:00,2099/12/31 23:59,2026/1/5 0:00,1,2026/1/5 0:00,1
,1,3367,66,lb,2,12.94,2026/1/5 0:00,2099/12/31 23:59,2026/1/5 0:00,1,2026/1/5 0:00,1
,1,3367,67,lb,2,12.94,2026/1/5 0:00,2099/12/31 23:59,2026/1/5 0:00,1,2026/1/5 0:00,1
,1,3367,68,lb,2,13.09,2026/1/5 0:00,2099/12/31 23:59,2026/1/5 0:00,1,2026/1/5 0:00,1
,1,3367,69,lb,2,13.36,2026/1/5 0:00,2099/12/31 23:59,2026/1/5 0:00,1,2026/1/5 0:00,1
,1,3367,70,lb,2,13.37,2026/1/5 0:00,2099/12/31 23:59,2026/1/5 0:00,1,2026/1/5 0:00,1
,1,3367,71,lb,2,13.37,2026/1/5 0:00,2099/12/31 23:59,2026/1/5 0:00,1,2026/1/5 0:00,1
,1,3367,72,lb,2,13.63,2026/1/5 0:00,2099/12/31 23:59,2026/1/5 0:00,1,2026/1/5 0:00,1
,1,3367,73,lb,2,13.72,2026/1/5 0:00,2099/12/31 23:59,2026/1/5 0:00,1,2026/1/5 0:00,1
,1,3367,74,lb,2,14.06,2026/1/5 0:00,2099/12/31 23:59,2026/1/5 0:00,1,2026/1/5 0:00,1
,1,3367,75,lb,2,14.46,2026/1/5 0:00,2099/12/31 23:59,2026/1/5 0:00,1,2026/1/5 0:00,1
,1,3367,76,lb,2,15.72,2026/1/5 0:00,2099/12/31 23:59,2026/1/5 0:00,1,2026/1/5 0:00,1
,1,3367,77,lb,2,16.34,2026/1/5 0:00,2099/12/31 23:59,2026/1/5 0:00,1,2026/1/5 0:00,1
,1,3367,78,lb,2,16.36,2026/1/5 0:00,2099/12/31 23:59,2026/1/5 0:00,1,2026/1/5 0:00,1
,1,3367,79,lb,2,16.93,2026/1/5 0:00,2099/12/31 23:59,2026/1/5 0:00,1,2026/1/5 0:00,1
,1,3367,80,lb,2,17.57,2026/1/5 0:00,2099/12/31 23:59,2026/1/5 0:00,1,2026/1/5 0:00,1
,1,3367,81,lb,2,17.82,2026/1/5 0:00,2099/12/31 23:59,2026/1/5 0:00,1,2026/1/5 0:00,1
,1,3367,82,lb,2,18.39,2026/1/5 0:00,2099/12/31 23:59,2026/1/5 0:00,1,2026/1/5 0:00,1
,1,3367,83,lb,2,18.4,2026/1/5 0:00,2099/12/31 23:59,2026/1/5 0:00,1,2026/1/5 0:00,1
,1,3367,84,lb,2,19.32,2026/1/5 0:00,2099/12/31 23:59,2026/1/5 0:00,1,2026/1/5 0:00,1
,1,3367,85,lb,2,19.66,2026/1/5 0:00,2099/12/31 23:59,2026/1/5 0:00,1,2026/1/5 0:00,1
,1,3367,86,lb,2,20.56,2026/1/5 0:00,2099/12/31 23:59,2026/1/5 0:00,1,2026/1/5 0:00,1
,1,3367,87,lb,2,20.98,2026/1/5 0:00,2099/12/31 23:59,2026/1/5 0:00,1,2026/1/5 0:00,1
,1,3367,88,lb,2,21.65,2026/1/5 0:00,2099/12/31 23:59,2026/1/5 0:00,1,2026/1/5 0:00,1
,1,3367,89,lb,2,22.83,2026/1/5 0:00,2099/12/31 23:59,2026/1/5 0:00,1,2026/1/5 0:00,1
,1,3367,90,lb,2,24.21,2026/1/5 0:00,2099/12/31 23:59,2026/1/5 0:00,1,2026/1/5 0:00,1
,1,3367,91,lb,2,24.22,2026/1/5 0:00,2099/12/31 23:59,2026/1/5 0:00,1,2026/1/5 0:00,1
,1,3367,92,lb,2,24.76,2026/1/5 0:00,2099/12/31 23:59,2026/1/5 0:00,1,2026/1/5 0:00,1
,1,3367,93,lb,2,25.09,2026/1/5 0:00,2099/12/31 23:59,2026/1/5 0:00,1,2026/1/5 0:00,1
,1,3367,94,lb,2,25.23,2026/1/5 0:00,2099/12/31 23:59,2026/1/5 0:00,1,2026/1/5 0:00,1
,1,3367,95,lb,2,25.56,2026/1/5 0:00,2099/12/31 23:59,2026/1/5 0:00,1,2026/1/5 0:00,1
,1,3367,96,lb,2,26.14,2026/1/5 0:00,2099/12/31 23:59,2026/1/5 0:00,1,2026/1/5 0:00,1
,1,3367,97,lb,2,27.26,2026/1/5 0:00,2099/12/31 23:59,2026/1/5 0:00,1,2026/1/5 0:00,1
,1,3367,98,lb,2,27.62,2026/1/5 0:00,2099/12/31 23:59,2026/1/5 0:00,1,2026/1/5 0:00,1
,1,3367,99,lb,2,27.78,2026/1/5 0:00,2099/12/31 23:59,2026/1/5 0:00,1,2026/1/5 0:00,1
,1,3367,100,lb,2,28.17,2026/1/5 0:00,2099/12/31 23:59,2026/1/5 0:00,1,2026/1/5 0:00,1
,1,3367,101,lb,2,28.72,2026/1/5 0:00,2099/12/31 23:59,2026/1/5 0:00,1,2026/1/5 0:00,1
,1,3367,102,lb,2,28.73,2026/1/5 0:00,2099/12/31 23:59,2026/1/5 0:00,1,2026/1/5 0:00,1
,1,3367,103,lb,2,29.04,2026/1/5 0:00,2099/12/31 23:59,2026/1/5 0:00,1,2026/1/5 0:00,1
,1,3367,104,lb,2,29.04,2026/1/5 0:00,2099/12/31 23:59,2026/1/5 0:00,1,2026/1/5 0:00,1
,1,3367,105,lb,2,30.55,2026/1/5 0:00,2099/12/31 23:59,2026/1/5 0:00,1,2026/1/5 0:00,1
,1,3367,106,lb,2,30.77,2026/1/5 0:00,2099/12/31 23:59,2026/1/5 0:00,1,2026/1/5 0:00,1
,1,3367,107,lb,2,31.07,2026/1/5 0:00,2099/12/31 23:59,2026/1/5 0:00,1,2026/1/5 0:00,1
,1,3367,108,lb,2,31.07,2026/1/5 0:00,2099/12/31 23:59,2026/1/5 0:00,1,2026/1/5 0:00,1
,1,3367,109,lb,2,32.28,2026/1/5 0:00,2099/12/31 23:59,2026/1/5 0:00,1,2026/1/5 0:00,1
,1,3367,110,lb,2,32.88,2026/1/5 0:00,2099/12/31 23:59,2026/1/5 0:00,1,2026/1/5 0:00,1
,1,3367,111,lb,2,32.88,2026/1/5 0:00,2099/12/31 23:59,2026/1/5 0:00,1,2026/1/5 0:00,1
,1,3367,112,lb,2,32.95,2026/1/5 0:00,2099/12/31 23:59,2026/1/5 0:00,1,2026/1/5 0:00,1
,1,3367,113,lb,2,32.95,2026/1/5 0:00,2099/12/31 23:59,2026/1/5 0:00,1,2026/1/5 0:00,1
,1,3367,114,lb,2,33.4,2026/1/5 0:00,2099/12/31 23:59,2026/1/5 0:00,1,2026/1/5 0:00,1
,1,3367,115,lb,2,34.07,2026/1/5 0:00,2099/12/31 23:59,2026/1/5 0:00,1,2026/1/5 0:00,1
,1,3367,116,lb,2,34.44,2026/1/5 0:00,2099/12/31 23:59,2026/1/5 0:00,1,2026/1/5 0:00,1
,1,3367,117,lb,2,34.47,2026/1/5 0:00,2099/12/31 23:59,2026/1/5 0:00,1,2026/1/5 0:00,1
,1,3367,118,lb,2,35.16,2026/1/5 0:00,2099/12/31 23:59,2026/1/5 0:00,1,2026/1/5 0:00,1
,1,3367,119,lb,2,35.8,2026/1/5 0:00,2099/12/31 23:59,2026/1/5 0:00,1,2026/1/5 0:00,1
,1,3367,120,lb,2,36.39,2026/1/5 0:00,2099/12/31 23:59,2026/1/5 0:00,1,2026/1/5 0:00,1
,1,3367,121,lb,2,36.41,2026/1/5 0:00,2099/12/31 23:59,2026/1/5 0:00,1,2026/1/5 0:00,1
,1,3367,122,lb,2,36.85,2026/1/5 0:00,2099/12/31 23:59,2026/1/5 0:00,1,2026/1/5 0:00,1
,1,3367,123,lb,2,37.11,2026/1/5 0:00,2099/12/31 23:59,2026/1/5 0:00,1,2026/1/5 0:00,1
,1,3367,124,lb,2,37.15,2026/1/5 0:00,2099/12/31 23:59,2026/1/5 0:00,1,2026/1/5 0:00,1
,1,3367,125,lb,2,37.2,2026/1/5 0:00,2099/12/31 23:59,2026/1/5 0:00,1,2026/1/5 0:00,1
,1,3367,126,lb,2,38.2,2026/1/5 0:00,2099/12/31 23:59,2026/1/5 0:00,1,2026/1/5 0:00,1
,1,3367,127,lb,2,38.3,2026/1/5 0:00,2099/12/31 23:59,2026/1/5 0:00,1,2026/1/5 0:00,1
,1,3367,128,lb,2,38.63,2026/1/5 0:00,2099/12/31 23:59,2026/1/5 0:00,1,2026/1/5 0:00,1
,1,3367,129,lb,2,38.98,2026/1/5 0:00,2099/12/31 23:59,2026/1/5 0:00,1,2026/1/5 0:00,1
,1,3367,130,lb,2,39.03,2026/1/5 0:00,2099/12/31 23:59,2026/1/5 0:00,1,2026/1/5 0:00,1
,1,3367,131,lb,2,39.73,2026/1/5 0:00,2099/12/31 23:59,2026/1/5 0:00,1,2026/1/5 0:00,1
,1,3367,132,lb,2,40.04,2026/1/5 0:00,2099/12/31 23:59,2026/1/5 0:00,1,2026/1/5 0:00,1
,1,3367,133,lb,2,40.14,2026/1/5 0:00,2099/12/31 23:59,2026/1/5 0:00,1,2026/1/5 0:00,1
,1,3367,134,lb,2,40.81,2026/1/5 0:00,2099/12/31 23:59,2026/1/5 0:00,1,2026/1/5 0:00,1
,1,3367,135,lb,2,41.59,2026/1/5 0:00,2099/12/31 23:59,2026/1/5 0:00,1,2026/1/5 0:00,1
,1,3367,136,lb,2,41.9,2026/1/5 0:00,2099/12/31 23:59,2026/1/5 0:00,1,2026/1/5 0:00,1
,1,3367,137,lb,2,41.9,2026/1/5 0:00,2099/12/31 23:59,2026/1/5 0:00,1,2026/1/5 0:00,1
,1,3367,138,lb,2,42.69,2026/1/5 0:00,2099/12/31 23:59,2026/1/5 0:00,1,2026/1/5 0:00,1
,1,3367,139,lb,2,43.04,2026/1/5 0:00,2099/12/31 23:59,2026/1/5 0:00,1,2026/1/5 0:00,1
,1,3367,140,lb,2,43.43,2026/1/5 0:00,2099/12/31 23:59,2026/1/5 0:00,1,2026/1/5 0:00,1
,1,3367,141,lb,2,43.85,2026/1/5 0:00,2099/12/31 23:59,2026/1/5 0:00,1,2026/1/5 0:00,1
,1,3367,142,lb,2,44.02,2026/1/5 0:00,2099/12/31 23:59,2026/1/5 0:00,1,2026/1/5 0:00,1
,1,3367,143,lb,2,44.09,2026/1/5 0:00,2099/12/31 23:59,2026/1/5 0:00,1,2026/1/5 0:00,1
,1,3367,144,lb,2,45.63,2026/1/5 0:00,2099/12/31 23:59,2026/1/5 0:00,1,2026/1/5 0:00,1
,1,3367,145,lb,2,45.63,2026/1/5 0:00,2099/12/31 23:59,2026/1/5 0:00,1,2026/1/5 0:00,1
,1,3367,146,lb,2,45.63,2026/1/5 0:00,2099/12/31 23:59,2026/1/5 0:00,1,2026/1/5 0:00,1
,1,3367,147,lb,2,45.75,2026/1/5 0:00,2099/12/31 23:59,2026/1/5 0:00,1,2026/1/5 0:00,1
,1,3367,148,lb,2,45.79,2026/1/5 0:00,2099/12/31 23:59,2026/1/5 0:00,1,2026/1/5 0:00,1
,1,3367,149,lb,2,45.79,2026/1/5 0:00,2099/12/31 23:59,2026/1/5 0:00,1,2026/1/5 0:00,1
,1,3367,150,lb,2,45.79,2026/1/5 0:00,2099/12/31 23:59,2026/1/5 0:00,1,2026/1/5 0:00,1
,1,3367,1,lb,3,9.76,2026/1/5 0:00,2099/12/31 23:59,2026/1/5 0:00,1,2026/1/5 0:00,1
,1,3367,2,lb,3,9.76,2026/1/5 0:00,2099/12/31 23:59,2026/1/5 0:00,1,2026/1/5 0:00,1
,1,3367,3,lb,3,9.76,2026/1/5 0:00,2099/12/31 23:59,2026/1/5 0:00,1,2026/1/5 0:00,1
,1,3367,4,lb,3,9.76,2026/1/5 0:00,2099/12/31 23:59,2026/1/5 0:00,1,2026/1/5 0:00,1
,1,3367,5,lb,3,9.76,2026/1/5 0:00,2099/12/31 23:59,2026/1/5 0:00,1,2026/1/5 0:00,1
,1,3367,6,lb,3,9.76,2026/1/5 0:00,2099/12/31 23:59,2026/1/5 0:00,1,2026/1/5 0:00,1
,1,3367,7,lb,3,9.76,2026/1/5 0:00,2099/12/31 23:59,2026/1/5 0:00,1,2026/1/5 0:00,1
,1,3367,8,lb,3,9.76,2026/1/5 0:00,2099/12/31 23:59,2026/1/5 0:00,1,2026/1/5 0:00,1
,1,3367,9,lb,3,9.76,2026/1/5 0:00,2099/12/31 23:59,2026/1/5 0:00,1,2026/1/5 0:00,1
,1,3367,10,lb,3,9.76,2026/1/5 0:00,2099/12/31 23:59,2026/1/5 0:00,1,2026/1/5 0:00,1
,1,3367,11,lb,3,9.76,2026/1/5 0:00,2099/12/31 23:59,2026/1/5 0:00,1,2026/1/5 0:00,1
,1,3367,12,lb,3,9.76,2026/1/5 0:00,2099/12/31 23:59,2026/1/5 0:00,1,2026/1/5 0:00,1
,1,3367,13,lb,3,9.76,2026/1/5 0:00,2099/12/31 23:59,2026/1/5 0:00,1,2026/1/5 0:00,1
,1,3367,14,lb,3,9.76,2026/1/5 0:00,2099/12/31 23:59,2026/1/5 0:00,1,2026/1/5 0:00,1
,1,3367,15,lb,3,9.76,2026/1/5 0:00,2099/12/31 23:59,2026/1/5 0:00,1,2026/1/5 0:00,1
,1,3367,16,lb,3,9.76,2026/1/5 0:00,2099/12/31 23:59,2026/1/5 0:00,1,2026/1/5 0:00,1
,1,3367,17,lb,3,9.76,2026/1/5 0:00,2099/12/31 23:59,2026/1/5 0:00,1,2026/1/5 0:00,1
,1,3367,18,lb,3,9.76,2026/1/5 0:00,2099/12/31 23:59,2026/1/5 0:00,1,2026/1/5 0:00,1
,1,3367,19,lb,3,9.76,2026/1/5 0:00,2099/12/31 23:59,2026/1/5 0:00,1,2026/1/5 0:00,1
,1,3367,20,lb,3,9.76,2026/1/5 0:00,2099/12/31 23:59,2026/1/5 0:00,1,2026/1/5 0:00,1
,1,3367,21,lb,3,9.76,2026/1/5 0:00,2099/12/31 23:59,2026/1/5 0:00,1,2026/1/5 0:00,1
,1,3367,22,lb,3,9.76,2026/1/5 0:00,2099/12/31 23:59,2026/1/5 0:00,1,2026/1/5 0:00,1
,1,3367,23,lb,3,9.76,2026/1/5 0:00,2099/12/31 23:59,2026/1/5 0:00,1,2026/1/5 0:00,1
,1,3367,24,lb,3,9.76,2026/1/5 0:00,2099/12/31 23:59,2026/1/5 0:00,1,2026/1/5 0:00,1
,1,3367,25,lb,3,9.76,2026/1/5 0:00,2099/12/31 23:59,2026/1/5 0:00,1,2026/1/5 0:00,1
,1,3367,26,lb,3,9.76,2026/1/5 0:00,2099/12/31 23:59,2026/1/5 0:00,1,2026/1/5 0:00,1
,1,3367,27,lb,3,9.95,2026/1/5 0:00,2099/12/31 23:59,2026/1/5 0:00,1,2026/1/5 0:00,1
,1,3367,28,lb,3,10.18,2026/1/5 0:00,2099/12/31 23:59,2026/1/5 0:00,1,2026/1/5 0:00,1
,1,3367,29,lb,3,10.38,2026/1/5 0:00,2099/12/31 23:59,2026/1/5 0:00,1,2026/1/5 0:00,1
,1,3367,30,lb,3,10.63,2026/1/5 0:00,2099/12/31 23:59,2026/1/5 0:00,1,2026/1/5 0:00,1
,1,3367,31,lb,3,10.72,2026/1/5 0:00,2099/12/31 23:59,2026/1/5 0:00,1,2026/1/5 0:00,1
,1,3367,32,lb,3,10.72,2026/1/5 0:00,2099/12/31 23:59,2026/1/5 0:00,1,2026/1/5 0:00,1
,1,3367,33,lb,3,10.89,2026/1/5 0:00,2099/12/31 23:59,2026/1/5 0:00,1,2026/1/5 0:00,1
,1,3367,34,lb,3,11.13,2026/1/5 0:00,2099/12/31 23:59,2026/1/5 0:00,1,2026/1/5 0:00,1
,1,3367,35,lb,3,11.64,2026/1/5 0:00,2099/12/31 23:59,2026/1/5 0:00,1,2026/1/5 0:00,1
,1,3367,36,lb,3,11.73,2026/1/5 0:00,2099/12/31 23:59,2026/1/5 0:00,1,2026/1/5 0:00,1
,1,3367,37,lb,3,11.88,2026/1/5 0:00,2099/12/31 23:59,2026/1/5 0:00,1,2026/1/5 0:00,1
,1,3367,38,lb,3,12.06,2026/1/5 0:00,2099/12/31 23:59,2026/1/5 0:00,1,2026/1/5 0:00,1
,1,3367,39,lb,3,12.54,2026/1/5 0:00,2099/12/31 23:59,2026/1/5 0:00,1,2026/1/5 0:00,1
,1,3367,40,lb,3,12.58,2026/1/5 0:00,2099/12/31 23:59,2026/1/5 0:00,1,2026/1/5 0:00,1
,1,3367,41,lb,3,13.12,2026/1/5 0:00,2099/12/31 23:59,2026/1/5 0:00,1,2026/1/5 0:00,1
,1,3367,42,lb,3,13.17,2026/1/5 0:00,2099/12/31 23:59,2026/1/5 0:00,1,2026/1/5 0:00,1
,1,3367,43,lb,3,13.37,2026/1/5 0:00,2099/12/31 23:59,2026/1/5 0:00,1,2026/1/5 0:00,1
,1,3367,44,lb,3,13.56,2026/1/5 0:00,2099/12/31 23:59,2026/1/5 0:00,1,2026/1/5 0:00,1
,1,3367,45,lb,3,13.58,2026/1/5 0:00,2099/12/31 23:59,2026/1/5 0:00,1,2026/1/5 0:00,1
,1,3367,46,lb,3,13.72,2026/1/5 0:00,2099/12/31 23:59,2026/1/5 0:00,1,2026/1/5 0:00,1
,1,3367,47,lb,3,14.02,2026/1/5 0:00,2099/12/31 23:59,2026/1/5 0:00,1,2026/1/5 0:00,1
,1,3367,48,lb,3,14.03,2026/1/5 0:00,2099/12/31 23:59,2026/1/5 0:00,1,2026/1/5 0:00,1
,1,3367,49,lb,3,14.03,2026/1/5 0:00,2099/12/31 23:59,2026/1/5 0:00,1,2026/1/5 0:00,1
,1,3367,50,lb,3,14.03,2026/1/5 0:00,2099/12/31 23:59,2026/1/5 0:00,1,2026/1/5 0:00,1
,1,3367,51,lb,3,14.04,2026/1/5 0:00,2099/12/31 23:59,2026/1/5 0:00,1,2026/1/5 0:00,1
,1,3367,52,lb,3,14.05,2026/1/5 0:00,2099/12/31 23:59,2026/1/5 0:00,1,2026/1/5 0:00,1
,1,3367,53,lb,3,14.08,2026/1/5 0:00,2099/12/31 23:59,2026/1/5 0:00,1,2026/1/5 0:00,1
,1,3367,54,lb,3,14.09,2026/1/5 0:00,2099/12/31 23:59,2026/1/5 0:00,1,2026/1/5 0:00,1
,1,3367,55,lb,3,14.12,2026/1/5 0:00,2099/12/31 23:59,2026/1/5 0:00,1,2026/1/5 0:00,1
,1,3367,56,lb,3,14.14,2026/1/5 0:00,2099/12/31 23:59,2026/1/5 0:00,1,2026/1/5 0:00,1
,1,3367,57,lb,3,14.19,2026/1/5 0:00,2099/12/31 23:59,2026/1/5 0:00,1,2026/1/5 0:00,1
,1,3367,58,lb,3,14.2,2026/1/5 0:00,2099/12/31 23:59,2026/1/5 0:00,1,2026/1/5 0:00,1
,1,3367,59,lb,3,14.21,2026/1/5 0:00,2099/12/31 23:59,2026/1/5 0:00,1,2026/1/5 0:00,1
,1,3367,60,lb,3,14.76,2026/1/5 0:00,2099/12/31 23:59,2026/1/5 0:00,1,2026/1/5 0:00,1
,1,3367,61,lb,3,14.81,2026/1/5 0:00,2099/12/31 23:59,2026/1/5 0:00,1,2026/1/5 0:00,1
,1,3367,62,lb,3,15.85,2026/1/5 0:00,2099/12/31 23:59,2026/1/5 0:00,1,2026/1/5 0:00,1
,1,3367,63,lb,3,15.85,2026/1/5 0:00,2099/12/31 23:59,2026/1/5 0:00,1,2026/1/5 0:00,1
,1,3367,64,lb,3,15.87,2026/1/5 0:00,2099/12/31 23:59,2026/1/5 0:00,1,2026/1/5 0:00,1
,1,3367,65,lb,3,16.14,2026/1/5 0:00,2099/12/31 23:59,2026/1/5 0:00,1,2026/1/5 0:00,1
,1,3367,66,lb,3,16.45,2026/1/5 0:00,2099/12/31 23:59,2026/1/5 0:00,1,2026/1/5 0:00,1
,1,3367,67,lb,3,16.47,2026/1/5 0:00,2099/12/31 23:59,2026/1/5 0:00,1,2026/1/5 0:00,1
,1,3367,68,lb,3,16.76,2026/1/5 0:00,2099/12/31 23:59,2026/1/5 0:00,1,2026/1/5 0:00,1
,1,3367,69,lb,3,16.92,2026/1/5 0:00,2099/12/31 23:59,2026/1/5 0:00,1,2026/1/5 0:00,1
,1,3367,70,lb,3,17.07,2026/1/5 0:00,2099/12/31 23:59,2026/1/5 0:00,1,2026/1/5 0:00,1
,1,3367,71,lb,3,17.1,2026/1/5 0:00,2099/12/31 23:59,2026/1/5 0:00,1,2026/1/5 0:00,1
,1,3367,72,lb,3,17.11,2026/1/5 0:00,2099/12/31 23:59,2026/1/5 0:00,1,2026/1/5 0:00,1
,1,3367,73,lb,3,17.28,2026/1/5 0:00,2099/12/31 23:59,2026/1/5 0:00,1,2026/1/5 0:00,1
,1,3367,74,lb,3,17.28,2026/1/5 0:00,2099/12/31 23:59,2026/1/5 0:00,1,2026/1/5 0:00,1
,1,3367,75,lb,3,17.3,2026/1/5 0:00,2099/12/31 23:59,2026/1/5 0:00,1,2026/1/5 0:00,1
,1,3367,76,lb,3,18.18,2026/1/5 0:00,2099/12/31 23:59,2026/1/5 0:00,1,2026/1/5 0:00,1
,1,3367,77,lb,3,18.45,2026/1/5 0:00,2099/12/31 23:59,2026/1/5 0:00,1,2026/1/5 0:00,1
,1,3367,78,lb,3,19.14,2026/1/5 0:00,2099/12/31 23:59,2026/1/5 0:00,1,2026/1/5 0:00,1
,1,3367,79,lb,3,19.73,2026/1/5 0:00,2099/12/31 23:59,2026/1/5 0:00,1,2026/1/5 0:00,1
,1,3367,80,lb,3,20.31,2026/1/5 0:00,2099/12/31 23:59,2026/1/5 0:00,1,2026/1/5 0:00,1
,1,3367,81,lb,3,20.48,2026/1/5 0:00,2099/12/31 23:59,2026/1/5 0:00,1,2026/1/5 0:00,1
,1,3367,82,lb,3,20.78,2026/1/5 0:00,2099/12/31 23:59,2026/1/5 0:00,1,2026/1/5 0:00,1
,1,3367,83,lb,3,20.78,2026/1/5 0:00,2099/12/31 23:59,2026/1/5 0:00,1,2026/1/5 0:00,1
,1,3367,84,lb,3,21.82,2026/1/5 0:00,2099/12/31 23:59,2026/1/5 0:00,1,2026/1/5 0:00,1
,1,3367,85,lb,3,21.82,2026/1/5 0:00,2099/12/31 23:59,2026/1/5 0:00,1,2026/1/5 0:00,1
,1,3367,86,lb,3,23.03,2026/1/5 0:00,2099/12/31 23:59,2026/1/5 0:00,1,2026/1/5 0:00,1
,1,3367,87,lb,3,23.04,2026/1/5 0:00,2099/12/31 23:59,2026/1/5 0:00,1,2026/1/5 0:00,1
,1,3367,88,lb,3,23.33,2026/1/5 0:00,2099/12/31 23:59,2026/1/5 0:00,1,2026/1/5 0:00,1
,1,3367,89,lb,3,24.21,2026/1/5 0:00,2099/12/31 23:59,2026/1/5 0:00,1,2026/1/5 0:00,1
,1,3367,90,lb,3,25.26,2026/1/5 0:00,2099/12/31 23:59,2026/1/5 0:00,1,2026/1/5 0:00,1
,1,3367,91,lb,3,25.26,2026/1/5 0:00,2099/12/31 23:59,2026/1/5 0:00,1,2026/1/5 0:00,1
,1,3367,92,lb,3,25.48,2026/1/5 0:00,2099/12/31 23:59,2026/1/5 0:00,1,2026/1/5 0:00,1
,1,3367,93,lb,3,25.75,2026/1/5 0:00,2099/12/31 23:59,2026/1/5 0:00,1,2026/1/5 0:00,1
,1,3367,94,lb,3,26.43,2026/1/5 0:00,2099/12/31 23:59,2026/1/5 0:00,1,2026/1/5 0:00,1
,1,3367,95,lb,3,26.65,2026/1/5 0:00,2099/12/31 23:59,2026/1/5 0:00,1,2026/1/5 0:00,1
,1,3367,96,lb,3,26.84,2026/1/5 0:00,2099/12/31 23:59,2026/1/5 0:00,1,2026/1/5 0:00,1
,1,3367,97,lb,3,27.89,2026/1/5 0:00,2099/12/31 23:59,2026/1/5 0:00,1,2026/1/5 0:00,1
,1,3367,98,lb,3,28.07,2026/1/5 0:00,2099/12/31 23:59,2026/1/5 0:00,1,2026/1/5 0:00,1
,1,3367,99,lb,3,28.18,2026/1/5 0:00,2099/12/31 23:59,2026/1/5 0:00,1,2026/1/5 0:00,1
,1,3367,100,lb,3,28.44,2026/1/5 0:00,2099/12/31 23:59,2026/1/5 0:00,1,2026/1/5 0:00,1
,1,3367,101,lb,3,29.13,2026/1/5 0:00,2099/12/31 23:59,2026/1/5 0:00,1,2026/1/5 0:00,1
,1,3367,102,lb,3,29.13,2026/1/5 0:00,2099/12/31 23:59,2026/1/5 0:00,1,2026/1/5 0:00,1
,1,3367,103,lb,3,29.57,2026/1/5 0:00,2099/12/31 23:59,2026/1/5 0:00,1,2026/1/5 0:00,1
,1,3367,104,lb,3,29.57,2026/1/5 0:00,2099/12/31 23:59,2026/1/5 0:00,1,2026/1/5 0:00,1
,1,3367,105,lb,3,31.03,2026/1/5 0:00,2099/12/31 23:59,2026/1/5 0:00,1,2026/1/5 0:00,1
,1,3367,106,lb,3,31.19,2026/1/5 0:00,2099/12/31 23:59,2026/1/5 0:00,1,2026/1/5 0:00,1
,1,3367,107,lb,3,31.61,2026/1/5 0:00,2099/12/31 23:59,2026/1/5 0:00,1,2026/1/5 0:00,1
,1,3367,108,lb,3,31.65,2026/1/5 0:00,2099/12/31 23:59,2026/1/5 0:00,1,2026/1/5 0:00,1
,1,3367,109,lb,3,32.79,2026/1/5 0:00,2099/12/31 23:59,2026/1/5 0:00,1,2026/1/5 0:00,1
,1,3367,110,lb,3,33.51,2026/1/5 0:00,2099/12/31 23:59,2026/1/5 0:00,1,2026/1/5 0:00,1
,1,3367,111,lb,3,33.56,2026/1/5 0:00,2099/12/31 23:59,2026/1/5 0:00,1,2026/1/5 0:00,1
,1,3367,112,lb,3,33.92,2026/1/5 0:00,2099/12/31 23:59,2026/1/5 0:00,1,2026/1/5 0:00,1
,1,3367,113,lb,3,33.93,2026/1/5 0:00,2099/12/31 23:59,2026/1/5 0:00,1,2026/1/5 0:00,1
,1,3367,114,lb,3,34.01,2026/1/5 0:00,2099/12/31 23:59,2026/1/5 0:00,1,2026/1/5 0:00,1
,1,3367,115,lb,3,35.05,2026/1/5 0:00,2099/12/31 23:59,2026/1/5 0:00,1,2026/1/5 0:00,1
,1,3367,116,lb,3,35.15,2026/1/5 0:00,2099/12/31 23:59,2026/1/5 0:00,1,2026/1/5 0:00,1
,1,3367,117,lb,3,35.2,2026/1/5 0:00,2099/12/31 23:59,2026/1/5 0:00,1,2026/1/5 0:00,1
,1,3367,118,lb,3,35.61,2026/1/5 0:00,2099/12/31 23:59,2026/1/5 0:00,1,2026/1/5 0:00,1
,1,3367,119,lb,3,36.37,2026/1/5 0:00,2099/12/31 23:59,2026/1/5 0:00,1,2026/1/5 0:00,1
,1,3367,120,lb,3,36.93,2026/1/5 0:00,2099/12/31 23:59,2026/1/5 0:00,1,2026/1/5 0:00,1
,1,3367,121,lb,3,36.93,2026/1/5 0:00,2099/12/31 23:59,2026/1/5 0:00,1,2026/1/5 0:00,1
,1,3367,122,lb,3,37.56,2026/1/5 0:00,2099/12/31 23:59,2026/1/5 0:00,1,2026/1/5 0:00,1
,1,3367,123,lb,3,37.93,2026/1/5 0:00,2099/12/31 23:59,2026/1/5 0:00,1,2026/1/5 0:00,1
,1,3367,124,lb,3,37.97,2026/1/5 0:00,2099/12/31 23:59,2026/1/5 0:00,1,2026/1/5 0:00,1
,1,3367,125,lb,3,37.98,2026/1/5 0:00,2099/12/31 23:59,2026/1/5 0:00,1,2026/1/5 0:00,1
,1,3367,126,lb,3,38.79,2026/1/5 0:00,2099/12/31 23:59,2026/1/5 0:00,1,2026/1/5 0:00,1
,1,3367,127,lb,3,39.46,2026/1/5 0:00,2099/12/31 23:59,2026/1/5 0:00,1,2026/1/5 0:00,1
,1,3367,128,lb,3,39.47,2026/1/5 0:00,2099/12/31 23:59,2026/1/5 0:00,1,2026/1/5 0:00,1
,1,3367,129,lb,3,39.59,2026/1/5 0:00,2099/12/31 23:59,2026/1/5 0:00,1,2026/1/5 0:00,1
,1,3367,130,lb,3,39.61,2026/1/5 0:00,2099/12/31 23:59,2026/1/5 0:00,1,2026/1/5 0:00,1
,1,3367,131,lb,3,40.61,2026/1/5 0:00,2099/12/31 23:59,2026/1/5 0:00,1,2026/1/5 0:00,1
,1,3367,132,lb,3,40.63,2026/1/5 0:00,2099/12/31 23:59,2026/1/5 0:00,1,2026/1/5 0:00,1
,1,3367,133,lb,3,41.47,2026/1/5 0:00,2099/12/31 23:59,2026/1/5 0:00,1,2026/1/5 0:00,1
,1,3367,134,lb,3,41.75,2026/1/5 0:00,2099/12/31 23:59,2026/1/5 0:00,1,2026/1/5 0:00,1
,1,3367,135,lb,3,42.61,2026/1/5 0:00,2099/12/31 23:59,2026/1/5 0:00,1,2026/1/5 0:00,1
,1,3367,136,lb,3,42.7,2026/1/5 0:00,2099/12/31 23:59,2026/1/5 0:00,1,2026/1/5 0:00,1
,1,3367,137,lb,3,42.71,2026/1/5 0:00,2099/12/31 23:59,2026/1/5 0:00,1,2026/1/5 0:00,1
,1,3367,138,lb,3,43.8,2026/1/5 0:00,2099/12/31 23:59,2026/1/5 0:00,1,2026/1/5 0:00,1
,1,3367,139,lb,3,43.8,2026/1/5 0:00,2099/12/31 23:59,2026/1/5 0:00,1,2026/1/5 0:00,1
,1,3367,140,lb,3,44.24,2026/1/5 0:00,2099/12/31 23:59,2026/1/5 0:00,1,2026/1/5 0:00,1
,1,3367,141,lb,3,44.66,2026/1/5 0:00,2099/12/31 23:59,2026/1/5 0:00,1,2026/1/5 0:00,1
,1,3367,142,lb,3,44.9,2026/1/5 0:00,2099/12/31 23:59,2026/1/5 0:00,1,2026/1/5 0:00,1
,1,3367,143,lb,3,44.9,2026/1/5 0:00,2099/12/31 23:59,2026/1/5 0:00,1,2026/1/5 0:00,1
,1,3367,144,lb,3,46.79,2026/1/5 0:00,2099/12/31 23:59,2026/1/5 0:00,1,2026/1/5 0:00,1
,1,3367,145,lb,3,47.21,2026/1/5 0:00,2099/12/31 23:59,2026/1/5 0:00,1,2026/1/5 0:00,1
,1,3367,146,lb,3,47.52,2026/1/5 0:00,2099/12/31 23:59,2026/1/5 0:00,1,2026/1/5 0:00,1
,1,3367,147,lb,3,47.54,2026/1/5 0:00,2099/12/31 23:59,2026/1/5 0:00,1,2026/1/5 0:00,1
,1,3367,148,lb,3,47.54,2026/1/5 0:00,2099/12/31 23:59,2026/1/5 0:00,1,2026/1/5 0:00,1
,1,3367,149,lb,3,47.55,2026/1/5 0:00,2099/12/31 23:59,2026/1/5 0:00,1,2026/1/5 0:00,1
,1,3367,150,lb,3,47.56,2026/1/5 0:00,2099/12/31 23:59,2026/1/5 0:00,1,2026/1/5 0:00,1
,1,3367,1,lb,4,9.76,2026/1/5 0:00,2099/12/31 23:59,2026/1/5 0:00,1,2026/1/5 0:00,1
,1,3367,2,lb,4,9.76,2026/1/5 0:00,2099/12/31 23:59,2026/1/5 0:00,1,2026/1/5 0:00,1
,1,3367,3,lb,4,9.76,2026/1/5 0:00,2099/12/31 23:59,2026/1/5 0:00,1,2026/1/5 0:00,1
,1,3367,4,lb,4,9.76,2026/1/5 0:00,2099/12/31 23:59,2026/1/5 0:00,1,2026/1/5 0:00,1
,1,3367,5,lb,4,9.76,2026/1/5 0:00,2099/12/31 23:59,2026/1/5 0:00,1,2026/1/5 0:00,1
,1,3367,6,lb,4,9.76,2026/1/5 0:00,2099/12/31 23:59,2026/1/5 0:00,1,2026/1/5 0:00,1
,1,3367,7,lb,4,9.76,2026/1/5 0:00,2099/12/31 23:59,2026/1/5 0:00,1,2026/1/5 0:00,1
,1,3367,8,lb,4,9.76,2026/1/5 0:00,2099/12/31 23:59,2026/1/5 0:00,1,2026/1/5 0:00,1
,1,3367,9,lb,4,9.76,2026/1/5 0:00,2099/12/31 23:59,2026/1/5 0:00,1,2026/1/5 0:00,1
,1,3367,10,lb,4,9.76,2026/1/5 0:00,2099/12/31 23:59,2026/1/5 0:00,1,2026/1/5 0:00,1
,1,3367,11,lb,4,9.76,2026/1/5 0:00,2099/12/31 23:59,2026/1/5 0:00,1,2026/1/5 0:00,1
,1,3367,12,lb,4,9.76,2026/1/5 0:00,2099/12/31 23:59,2026/1/5 0:00,1,2026/1/5 0:00,1
,1,3367,13,lb,4,9.76,2026/1/5 0:00,2099/12/31 23:59,2026/1/5 0:00,1,2026/1/5 0:00,1
,1,3367,14,lb,4,9.76,2026/1/5 0:00,2099/12/31 23:59,2026/1/5 0:00,1,2026/1/5 0:00,1
,1,3367,15,lb,4,9.76,2026/1/5 0:00,2099/12/31 23:59,2026/1/5 0:00,1,2026/1/5 0:00,1
,1,3367,16,lb,4,9.76,2026/1/5 0:00,2099/12/31 23:59,2026/1/5 0:00,1,2026/1/5 0:00,1
,1,3367,17,lb,4,9.76,2026/1/5 0:00,2099/12/31 23:59,2026/1/5 0:00,1,2026/1/5 0:00,1
,1,3367,18,lb,4,9.76,2026/1/5 0:00,2099/12/31 23:59,2026/1/5 0:00,1,2026/1/5 0:00,1
,1,3367,19,lb,4,9.76,2026/1/5 0:00,2099/12/31 23:59,2026/1/5 0:00,1,2026/1/5 0:00,1
,1,3367,20,lb,4,9.76,2026/1/5 0:00,2099/12/31 23:59,2026/1/5 0:00,1,2026/1/5 0:00,1
,1,3367,21,lb,4,9.76,2026/1/5 0:00,2099/12/31 23:59,2026/1/5 0:00,1,2026/1/5 0:00,1
,1,3367,22,lb,4,9.76,2026/1/5 0:00,2099/12/31 23:59,2026/1/5 0:00,1,2026/1/5 0:00,1
,1,3367,23,lb,4,9.76,2026/1/5 0:00,2099/12/31 23:59,2026/1/5 0:00,1,2026/1/5 0:00,1
,1,3367,24,lb,4,9.97,2026/1/5 0:00,2099/12/31 23:59,2026/1/5 0:00,1,2026/1/5 0:00,1
,1,3367,25,lb,4,10.01,2026/1/5 0:00,2099/12/31 23:59,2026/1/5 0:00,1,2026/1/5 0:00,1
,1,3367,26,lb,4,10.43,2026/1/5 0:00,2099/12/31 23:59,2026/1/5 0:00,1,2026/1/5 0:00,1
,1,3367,27,lb,4,10.64,2026/1/5 0:00,2099/12/31 23:59,2026/1/5 0:00,1,2026/1/5 0:00,1
,1,3367,28,lb,4,11.05,2026/1/5 0:00,2099/12/31 23:59,2026/1/5 0:00,1,2026/1/5 0:00,1
,1,3367,29,lb,4,11.22,2026/1/5 0:00,2099/12/31 23:59,2026/1/5 0:00,1,2026/1/5 0:00,1
,1,3367,30,lb,4,11.64,2026/1/5 0:00,2099/12/31 23:59,2026/1/5 0:00,1,2026/1/5 0:00,1
,1,3367,31,lb,4,11.75,2026/1/5 0:00,2099/12/31 23:59,2026/1/5 0:00,1,2026/1/5 0:00,1
,1,3367,32,lb,4,11.75,2026/1/5 0:00,2099/12/31 23:59,2026/1/5 0:00,1,2026/1/5 0:00,1
,1,3367,33,lb,4,12.28,2026/1/5 0:00,2099/12/31 23:59,2026/1/5 0:00,1,2026/1/5 0:00,1
,1,3367,34,lb,4,12.67,2026/1/5 0:00,2099/12/31 23:59,2026/1/5 0:00,1,2026/1/5 0:00,1
,1,3367,35,lb,4,12.98,2026/1/5 0:00,2099/12/31 23:59,2026/1/5 0:00,1,2026/1/5 0:00,1
,1,3367,36,lb,4,13.2,2026/1/5 0:00,2099/12/31 23:59,2026/1/5 0:00,1,2026/1/5 0:00,1
,1,3367,37,lb,4,13.39,2026/1/5 0:00,2099/12/31 23:59,2026/1/5 0:00,1,2026/1/5 0:00,1
,1,3367,38,lb,4,13.75,2026/1/5 0:00,2099/12/31 23:59,2026/1/5 0:00,1,2026/1/5 0:00,1
,1,3367,39,lb,4,14.33,2026/1/5 0:00,2099/12/31 23:59,2026/1/5 0:00,1,2026/1/5 0:00,1
,1,3367,40,lb,4,14.34,2026/1/5 0:00,2099/12/31 23:59,2026/1/5 0:00,1,2026/1/5 0:00,1
,1,3367,41,lb,4,14.75,2026/1/5 0:00,2099/12/31 23:59,2026/1/5 0:00,1,2026/1/5 0:00,1
,1,3367,42,lb,4,15.33,2026/1/5 0:00,2099/12/31 23:59,2026/1/5 0:00,1,2026/1/5 0:00,1
,1,3367,43,lb,4,15.36,2026/1/5 0:00,2099/12/31 23:59,2026/1/5 0:00,1,2026/1/5 0:00,1
,1,3367,44,lb,4,15.75,2026/1/5 0:00,2099/12/31 23:59,2026/1/5 0:00,1,2026/1/5 0:00,1
,1,3367,45,lb,4,15.75,2026/1/5 0:00,2099/12/31 23:59,2026/1/5 0:00,1,2026/1/5 0:00,1
,1,3367,46,lb,4,16.25,2026/1/5 0:00,2099/12/31 23:59,2026/1/5 0:00,1,2026/1/5 0:00,1
,1,3367,47,lb,4,16.51,2026/1/5 0:00,2099/12/31 23:59,2026/1/5 0:00,1,2026/1/5 0:00,1
,1,3367,48,lb,4,16.68,2026/1/5 0:00,2099/12/31 23:59,2026/1/5 0:00,1,2026/1/5 0:00,1
,1,3367,49,lb,4,16.71,2026/1/5 0:00,2099/12/31 23:59,2026/1/5 0:00,1,2026/1/5 0:00,1
,1,3367,50,lb,4,16.72,2026/1/5 0:00,2099/12/31 23:59,2026/1/5 0:00,1,2026/1/5 0:00,1
,1,3367,51,lb,4,16.76,2026/1/5 0:00,2099/12/31 23:59,2026/1/5 0:00,1,2026/1/5 0:00,1
,1,3367,52,lb,4,16.77,2026/1/5 0:00,2099/12/31 23:59,2026/1/5 0:00,1,2026/1/5 0:00,1
,1,3367,53,lb,4,16.78,2026/1/5 0:00,2099/12/31 23:59,2026/1/5 0:00,1,2026/1/5 0:00,1
,1,3367,54,lb,4,16.82,2026/1/5 0:00,2099/12/31 23:59,2026/1/5 0:00,1,2026/1/5 0:00,1
,1,3367,55,lb,4,16.82,2026/1/5 0:00,2099/12/31 23:59,2026/1/5 0:00,1,2026/1/5 0:00,1
,1,3367,56,lb,4,16.84,2026/1/5 0:00,2099/12/31 23:59,2026/1/5 0:00,1,2026/1/5 0:00,1
,1,3367,57,lb,4,16.87,2026/1/5 0:00,2099/12/31 23:59,2026/1/5 0:00,1,2026/1/5 0:00,1
,1,3367,58,lb,4,16.87,2026/1/5 0:00,2099/12/31 23:59,2026/1/5 0:00,1,2026/1/5 0:00,1
,1,3367,59,lb,4,16.99,2026/1/5 0:00,2099/12/31 23:59,2026/1/5 0:00,1,2026/1/5 0:00,1
,1,3367,60,lb,4,17.27,2026/1/5 0:00,2099/12/31 23:59,2026/1/5 0:00,1,2026/1/5 0:00,1
,1,3367,61,lb,4,17.42,2026/1/5 0:00,2099/12/31 23:59,2026/1/5 0:00,1,2026/1/5 0:00,1
,1,3367,62,lb,4,17.73,2026/1/5 0:00,2099/12/31 23:59,2026/1/5 0:00,1,2026/1/5 0:00,1
,1,3367,63,lb,4,17.9,2026/1/5 0:00,2099/12/31 23:59,2026/1/5 0:00,1,2026/1/5 0:00,1
,1,3367,64,lb,4,18.06,2026/1/5 0:00,2099/12/31 23:59,2026/1/5 0:00,1,2026/1/5 0:00,1
,1,3367,65,lb,4,18.06,2026/1/5 0:00,2099/12/31 23:59,2026/1/5 0:00,1,2026/1/5 0:00,1
,1,3367,66,lb,4,18.2,2026/1/5 0:00,2099/12/31 23:59,2026/1/5 0:00,1,2026/1/5 0:00,1
,1,3367,67,lb,4,18.21,2026/1/5 0:00,2099/12/31 23:59,2026/1/5 0:00,1,2026/1/5 0:00,1
,1,3367,68,lb,4,19.31,2026/1/5 0:00,2099/12/31 23:59,2026/1/5 0:00,1,2026/1/5 0:00,1
,1,3367,69,lb,4,19.45,2026/1/5 0:00,2099/12/31 23:59,2026/1/5 0:00,1,2026/1/5 0:00,1
,1,3367,70,lb,4,19.72,2026/1/5 0:00,2099/12/31 23:59,2026/1/5 0:00,1,2026/1/5 0:00,1
,1,3367,71,lb,4,20.12,2026/1/5 0:00,2099/12/31 23:59,2026/1/5 0:00,1,2026/1/5 0:00,1
,1,3367,72,lb,4,20.54,2026/1/5 0:00,2099/12/31 23:59,2026/1/5 0:00,1,2026/1/5 0:00,1
,1,3367,73,lb,4,20.54,2026/1/5 0:00,2099/12/31 23:59,2026/1/5 0:00,1,2026/1/5 0:00,1
,1,3367,74,lb,4,20.55,2026/1/5 0:00,2099/12/31 23:59,2026/1/5 0:00,1,2026/1/5 0:00,1
,1,3367,75,lb,4,20.55,2026/1/5 0:00,2099/12/31 23:59,2026/1/5 0:00,1,2026/1/5 0:00,1
,1,3367,76,lb,4,20.69,2026/1/5 0:00,2099/12/31 23:59,2026/1/5 0:00,1,2026/1/5 0:00,1
,1,3367,77,lb,4,20.74,2026/1/5 0:00,2099/12/31 23:59,2026/1/5 0:00,1,2026/1/5 0:00,1
,1,3367,78,lb,4,21.35,2026/1/5 0:00,2099/12/31 23:59,2026/1/5 0:00,1,2026/1/5 0:00,1
,1,3367,79,lb,4,21.87,2026/1/5 0:00,2099/12/31 23:59,2026/1/5 0:00,1,2026/1/5 0:00,1
,1,3367,80,lb,4,21.98,2026/1/5 0:00,2099/12/31 23:59,2026/1/5 0:00,1,2026/1/5 0:00,1
,1,3367,81,lb,4,22.52,2026/1/5 0:00,2099/12/31 23:59,2026/1/5 0:00,1,2026/1/5 0:00,1
,1,3367,82,lb,4,23.53,2026/1/5 0:00,2099/12/31 23:59,2026/1/5 0:00,1,2026/1/5 0:00,1
,1,3367,83,lb,4,23.53,2026/1/5 0:00,2099/12/31 23:59,2026/1/5 0:00,1,2026/1/5 0:00,1
,1,3367,84,lb,4,24.22,2026/1/5 0:00,2099/12/31 23:59,2026/1/5 0:00,1,2026/1/5 0:00,1
,1,3367,85,lb,4,24.24,2026/1/5 0:00,2099/12/31 23:59,2026/1/5 0:00,1,2026/1/5 0:00,1
,1,3367,86,lb,4,25.19,2026/1/5 0:00,2099/12/31 23:59,2026/1/5 0:00,1,2026/1/5 0:00,1
,1,3367,87,lb,4,25.19,2026/1/5 0:00,2099/12/31 23:59,2026/1/5 0:00,1,2026/1/5 0:00,1
,1,3367,88,lb,4,25.79,2026/1/5 0:00,2099/12/31 23:59,2026/1/5 0:00,1,2026/1/5 0:00,1
,1,3367,89,lb,4,26.49,2026/1/5 0:00,2099/12/31 23:59,2026/1/5 0:00,1,2026/1/5 0:00,1
,1,3367,90,lb,4,27.62,2026/1/5 0:00,2099/12/31 23:59,2026/1/5 0:00,1,2026/1/5 0:00,1
,1,3367,91,lb,4,27.62,2026/1/5 0:00,2099/12/31 23:59,2026/1/5 0:00,1,2026/1/5 0:00,1
,1,3367,92,lb,4,27.77,2026/1/5 0:00,2099/12/31 23:59,2026/1/5 0:00,1,2026/1/5 0:00,1
,1,3367,93,lb,4,28.32,2026/1/5 0:00,2099/12/31 23:59,2026/1/5 0:00,1,2026/1/5 0:00,1
,1,3367,94,lb,4,28.45,2026/1/5 0:00,2099/12/31 23:59,2026/1/5 0:00,1,2026/1/5 0:00,1
,1,3367,95,lb,4,28.63,2026/1/5 0:00,2099/12/31 23:59,2026/1/5 0:00,1,2026/1/5 0:00,1
,1,3367,96,lb,4,29.69,2026/1/5 0:00,2099/12/31 23:59,2026/1/5 0:00,1,2026/1/5 0:00,1
,1,3367,97,lb,4,30.12,2026/1/5 0:00,2099/12/31 23:59,2026/1/5 0:00,1,2026/1/5 0:00,1
,1,3367,98,lb,4,30.13,2026/1/5 0:00,2099/12/31 23:59,2026/1/5 0:00,1,2026/1/5 0:00,1
,1,3367,99,lb,4,30.74,2026/1/5 0:00,2099/12/31 23:59,2026/1/5 0:00,1,2026/1/5 0:00,1
,1,3367,100,lb,4,30.74,2026/1/5 0:00,2099/12/31 23:59,2026/1/5 0:00,1,2026/1/5 0:00,1
,1,3367,101,lb,4,31.27,2026/1/5 0:00,2099/12/31 23:59,2026/1/5 0:00,1,2026/1/5 0:00,1
,1,3367,102,lb,4,31.28,2026/1/5 0:00,2099/12/31 23:59,2026/1/5 0:00,1,2026/1/5 0:00,1
,1,3367,103,lb,4,31.92,2026/1/5 0:00,2099/12/31 23:59,2026/1/5 0:00,1,2026/1/5 0:00,1
,1,3367,104,lb,4,31.92,2026/1/5 0:00,2099/12/31 23:59,2026/1/5 0:00,1,2026/1/5 0:00,1
,1,3367,105,lb,4,32.68,2026/1/5 0:00,2099/12/31 23:59,2026/1/5 0:00,1,2026/1/5 0:00,1
,1,3367,106,lb,4,32.73,2026/1/5 0:00,2099/12/31 23:59,2026/1/5 0:00,1,2026/1/5 0:00,1
,1,3367,107,lb,4,33.19,2026/1/5 0:00,2099/12/31 23:59,2026/1/5 0:00,1,2026/1/5 0:00,1
,1,3367,108,lb,4,33.19,2026/1/5 0:00,2099/12/31 23:59,2026/1/5 0:00,1,2026/1/5 0:00,1
,1,3367,109,lb,4,33.86,2026/1/5 0:00,2099/12/31 23:59,2026/1/5 0:00,1,2026/1/5 0:00,1
,1,3367,110,lb,4,34.57,2026/1/5 0:00,2099/12/31 23:59,2026/1/5 0:00,1,2026/1/5 0:00,1
,1,3367,111,lb,4,35.33,2026/1/5 0:00,2099/12/31 23:59,2026/1/5 0:00,1,2026/1/5 0:00,1
,1,3367,112,lb,4,35.34,2026/1/5 0:00,2099/12/31 23:59,2026/1/5 0:00,1,2026/1/5 0:00,1
,1,3367,113,lb,4,35.73,2026/1/5 0:00,2099/12/31 23:59,2026/1/5 0:00,1,2026/1/5 0:00,1
,1,3367,114,lb,4,36.19,2026/1/5 0:00,2099/12/31 23:59,2026/1/5 0:00,1,2026/1/5 0:00,1
,1,3367,115,lb,4,36.8,2026/1/5 0:00,2099/12/31 23:59,2026/1/5 0:00,1,2026/1/5 0:00,1
,1,3367,116,lb,4,37.27,2026/1/5 0:00,2099/12/31 23:59,2026/1/5 0:00,1,2026/1/5 0:00,1
,1,3367,117,lb,4,37.28,2026/1/5 0:00,2099/12/31 23:59,2026/1/5 0:00,1,2026/1/5 0:00,1
,1,3367,118,lb,4,37.32,2026/1/5 0:00,2099/12/31 23:59,2026/1/5 0:00,1,2026/1/5 0:00,1
,1,3367,119,lb,4,38.43,2026/1/5 0:00,2099/12/31 23:59,2026/1/5 0:00,1,2026/1/5 0:00,1
,1,3367,120,lb,4,38.44,2026/1/5 0:00,2099/12/31 23:59,2026/1/5 0:00,1,2026/1/5 0:00,1
,1,3367,121,lb,4,38.44,2026/1/5 0:00,2099/12/31 23:59,2026/1/5 0:00,1,2026/1/5 0:00,1
,1,3367,122,lb,4,38.86,2026/1/5 0:00,2099/12/31 23:59,2026/1/5 0:00,1,2026/1/5 0:00,1
,1,3367,123,lb,4,40.4,2026/1/5 0:00,2099/12/31 23:59,2026/1/5 0:00,1,2026/1/5 0:00,1
,1,3367,124,lb,4,40.45,2026/1/5 0:00,2099/12/31 23:59,2026/1/5 0:00,1,2026/1/5 0:00,1
,1,3367,125,lb,4,40.45,2026/1/5 0:00,2099/12/31 23:59,2026/1/5 0:00,1,2026/1/5 0:00,1
,1,3367,126,lb,4,40.86,2026/1/5 0:00,2099/12/31 23:59,2026/1/5 0:00,1,2026/1/5 0:00,1
,1,3367,127,lb,4,41.66,2026/1/5 0:00,2099/12/31 23:59,2026/1/5 0:00,1,2026/1/5 0:00,1
,1,3367,128,lb,4,41.66,2026/1/5 0:00,2099/12/31 23:59,2026/1/5 0:00,1,2026/1/5 0:00,1
,1,3367,129,lb,4,41.66,2026/1/5 0:00,2099/12/31 23:59,2026/1/5 0:00,1,2026/1/5 0:00,1
,1,3367,130,lb,4,41.73,2026/1/5 0:00,2099/12/31 23:59,2026/1/5 0:00,1,2026/1/5 0:00,1
,1,3367,131,lb,4,42.98,2026/1/5 0:00,2099/12/31 23:59,2026/1/5 0:00,1,2026/1/5 0:00,1
,1,3367,132,lb,4,42.98,2026/1/5 0:00,2099/12/31 23:59,2026/1/5 0:00,1,2026/1/5 0:00,1
,1,3367,133,lb,4,42.99,2026/1/5 0:00,2099/12/31 23:59,2026/1/5 0:00,1,2026/1/5 0:00,1
,1,3367,134,lb,4,43.66,2026/1/5 0:00,2099/12/31 23:59,2026/1/5 0:00,1,2026/1/5 0:00,1
,1,3367,135,lb,4,44.5,2026/1/5 0:00,2099/12/31 23:59,2026/1/5 0:00,1,2026/1/5 0:00,1
,1,3367,136,lb,4,45.22,2026/1/5 0:00,2099/12/31 23:59,2026/1/5 0:00,1,2026/1/5 0:00,1
,1,3367,137,lb,4,45.99,2026/1/5 0:00,2099/12/31 23:59,2026/1/5 0:00,1,2026/1/5 0:00,1
,1,3367,138,lb,4,46.2,2026/1/5 0:00,2099/12/31 23:59,2026/1/5 0:00,1,2026/1/5 0:00,1
,1,3367,139,lb,4,46.21,2026/1/5 0:00,2099/12/31 23:59,2026/1/5 0:00,1,2026/1/5 0:00,1
,1,3367,140,lb,4,46.32,2026/1/5 0:00,2099/12/31 23:59,2026/1/5 0:00,1,2026/1/5 0:00,1
,1,3367,141,lb,4,47.09,2026/1/5 0:00,2099/12/31 23:59,2026/1/5 0:00,1,2026/1/5 0:00,1
,1,3367,142,lb,4,47.5,2026/1/5 0:00,2099/12/31 23:59,2026/1/5 0:00,1,2026/1/5 0:00,1
,1,3367,143,lb,4,47.51,2026/1/5 0:00,2099/12/31 23:59,2026/1/5 0:00,1,2026/1/5 0:00,1
,1,3367,144,lb,4,49.26,2026/1/5 0:00,2099/12/31 23:59,2026/1/5 0:00,1,2026/1/5 0:00,1
,1,3367,145,lb,4,49.27,2026/1/5 0:00,2099/12/31 23:59,2026/1/5 0:00,1,2026/1/5 0:00,1
,1,3367,146,lb,4,49.32,2026/1/5 0:00,2099/12/31 23:59,2026/1/5 0:00,1,2026/1/5 0:00,1
,1,3367,147,lb,4,49.68,2026/1/5 0:00,2099/12/31 23:59,2026/1/5 0:00,1,2026/1/5 0:00,1
,1,3367,148,lb,4,50.03,2026/1/5 0:00,2099/12/31 23:59,2026/1/5 0:00,1,2026/1/5 0:00,1
,1,3367,149,lb,4,50.04,2026/1/5 0:00,2099/12/31 23:59,2026/1/5 0:00,1,2026/1/5 0:00,1
,1,3367,150,lb,4,50.13,2026/1/5 0:00,2099/12/31 23:59,2026/1/5 0:00,1,2026/1/5 0:00,1
,1,3367,1,lb,5,9.76,2026/1/5 0:00,2099/12/31 23:59,2026/1/5 0:00,1,2026/1/5 0:00,1
,1,3367,2,lb,5,9.76,2026/1/5 0:00,2099/12/31 23:59,2026/1/5 0:00,1,2026/1/5 0:00,1
,1,3367,3,lb,5,9.76,2026/1/5 0:00,2099/12/31 23:59,2026/1/5 0:00,1,2026/1/5 0:00,1
,1,3367,4,lb,5,9.76,2026/1/5 0:00,2099/12/31 23:59,2026/1/5 0:00,1,2026/1/5 0:00,1
,1,3367,5,lb,5,9.76,2026/1/5 0:00,2099/12/31 23:59,2026/1/5 0:00,1,2026/1/5 0:00,1
,1,3367,6,lb,5,9.76,2026/1/5 0:00,2099/12/31 23:59,2026/1/5 0:00,1,2026/1/5 0:00,1
,1,3367,7,lb,5,9.88,2026/1/5 0:00,2099/12/31 23:59,2026/1/5 0:00,1,2026/1/5 0:00,1
,1,3367,8,lb,5,10.16,2026/1/5 0:00,2099/12/31 23:59,2026/1/5 0:00,1,2026/1/5 0:00,1
,1,3367,9,lb,5,10.25,2026/1/5 0:00,2099/12/31 23:59,2026/1/5 0:00,1,2026/1/5 0:00,1
,1,3367,10,lb,5,10.5,2026/1/5 0:00,2099/12/31 23:59,2026/1/5 0:00,1,2026/1/5 0:00,1
,1,3367,11,lb,5,9.76,2026/1/5 0:00,2099/12/31 23:59,2026/1/5 0:00,1,2026/1/5 0:00,1
,1,3367,12,lb,5,9.76,2026/1/5 0:00,2099/12/31 23:59,2026/1/5 0:00,1,2026/1/5 0:00,1
,1,3367,13,lb,5,9.76,2026/1/5 0:00,2099/12/31 23:59,2026/1/5 0:00,1,2026/1/5 0:00,1
,1,3367,14,lb,5,9.76,2026/1/5 0:00,2099/12/31 23:59,2026/1/5 0:00,1,2026/1/5 0:00,1
,1,3367,15,lb,5,9.76,2026/1/5 0:00,2099/12/31 23:59,2026/1/5 0:00,1,2026/1/5 0:00,1
,1,3367,16,lb,5,9.76,2026/1/5 0:00,2099/12/31 23:59,2026/1/5 0:00,1,2026/1/5 0:00,1
,1,3367,17,lb,5,9.76,2026/1/5 0:00,2099/12/31 23:59,2026/1/5 0:00,1,2026/1/5 0:00,1
,1,3367,18,lb,5,9.76,2026/1/5 0:00,2099/12/31 23:59,2026/1/5 0:00,1,2026/1/5 0:00,1
,1,3367,19,lb,5,10.16,2026/1/5 0:00,2099/12/31 23:59,2026/1/5 0:00,1,2026/1/5 0:00,1
,1,3367,20,lb,5,10.49,2026/1/5 0:00,2099/12/31 23:59,2026/1/5 0:00,1,2026/1/5 0:00,1
,1,3367,21,lb,5,10.69,2026/1/5 0:00,2099/12/31 23:59,2026/1/5 0:00,1,2026/1/5 0:00,1
,1,3367,22,lb,5,11.05,2026/1/5 0:00,2099/12/31 23:59,2026/1/5 0:00,1,2026/1/5 0:00,1
,1,3367,23,lb,5,11.18,2026/1/5 0:00,2099/12/31 23:59,2026/1/5 0:00,1,2026/1/5 0:00,1
,1,3367,24,lb,5,11.86,2026/1/5 0:00,2099/12/31 23:59,2026/1/5 0:00,1,2026/1/5 0:00,1
,1,3367,25,lb,5,12,2026/1/5 0:00,2099/12/31 23:59,2026/1/5 0:00,1,2026/1/5 0:00,1
,1,3367,26,lb,5,12.5,2026/1/5 0:00,2099/12/31 23:59,2026/1/5 0:00,1,2026/1/5 0:00,1
,1,3367,27,lb,5,12.7,2026/1/5 0:00,2099/12/31 23:59,2026/1/5 0:00,1,2026/1/5 0:00,1
,1,3367,28,lb,5,13.42,2026/1/5 0:00,2099/12/31 23:59,2026/1/5 0:00,1,2026/1/5 0:00,1
,1,3367,29,lb,5,13.45,2026/1/5 0:00,2099/12/31 23:59,2026/1/5 0:00,1,2026/1/5 0:00,1
,1,3367,30,lb,5,13.98,2026/1/5 0:00,2099/12/31 23:59,2026/1/5 0:00,1,2026/1/5 0:00,1
,1,3367,31,lb,5,13.99,2026/1/5 0:00,2099/12/31 23:59,2026/1/5 0:00,1,2026/1/5 0:00,1
,1,3367,32,lb,5,13.99,2026/1/5 0:00,2099/12/31 23:59,2026/1/5 0:00,1,2026/1/5 0:00,1
,1,3367,33,lb,5,14.64,2026/1/5 0:00,2099/12/31 23:59,2026/1/5 0:00,1,2026/1/5 0:00,1
,1,3367,34,lb,5,15.16,2026/1/5 0:00,2099/12/31 23:59,2026/1/5 0:00,1,2026/1/5 0:00,1
,1,3367,35,lb,5,15.4,2026/1/5 0:00,2099/12/31 23:59,2026/1/5 0:00,1,2026/1/5 0:00,1
,1,3367,36,lb,5,15.99,2026/1/5 0:00,2099/12/31 23:59,2026/1/5 0:00,1,2026/1/5 0:00,1
,1,3367,37,lb,5,16.22,2026/1/5 0:00,2099/12/31 23:59,2026/1/5 0:00,1,2026/1/5 0:00,1
,1,3367,38,lb,5,16.62,2026/1/5 0:00,2099/12/31 23:59,2026/1/5 0:00,1,2026/1/5 0:00,1
,1,3367,39,lb,5,17.16,2026/1/5 0:00,2099/12/31 23:59,2026/1/5 0:00,1,2026/1/5 0:00,1
,1,3367,40,lb,5,17.2,2026/1/5 0:00,2099/12/31 23:59,2026/1/5 0:00,1,2026/1/5 0:00,1
,1,3367,41,lb,5,17.79,2026/1/5 0:00,2099/12/31 23:59,2026/1/5 0:00,1,2026/1/5 0:00,1
,1,3367,42,lb,5,17.81,2026/1/5 0:00,2099/12/31 23:59,2026/1/5 0:00,1,2026/1/5 0:00,1
,1,3367,43,lb,5,18.75,2026/1/5 0:00,2099/12/31 23:59,2026/1/5 0:00,1,2026/1/5 0:00,1
,1,3367,44,lb,5,19.08,2026/1/5 0:00,2099/12/31 23:59,2026/1/5 0:00,1,2026/1/5 0:00,1
,1,3367,45,lb,5,19.09,2026/1/5 0:00,2099/12/31 23:59,2026/1/5 0:00,1,2026/1/5 0:00,1
,1,3367,46,lb,5,19.55,2026/1/5 0:00,2099/12/31 23:59,2026/1/5 0:00,1,2026/1/5 0:00,1
,1,3367,47,lb,5,19.69,2026/1/5 0:00,2099/12/31 23:59,2026/1/5 0:00,1,2026/1/5 0:00,1
,1,3367,48,lb,5,20.29,2026/1/5 0:00,2099/12/31 23:59,2026/1/5 0:00,1,2026/1/5 0:00,1
,1,3367,49,lb,5,20.3,2026/1/5 0:00,2099/12/31 23:59,2026/1/5 0:00,1,2026/1/5 0:00,1
,1,3367,50,lb,5,20.33,2026/1/5 0:00,2099/12/31 23:59,2026/1/5 0:00,1,2026/1/5 0:00,1
,1,3367,51,lb,5,20.36,2026/1/5 0:00,2099/12/31 23:59,2026/1/5 0:00,1,2026/1/5 0:00,1
,1,3367,52,lb,5,20.38,2026/1/5 0:00,2099/12/31 23:59,2026/1/5 0:00,1,2026/1/5 0:00,1
,1,3367,53,lb,5,20.49,2026/1/5 0:00,2099/12/31 23:59,2026/1/5 0:00,1,2026/1/5 0:00,1
,1,3367,54,lb,5,20.53,2026/1/5 0:00,2099/12/31 23:59,2026/1/5 0:00,1,2026/1/5 0:00,1
,1,3367,55,lb,5,20.63,2026/1/5 0:00,2099/12/31 23:59,2026/1/5 0:00,1,2026/1/5 0:00,1
,1,3367,56,lb,5,20.64,2026/1/5 0:00,2099/12/31 23:59,2026/1/5 0:00,1,2026/1/5 0:00,1
,1,3367,57,lb,5,21.25,2026/1/5 0:00,2099/12/31 23:59,2026/1/5 0:00,1,2026/1/5 0:00,1
,1,3367,58,lb,5,21.28,2026/1/5 0:00,2099/12/31 23:59,2026/1/5 0:00,1,2026/1/5 0:00,1
,1,3367,59,lb,5,21.29,2026/1/5 0:00,2099/12/31 23:59,2026/1/5 0:00,1,2026/1/5 0:00,1
,1,3367,60,lb,5,22.02,2026/1/5 0:00,2099/12/31 23:59,2026/1/5 0:00,1,2026/1/5 0:00,1
,1,3367,61,lb,5,22.04,2026/1/5 0:00,2099/12/31 23:59,2026/1/5 0:00,1,2026/1/5 0:00,1
,1,3367,62,lb,5,22.55,2026/1/5 0:00,2099/12/31 23:59,2026/1/5 0:00,1,2026/1/5 0:00,1
,1,3367,63,lb,5,22.55,2026/1/5 0:00,2099/12/31 23:59,2026/1/5 0:00,1,2026/1/5 0:00,1
,1,3367,64,lb,5,22.57,2026/1/5 0:00,2099/12/31 23:59,2026/1/5 0:00,1,2026/1/5 0:00,1
,1,3367,65,lb,5,22.6,2026/1/5 0:00,2099/12/31 23:59,2026/1/5 0:00,1,2026/1/5 0:00,1
,1,3367,66,lb,5,22.79,2026/1/5 0:00,2099/12/31 23:59,2026/1/5 0:00,1,2026/1/5 0:00,1
,1,3367,67,lb,5,22.81,2026/1/5 0:00,2099/12/31 23:59,2026/1/5 0:00,1,2026/1/5 0:00,1
,1,3367,68,lb,5,23.28,2026/1/5 0:00,2099/12/31 23:59,2026/1/5 0:00,1,2026/1/5 0:00,1
,1,3367,69,lb,5,23.47,2026/1/5 0:00,2099/12/31 23:59,2026/1/5 0:00,1,2026/1/5 0:00,1
,1,3367,70,lb,5,24.28,2026/1/5 0:00,2099/12/31 23:59,2026/1/5 0:00,1,2026/1/5 0:00,1
,1,3367,71,lb,5,24.3,2026/1/5 0:00,2099/12/31 23:59,2026/1/5 0:00,1,2026/1/5 0:00,1
,1,3367,72,lb,5,24.48,2026/1/5 0:00,2099/12/31 23:59,2026/1/5 0:00,1,2026/1/5 0:00,1
,1,3367,73,lb,5,24.67,2026/1/5 0:00,2099/12/31 23:59,2026/1/5 0:00,1,2026/1/5 0:00,1
,1,3367,74,lb,5,24.85,2026/1/5 0:00,2099/12/31 23:59,2026/1/5 0:00,1,2026/1/5 0:00,1
,1,3367,75,lb,5,24.88,2026/1/5 0:00,2099/12/31 23:59,2026/1/5 0:00,1,2026/1/5 0:00,1
,1,3367,76,lb,5,25.22,2026/1/5 0:00,2099/12/31 23:59,2026/1/5 0:00,1,2026/1/5 0:00,1
,1,3367,77,lb,5,25.33,2026/1/5 0:00,2099/12/31 23:59,2026/1/5 0:00,1,2026/1/5 0:00,1
,1,3367,78,lb,5,25.6,2026/1/5 0:00,2099/12/31 23:59,2026/1/5 0:00,1,2026/1/5 0:00,1
,1,3367,79,lb,5,25.81,2026/1/5 0:00,2099/12/31 23:59,2026/1/5 0:00,1,2026/1/5 0:00,1
,1,3367,80,lb,5,26.62,2026/1/5 0:00,2099/12/31 23:59,2026/1/5 0:00,1,2026/1/5 0:00,1
,1,3367,81,lb,5,26.62,2026/1/5 0:00,2099/12/31 23:59,2026/1/5 0:00,1,2026/1/5 0:00,1
,1,3367,82,lb,5,27.46,2026/1/5 0:00,2099/12/31 23:59,2026/1/5 0:00,1,2026/1/5 0:00,1
,1,3367,83,lb,5,27.49,2026/1/5 0:00,2099/12/31 23:59,2026/1/5 0:00,1,2026/1/5 0:00,1
,1,3367,84,lb,5,27.76,2026/1/5 0:00,2099/12/31 23:59,2026/1/5 0:00,1,2026/1/5 0:00,1
,1,3367,85,lb,5,27.99,2026/1/5 0:00,2099/12/31 23:59,2026/1/5 0:00,1,2026/1/5 0:00,1
,1,3367,86,lb,5,28.74,2026/1/5 0:00,2099/12/31 23:59,2026/1/5 0:00,1,2026/1/5 0:00,1
,1,3367,87,lb,5,28.74,2026/1/5 0:00,2099/12/31 23:59,2026/1/5 0:00,1,2026/1/5 0:00,1
,1,3367,88,lb,5,29.44,2026/1/5 0:00,2099/12/31 23:59,2026/1/5 0:00,1,2026/1/5 0:00,1
,1,3367,89,lb,5,29.76,2026/1/5 0:00,2099/12/31 23:59,2026/1/5 0:00,1,2026/1/5 0:00,1
,1,3367,90,lb,5,30.64,2026/1/5 0:00,2099/12/31 23:59,2026/1/5 0:00,1,2026/1/5 0:00,1
,1,3367,91,lb,5,30.66,2026/1/5 0:00,2099/12/31 23:59,2026/1/5 0:00,1,2026/1/5 0:00,1
,1,3367,92,lb,5,30.9,2026/1/5 0:00,2099/12/31 23:59,2026/1/5 0:00,1,2026/1/5 0:00,1
,1,3367,93,lb,5,30.96,2026/1/5 0:00,2099/12/31 23:59,2026/1/5 0:00,1,2026/1/5 0:00,1
,1,3367,94,lb,5,31.36,2026/1/5 0:00,2099/12/31 23:59,2026/1/5 0:00,1,2026/1/5 0:00,1
,1,3367,95,lb,5,31.78,2026/1/5 0:00,2099/12/31 23:59,2026/1/5 0:00,1,2026/1/5 0:00,1
,1,3367,96,lb,5,31.9,2026/1/5 0:00,2099/12/31 23:59,2026/1/5 0:00,1,2026/1/5 0:00,1
,1,3367,97,lb,5,32.63,2026/1/5 0:00,2099/12/31 23:59,2026/1/5 0:00,1,2026/1/5 0:00,1
,1,3367,98,lb,5,33.02,2026/1/5 0:00,2099/12/31 23:59,2026/1/5 0:00,1,2026/1/5 0:00,1
,1,3367,99,lb,5,33.18,2026/1/5 0:00,2099/12/31 23:59,2026/1/5 0:00,1,2026/1/5 0:00,1
,1,3367,100,lb,5,33.38,2026/1/5 0:00,2099/12/31 23:59,2026/1/5 0:00,1,2026/1/5 0:00,1
,1,3367,101,lb,5,33.96,2026/1/5 0:00,2099/12/31 23:59,2026/1/5 0:00,1,2026/1/5 0:00,1
,1,3367,102,lb,5,33.96,2026/1/5 0:00,2099/12/31 23:59,2026/1/5 0:00,1,2026/1/5 0:00,1
,1,3367,103,lb,5,33.96,2026/1/5 0:00,2099/12/31 23:59,2026/1/5 0:00,1,2026/1/5 0:00,1
,1,3367,104,lb,5,33.97,2026/1/5 0:00,2099/12/31 23:59,2026/1/5 0:00,1,2026/1/5 0:00,1
,1,3367,105,lb,5,35.23,2026/1/5 0:00,2099/12/31 23:59,2026/1/5 0:00,1,2026/1/5 0:00,1
,1,3367,106,lb,5,35.24,2026/1/5 0:00,2099/12/31 23:59,2026/1/5 0:00,1,2026/1/5 0:00,1
,1,3367,107,lb,5,35.35,2026/1/5 0:00,2099/12/31 23:59,2026/1/5 0:00,1,2026/1/5 0:00,1
,1,3367,108,lb,5,35.35,2026/1/5 0:00,2099/12/31 23:59,2026/1/5 0:00,1,2026/1/5 0:00,1
,1,3367,109,lb,5,36.31,2026/1/5 0:00,2099/12/31 23:59,2026/1/5 0:00,1,2026/1/5 0:00,1
,1,3367,110,lb,5,36.95,2026/1/5 0:00,2099/12/31 23:59,2026/1/5 0:00,1,2026/1/5 0:00,1
,1,3367,111,lb,5,37.09,2026/1/5 0:00,2099/12/31 23:59,2026/1/5 0:00,1,2026/1/5 0:00,1
,1,3367,112,lb,5,37.09,2026/1/5 0:00,2099/12/31 23:59,2026/1/5 0:00,1,2026/1/5 0:00,1
,1,3367,113,lb,5,37.43,2026/1/5 0:00,2099/12/31 23:59,2026/1/5 0:00,1,2026/1/5 0:00,1
,1,3367,114,lb,5,38.16,2026/1/5 0:00,2099/12/31 23:59,2026/1/5 0:00,1,2026/1/5 0:00,1
,1,3367,115,lb,5,38.85,2026/1/5 0:00,2099/12/31 23:59,2026/1/5 0:00,1,2026/1/5 0:00,1
,1,3367,116,lb,5,39.02,2026/1/5 0:00,2099/12/31 23:59,2026/1/5 0:00,1,2026/1/5 0:00,1
,1,3367,117,lb,5,39.44,2026/1/5 0:00,2099/12/31 23:59,2026/1/5 0:00,1,2026/1/5 0:00,1
,1,3367,118,lb,5,39.56,2026/1/5 0:00,2099/12/31 23:59,2026/1/5 0:00,1,2026/1/5 0:00,1
,1,3367,119,lb,5,40.05,2026/1/5 0:00,2099/12/31 23:59,2026/1/5 0:00,1,2026/1/5 0:00,1
,1,3367,120,lb,5,40.13,2026/1/5 0:00,2099/12/31 23:59,2026/1/5 0:00,1,2026/1/5 0:00,1
,1,3367,121,lb,5,40.14,2026/1/5 0:00,2099/12/31 23:59,2026/1/5 0:00,1,2026/1/5 0:00,1
,1,3367,122,lb,5,40.8,2026/1/5 0:00,2099/12/31 23:59,2026/1/5 0:00,1,2026/1/5 0:00,1
,1,3367,123,lb,5,41.52,2026/1/5 0:00,2099/12/31 23:59,2026/1/5 0:00,1,2026/1/5 0:00,1
,1,3367,124,lb,5,41.53,2026/1/5 0:00,2099/12/31 23:59,2026/1/5 0:00,1,2026/1/5 0:00,1
,1,3367,125,lb,5,41.6,2026/1/5 0:00,2099/12/31 23:59,2026/1/5 0:00,1,2026/1/5 0:00,1
,1,3367,126,lb,5,41.61,2026/1/5 0:00,2099/12/31 23:59,2026/1/5 0:00,1,2026/1/5 0:00,1
,1,3367,127,lb,5,42.48,2026/1/5 0:00,2099/12/31 23:59,2026/1/5 0:00,1,2026/1/5 0:00,1
,1,3367,128,lb,5,42.85,2026/1/5 0:00,2099/12/31 23:59,2026/1/5 0:00,1,2026/1/5 0:00,1
,1,3367,129,lb,5,42.87,2026/1/5 0:00,2099/12/31 23:59,2026/1/5 0:00,1,2026/1/5 0:00,1
,1,3367,130,lb,5,42.87,2026/1/5 0:00,2099/12/31 23:59,2026/1/5 0:00,1,2026/1/5 0:00,1
,1,3367,131,lb,5,43.85,2026/1/5 0:00,2099/12/31 23:59,2026/1/5 0:00,1,2026/1/5 0:00,1
,1,3367,132,lb,5,43.85,2026/1/5 0:00,2099/12/31 23:59,2026/1/5 0:00,1,2026/1/5 0:00,1
,1,3367,133,lb,5,43.85,2026/1/5 0:00,2099/12/31 23:59,2026/1/5 0:00,1,2026/1/5 0:00,1
,1,3367,134,lb,5,44.88,2026/1/5 0:00,2099/12/31 23:59,2026/1/5 0:00,1,2026/1/5 0:00,1
,1,3367,135,lb,5,45.69,2026/1/5 0:00,2099/12/31 23:59,2026/1/5 0:00,1,2026/1/5 0:00,1
,1,3367,136,lb,5,46.08,2026/1/5 0:00,2099/12/31 23:59,2026/1/5 0:00,1,2026/1/5 0:00,1
,1,3367,137,lb,5,46.52,2026/1/5 0:00,2099/12/31 23:59,2026/1/5 0:00,1,2026/1/5 0:00,1
,1,3367,138,lb,5,46.55,2026/1/5 0:00,2099/12/31 23:59,2026/1/5 0:00,1,2026/1/5 0:00,1
,1,3367,139,lb,5,46.56,2026/1/5 0:00,2099/12/31 23:59,2026/1/5 0:00,1,2026/1/5 0:00,1
,1,3367,140,lb,5,47.19,2026/1/5 0:00,2099/12/31 23:59,2026/1/5 0:00,1,2026/1/5 0:00,1
,1,3367,141,lb,5,47.65,2026/1/5 0:00,2099/12/31 23:59,2026/1/5 0:00,1,2026/1/5 0:00,1
,1,3367,142,lb,5,48.03,2026/1/5 0:00,2099/12/31 23:59,2026/1/5 0:00,1,2026/1/5 0:00,1
,1,3367,143,lb,5,48.42,2026/1/5 0:00,2099/12/31 23:59,2026/1/5 0:00,1,2026/1/5 0:00,1
,1,3367,144,lb,5,49.83,2026/1/5 0:00,2099/12/31 23:59,2026/1/5 0:00,1,2026/1/5 0:00,1
,1,3367,145,lb,5,49.94,2026/1/5 0:00,2099/12/31 23:59,2026/1/5 0:00,1,2026/1/5 0:00,1
,1,3367,146,lb,5,49.94,2026/1/5 0:00,2099/12/31 23:59,2026/1/5 0:00,1,2026/1/5 0:00,1
,1,3367,147,lb,5,50.16,2026/1/5 0:00,2099/12/31 23:59,2026/1/5 0:00,1,2026/1/5 0:00,1
,1,3367,148,lb,5,50.77,2026/1/5 0:00,2099/12/31 23:59,2026/1/5 0:00,1,2026/1/5 0:00,1
,1,3367,149,lb,5,51.14,2026/1/5 0:00,2099/12/31 23:59,2026/1/5 0:00,1,2026/1/5 0:00,1
,1,3367,150,lb,5,51.57,2026/1/5 0:00,2099/12/31 23:59,2026/1/5 0:00,1,2026/1/5 0:00,1
,1,3367,1,lb,6,9.76,2026/1/5 0:00,2099/12/31 23:59,2026/1/5 0:00,1,2026/1/5 0:00,1
,1,3367,2,lb,6,9.76,2026/1/5 0:00,2099/12/31 23:59,2026/1/5 0:00,1,2026/1/5 0:00,1
,1,3367,3,lb,6,9.76,2026/1/5 0:00,2099/12/31 23:59,2026/1/5 0:00,1,2026/1/5 0:00,1
,1,3367,4,lb,6,9.76,2026/1/5 0:00,2099/12/31 23:59,2026/1/5 0:00,1,2026/1/5 0:00,1
,1,3367,5,lb,6,9.98,2026/1/5 0:00,2099/12/31 23:59,2026/1/5 0:00,1,2026/1/5 0:00,1
,1,3367,6,lb,6,9.98,2026/1/5 0:00,2099/12/31 23:59,2026/1/5 0:00,1,2026/1/5 0:00,1
,1,3367,7,lb,6,10.12,2026/1/5 0:00,2099/12/31 23:59,2026/1/5 0:00,1,2026/1/5 0:00,1
,1,3367,8,lb,6,10.52,2026/1/5 0:00,2099/12/31 23:59,2026/1/5 0:00,1,2026/1/5 0:00,1
,1,3367,9,lb,6,10.75,2026/1/5 0:00,2099/12/31 23:59,2026/1/5 0:00,1,2026/1/5 0:00,1
,1,3367,10,lb,6,10.88,2026/1/5 0:00,2099/12/31 23:59,2026/1/5 0:00,1,2026/1/5 0:00,1
,1,3367,11,lb,6,9.76,2026/1/5 0:00,2099/12/31 23:59,2026/1/5 0:00,1,2026/1/5 0:00,1
,1,3367,12,lb,6,9.76,2026/1/5 0:00,2099/12/31 23:59,2026/1/5 0:00,1,2026/1/5 0:00,1
,1,3367,13,lb,6,9.76,2026/1/5 0:00,2099/12/31 23:59,2026/1/5 0:00,1,2026/1/5 0:00,1
,1,3367,14,lb,6,9.76,2026/1/5 0:00,2099/12/31 23:59,2026/1/5 0:00,1,2026/1/5 0:00,1
,1,3367,15,lb,6,10.18,2026/1/5 0:00,2099/12/31 23:59,2026/1/5 0:00,1,2026/1/5 0:00,1
,1,3367,16,lb,6,10.59,2026/1/5 0:00,2099/12/31 23:59,2026/1/5 0:00,1,2026/1/5 0:00,1
,1,3367,17,lb,6,10.96,2026/1/5 0:00,2099/12/31 23:59,2026/1/5 0:00,1,2026/1/5 0:00,1
,1,3367,18,lb,6,11.53,2026/1/5 0:00,2099/12/31 23:59,2026/1/5 0:00,1,2026/1/5 0:00,1
,1,3367,19,lb,6,11.83,2026/1/5 0:00,2099/12/31 23:59,2026/1/5 0:00,1,2026/1/5 0:00,1
,1,3367,20,lb,6,12.24,2026/1/5 0:00,2099/12/31 23:59,2026/1/5 0:00,1,2026/1/5 0:00,1
,1,3367,21,lb,6,12.7,2026/1/5 0:00,2099/12/31 23:59,2026/1/5 0:00,1,2026/1/5 0:00,1
,1,3367,22,lb,6,13.22,2026/1/5 0:00,2099/12/31 23:59,2026/1/5 0:00,1,2026/1/5 0:00,1
,1,3367,23,lb,6,13.72,2026/1/5 0:00,2099/12/31 23:59,2026/1/5 0:00,1,2026/1/5 0:00,1
,1,3367,24,lb,6,14.47,2026/1/5 0:00,2099/12/31 23:59,2026/1/5 0:00,1,2026/1/5 0:00,1
,1,3367,25,lb,6,14.79,2026/1/5 0:00,2099/12/31 23:59,2026/1/5 0:00,1,2026/1/5 0:00,1
,1,3367,26,lb,6,15.33,2026/1/5 0:00,2099/12/31 23:59,2026/1/5 0:00,1,2026/1/5 0:00,1
,1,3367,27,lb,6,15.94,2026/1/5 0:00,2099/12/31 23:59,2026/1/5 0:00,1,2026/1/5 0:00,1
,1,3367,28,lb,6,16.72,2026/1/5 0:00,2099/12/31 23:59,2026/1/5 0:00,1,2026/1/5 0:00,1
,1,3367,29,lb,6,17.19,2026/1/5 0:00,2099/12/31 23:59,2026/1/5 0:00,1,2026/1/5 0:00,1
,1,3367,30,lb,6,17.47,2026/1/5 0:00,2099/12/31 23:59,2026/1/5 0:00,1,2026/1/5 0:00,1
,1,3367,31,lb,6,17.65,2026/1/5 0:00,2099/12/31 23:59,2026/1/5 0:00,1,2026/1/5 0:00,1
,1,3367,32,lb,6,17.73,2026/1/5 0:00,2099/12/31 23:59,2026/1/5 0:00,1,2026/1/5 0:00,1
,1,3367,33,lb,6,18.76,2026/1/5 0:00,2099/12/31 23:59,2026/1/5 0:00,1,2026/1/5 0:00,1
,1,3367,34,lb,6,18.86,2026/1/5 0:00,2099/12/31 23:59,2026/1/5 0:00,1,2026/1/5 0:00,1
,1,3367,35,lb,6,19.18,2026/1/5 0:00,2099/12/31 23:59,2026/1/5 0:00,1,2026/1/5 0:00,1
,1,3367,36,lb,6,19.98,2026/1/5 0:00,2099/12/31 23:59,2026/1/5 0:00,1,2026/1/5 0:00,1
,1,3367,37,lb,6,20.08,2026/1/5 0:00,2099/12/31 23:59,2026/1/5 0:00,1,2026/1/5 0:00,1
,1,3367,38,lb,6,20.52,2026/1/5 0:00,2099/12/31 23:59,2026/1/5 0:00,1,2026/1/5 0:00,1
,1,3367,39,lb,6,21.34,2026/1/5 0:00,2099/12/31 23:59,2026/1/5 0:00,1,2026/1/5 0:00,1
,1,3367,40,lb,6,21.49,2026/1/5 0:00,2099/12/31 23:59,2026/1/5 0:00,1,2026/1/5 0:00,1
,1,3367,41,lb,6,22.36,2026/1/5 0:00,2099/12/31 23:59,2026/1/5 0:00,1,2026/1/5 0:00,1
,1,3367,42,lb,6,22.49,2026/1/5 0:00,2099/12/31 23:59,2026/1/5 0:00,1,2026/1/5 0:00,1
,1,3367,43,lb,6,23.71,2026/1/5 0:00,2099/12/31 23:59,2026/1/5 0:00,1,2026/1/5 0:00,1
,1,3367,44,lb,6,23.77,2026/1/5 0:00,2099/12/31 23:59,2026/1/5 0:00,1,2026/1/5 0:00,1
,1,3367,45,lb,6,23.85,2026/1/5 0:00,2099/12/31 23:59,2026/1/5 0:00,1,2026/1/5 0:00,1
,1,3367,46,lb,6,24.47,2026/1/5 0:00,2099/12/31 23:59,2026/1/5 0:00,1,2026/1/5 0:00,1
,1,3367,47,lb,6,24.83,2026/1/5 0:00,2099/12/31 23:59,2026/1/5 0:00,1,2026/1/5 0:00,1
,1,3367,48,lb,6,25.17,2026/1/5 0:00,2099/12/31 23:59,2026/1/5 0:00,1,2026/1/5 0:00,1
,1,3367,49,lb,6,25.55,2026/1/5 0:00,2099/12/31 23:59,2026/1/5 0:00,1,2026/1/5 0:00,1
,1,3367,50,lb,6,25.59,2026/1/5 0:00,2099/12/31 23:59,2026/1/5 0:00,1,2026/1/5 0:00,1
,1,3367,51,lb,6,25.71,2026/1/5 0:00,2099/12/31 23:59,2026/1/5 0:00,1,2026/1/5 0:00,1
,1,3367,52,lb,6,25.73,2026/1/5 0:00,2099/12/31 23:59,2026/1/5 0:00,1,2026/1/5 0:00,1
,1,3367,53,lb,6,25.73,2026/1/5 0:00,2099/12/31 23:59,2026/1/5 0:00,1,2026/1/5 0:00,1
,1,3367,54,lb,6,25.73,2026/1/5 0:00,2099/12/31 23:59,2026/1/5 0:00,1,2026/1/5 0:00,1
,1,3367,55,lb,6,25.77,2026/1/5 0:00,2099/12/31 23:59,2026/1/5 0:00,1,2026/1/5 0:00,1
,1,3367,56,lb,6,25.77,2026/1/5 0:00,2099/12/31 23:59,2026/1/5 0:00,1,2026/1/5 0:00,1
,1,3367,57,lb,6,25.79,2026/1/5 0:00,2099/12/31 23:59,2026/1/5 0:00,1,2026/1/5 0:00,1
,1,3367,58,lb,6,25.79,2026/1/5 0:00,2099/12/31 23:59,2026/1/5 0:00,1,2026/1/5 0:00,1
,1,3367,59,lb,6,25.94,2026/1/5 0:00,2099/12/31 23:59,2026/1/5 0:00,1,2026/1/5 0:00,1
,1,3367,60,lb,6,26.43,2026/1/5 0:00,2099/12/31 23:59,2026/1/5 0:00,1,2026/1/5 0:00,1
,1,3367,61,lb,6,26.43,2026/1/5 0:00,2099/12/31 23:59,2026/1/5 0:00,1,2026/1/5 0:00,1
,1,3367,62,lb,6,26.84,2026/1/5 0:00,2099/12/31 23:59,2026/1/5 0:00,1,2026/1/5 0:00,1
,1,3367,63,lb,6,27.02,2026/1/5 0:00,2099/12/31 23:59,2026/1/5 0:00,1,2026/1/5 0:00,1
,1,3367,64,lb,6,27.21,2026/1/5 0:00,2099/12/31 23:59,2026/1/5 0:00,1,2026/1/5 0:00,1
,1,3367,65,lb,6,27.44,2026/1/5 0:00,2099/12/31 23:59,2026/1/5 0:00,1,2026/1/5 0:00,1
,1,3367,66,lb,6,27.46,2026/1/5 0:00,2099/12/31 23:59,2026/1/5 0:00,1,2026/1/5 0:00,1
,1,3367,67,lb,6,27.67,2026/1/5 0:00,2099/12/31 23:59,2026/1/5 0:00,1,2026/1/5 0:00,1
,1,3367,68,lb,6,28.08,2026/1/5 0:00,2099/12/31 23:59,2026/1/5 0:00,1,2026/1/5 0:00,1
,1,3367,69,lb,6,28.49,2026/1/5 0:00,2099/12/31 23:59,2026/1/5 0:00,1,2026/1/5 0:00,1
,1,3367,70,lb,6,28.79,2026/1/5 0:00,2099/12/31 23:59,2026/1/5 0:00,1,2026/1/5 0:00,1
,1,3367,71,lb,6,28.9,2026/1/5 0:00,2099/12/31 23:59,2026/1/5 0:00,1,2026/1/5 0:00,1
,1,3367,72,lb,6,29.38,2026/1/5 0:00,2099/12/31 23:59,2026/1/5 0:00,1,2026/1/5 0:00,1
,1,3367,73,lb,6,29.66,2026/1/5 0:00,2099/12/31 23:59,2026/1/5 0:00,1,2026/1/5 0:00,1
,1,3367,74,lb,6,30.14,2026/1/5 0:00,2099/12/31 23:59,2026/1/5 0:00,1,2026/1/5 0:00,1
,1,3367,75,lb,6,30.15,2026/1/5 0:00,2099/12/31 23:59,2026/1/5 0:00,1,2026/1/5 0:00,1
,1,3367,76,lb,6,30.53,2026/1/5 0:00,2099/12/31 23:59,2026/1/5 0:00,1,2026/1/5 0:00,1
,1,3367,77,lb,6,30.7,2026/1/5 0:00,2099/12/31 23:59,2026/1/5 0:00,1,2026/1/5 0:00,1
,1,3367,78,lb,6,30.9,2026/1/5 0:00,2099/12/31 23:59,2026/1/5 0:00,1,2026/1/5 0:00,1
,1,3367,79,lb,6,31.55,2026/1/5 0:00,2099/12/31 23:59,2026/1/5 0:00,1,2026/1/5 0:00,1
,1,3367,80,lb,6,32.37,2026/1/5 0:00,2099/12/31 23:59,2026/1/5 0:00,1,2026/1/5 0:00,1
,1,3367,81,lb,6,32.49,2026/1/5 0:00,2099/12/31 23:59,2026/1/5 0:00,1,2026/1/5 0:00,1
,1,3367,82,lb,6,32.66,2026/1/5 0:00,2099/12/31 23:59,2026/1/5 0:00,1,2026/1/5 0:00,1
,1,3367,83,lb,6,32.67,2026/1/5 0:00,2099/12/31 23:59,2026/1/5 0:00,1,2026/1/5 0:00,1
,1,3367,84,lb,6,33.47,2026/1/5 0:00,2099/12/31 23:59,2026/1/5 0:00,1,2026/1/5 0:00,1
,1,3367,85,lb,6,33.67,2026/1/5 0:00,2099/12/31 23:59,2026/1/5 0:00,1,2026/1/5 0:00,1
,1,3367,86,lb,6,34.4,2026/1/5 0:00,2099/12/31 23:59,2026/1/5 0:00,1,2026/1/5 0:00,1
,1,3367,87,lb,6,34.85,2026/1/5 0:00,2099/12/31 23:59,2026/1/5 0:00,1,2026/1/5 0:00,1
,1,3367,88,lb,6,34.98,2026/1/5 0:00,2099/12/31 23:59,2026/1/5 0:00,1,2026/1/5 0:00,1
,1,3367,89,lb,6,35.74,2026/1/5 0:00,2099/12/31 23:59,2026/1/5 0:00,1,2026/1/5 0:00,1
,1,3367,90,lb,6,36.24,2026/1/5 0:00,2099/12/31 23:59,2026/1/5 0:00,1,2026/1/5 0:00,1
,1,3367,91,lb,6,36.28,2026/1/5 0:00,2099/12/31 23:59,2026/1/5 0:00,1,2026/1/5 0:00,1
,1,3367,92,lb,6,36.64,2026/1/5 0:00,2099/12/31 23:59,2026/1/5 0:00,1,2026/1/5 0:00,1
,1,3367,93,lb,6,36.72,2026/1/5 0:00,2099/12/31 23:59,2026/1/5 0:00,1,2026/1/5 0:00,1
,1,3367,94,lb,6,37.61,2026/1/5 0:00,2099/12/31 23:59,2026/1/5 0:00,1,2026/1/5 0:00,1
,1,3367,95,lb,6,37.62,2026/1/5 0:00,2099/12/31 23:59,2026/1/5 0:00,1,2026/1/5 0:00,1
,1,3367,96,lb,6,37.62,2026/1/5 0:00,2099/12/31 23:59,2026/1/5 0:00,1,2026/1/5 0:00,1
,1,3367,97,lb,6,38.75,2026/1/5 0:00,2099/12/31 23:59,2026/1/5 0:00,1,2026/1/5 0:00,1
,1,3367,98,lb,6,39.18,2026/1/5 0:00,2099/12/31 23:59,2026/1/5 0:00,1,2026/1/5 0:00,1
,1,3367,99,lb,6,39.19,2026/1/5 0:00,2099/12/31 23:59,2026/1/5 0:00,1,2026/1/5 0:00,1
,1,3367,100,lb,6,39.37,2026/1/5 0:00,2099/12/31 23:59,2026/1/5 0:00,1,2026/1/5 0:00,1
,1,3367,101,lb,6,39.74,2026/1/5 0:00,2099/12/31 23:59,2026/1/5 0:00,1,2026/1/5 0:00,1
,1,3367,102,lb,6,39.74,2026/1/5 0:00,2099/12/31 23:59,2026/1/5 0:00,1,2026/1/5 0:00,1
,1,3367,103,lb,6,39.85,2026/1/5 0:00,2099/12/31 23:59,2026/1/5 0:00,1,2026/1/5 0:00,1
,1,3367,104,lb,6,39.85,2026/1/5 0:00,2099/12/31 23:59,2026/1/5 0:00,1,2026/1/5 0:00,1
,1,3367,105,lb,6,40.83,2026/1/5 0:00,2099/12/31 23:59,2026/1/5 0:00,1,2026/1/5 0:00,1
,1,3367,106,lb,6,40.83,2026/1/5 0:00,2099/12/31 23:59,2026/1/5 0:00,1,2026/1/5 0:00,1
,1,3367,107,lb,6,40.85,2026/1/5 0:00,2099/12/31 23:59,2026/1/5 0:00,1,2026/1/5 0:00,1
,1,3367,108,lb,6,41.21,2026/1/5 0:00,2099/12/31 23:59,2026/1/5 0:00,1,2026/1/5 0:00,1
,1,3367,109,lb,6,41.57,2026/1/5 0:00,2099/12/31 23:59,2026/1/5 0:00,1,2026/1/5 0:00,1
,1,3367,110,lb,6,42.71,2026/1/5 0:00,2099/12/31 23:59,2026/1/5 0:00,1,2026/1/5 0:00,1
,1,3367,111,lb,6,42.72,2026/1/5 0:00,2099/12/31 23:59,2026/1/5 0:00,1,2026/1/5 0:00,1
,1,3367,112,lb,6,43.06,2026/1/5 0:00,2099/12/31 23:59,2026/1/5 0:00,1,2026/1/5 0:00,1
,1,3367,113,lb,6,43.07,2026/1/5 0:00,2099/12/31 23:59,2026/1/5 0:00,1,2026/1/5 0:00,1
,1,3367,114,lb,6,44.22,2026/1/5 0:00,2099/12/31 23:59,2026/1/5 0:00,1,2026/1/5 0:00,1
,1,3367,115,lb,6,44.57,2026/1/5 0:00,2099/12/31 23:59,2026/1/5 0:00,1,2026/1/5 0:00,1
,1,3367,116,lb,6,44.78,2026/1/5 0:00,2099/12/31 23:59,2026/1/5 0:00,1,2026/1/5 0:00,1
,1,3367,117,lb,6,44.86,2026/1/5 0:00,2099/12/31 23:59,2026/1/5 0:00,1,2026/1/5 0:00,1
,1,3367,118,lb,6,45.62,2026/1/5 0:00,2099/12/31 23:59,2026/1/5 0:00,1,2026/1/5 0:00,1
,1,3367,119,lb,6,45.62,2026/1/5 0:00,2099/12/31 23:59,2026/1/5 0:00,1,2026/1/5 0:00,1
,1,3367,120,lb,6,45.99,2026/1/5 0:00,2099/12/31 23:59,2026/1/5 0:00,1,2026/1/5 0:00,1
,1,3367,121,lb,6,46.28,2026/1/5 0:00,2099/12/31 23:59,2026/1/5 0:00,1,2026/1/5 0:00,1
,1,3367,122,lb,6,47,2026/1/5 0:00,2099/12/31 23:59,2026/1/5 0:00,1,2026/1/5 0:00,1
,1,3367,123,lb,6,47.01,2026/1/5 0:00,2099/12/31 23:59,2026/1/5 0:00,1,2026/1/5 0:00,1
,1,3367,124,lb,6,47.23,2026/1/5 0:00,2099/12/31 23:59,2026/1/5 0:00,1,2026/1/5 0:00,1
,1,3367,125,lb,6,47.31,2026/1/5 0:00,2099/12/31 23:59,2026/1/5 0:00,1,2026/1/5 0:00,1
,1,3367,126,lb,6,47.61,2026/1/5 0:00,2099/12/31 23:59,2026/1/5 0:00,1,2026/1/5 0:00,1
,1,3367,127,lb,6,48.93,2026/1/5 0:00,2099/12/31 23:59,2026/1/5 0:00,1,2026/1/5 0:00,1
,1,3367,128,lb,6,49.04,2026/1/5 0:00,2099/12/31 23:59,2026/1/5 0:00,1,2026/1/5 0:00,1
,1,3367,129,lb,6,49.04,2026/1/5 0:00,2099/12/31 23:59,2026/1/5 0:00,1,2026/1/5 0:00,1
,1,3367,130,lb,6,49.05,2026/1/5 0:00,2099/12/31 23:59,2026/1/5 0:00,1,2026/1/5 0:00,1
,1,3367,131,lb,6,49.77,2026/1/5 0:00,2099/12/31 23:59,2026/1/5 0:00,1,2026/1/5 0:00,1
,1,3367,132,lb,6,49.78,2026/1/5 0:00,2099/12/31 23:59,2026/1/5 0:00,1,2026/1/5 0:00,1
,1,3367,133,lb,6,50.03,2026/1/5 0:00,2099/12/31 23:59,2026/1/5 0:00,1,2026/1/5 0:00,1
,1,3367,134,lb,6,51.27,2026/1/5 0:00,2099/12/31 23:59,2026/1/5 0:00,1,2026/1/5 0:00,1
,1,3367,135,lb,6,51.52,2026/1/5 0:00,2099/12/31 23:59,2026/1/5 0:00,1,2026/1/5 0:00,1
,1,3367,136,lb,6,51.9,2026/1/5 0:00,2099/12/31 23:59,2026/1/5 0:00,1,2026/1/5 0:00,1
,1,3367,137,lb,6,52.9,2026/1/5 0:00,2099/12/31 23:59,2026/1/5 0:00,1,2026/1/5 0:00,1
,1,3367,138,lb,6,52.9,2026/1/5 0:00,2099/12/31 23:59,2026/1/5 0:00,1,2026/1/5 0:00,1
,1,3367,139,lb,6,52.91,2026/1/5 0:00,2099/12/31 23:59,2026/1/5 0:00,1,2026/1/5 0:00,1
,1,3367,140,lb,6,53.05,2026/1/5 0:00,2099/12/31 23:59,2026/1/5 0:00,1,2026/1/5 0:00,1
,1,3367,141,lb,6,53.65,2026/1/5 0:00,2099/12/31 23:59,2026/1/5 0:00,1,2026/1/5 0:00,1
,1,3367,142,lb,6,53.85,2026/1/5 0:00,2099/12/31 23:59,2026/1/5 0:00,1,2026/1/5 0:00,1
,1,3367,143,lb,6,53.96,2026/1/5 0:00,2099/12/31 23:59,2026/1/5 0:00,1,2026/1/5 0:00,1
,1,3367,144,lb,6,55.29,2026/1/5 0:00,2099/12/31 23:59,2026/1/5 0:00,1,2026/1/5 0:00,1
,1,3367,145,lb,6,56.11,2026/1/5 0:00,2099/12/31 23:59,2026/1/5 0:00,1,2026/1/5 0:00,1
,1,3367,146,lb,6,56.12,2026/1/5 0:00,2099/12/31 23:59,2026/1/5 0:00,1,2026/1/5 0:00,1
,1,3367,147,lb,6,56.52,2026/1/5 0:00,2099/12/31 23:59,2026/1/5 0:00,1,2026/1/5 0:00,1
,1,3367,148,lb,6,56.7,2026/1/5 0:00,2099/12/31 23:59,2026/1/5 0:00,1,2026/1/5 0:00,1
,1,3367,149,lb,6,56.71,2026/1/5 0:00,2099/12/31 23:59,2026/1/5 0:00,1,2026/1/5 0:00,1
,1,3367,150,lb,6,56.82,2026/1/5 0:00,2099/12/31 23:59,2026/1/5 0:00,1,2026/1/5 0:00,1
,1,3367,1,lb,7,9.76,2026/1/5 0:00,2099/12/31 23:59,2026/1/5 0:00,1,2026/1/5 0:00,1
,1,3367,2,lb,7,9.76,2026/1/5 0:00,2099/12/31 23:59,2026/1/5 0:00,1,2026/1/5 0:00,1
,1,3367,3,lb,7,9.76,2026/1/5 0:00,2099/12/31 23:59,2026/1/5 0:00,1,2026/1/5 0:00,1
,1,3367,4,lb,7,10.07,2026/1/5 0:00,2099/12/31 23:59,2026/1/5 0:00,1,2026/1/5 0:00,1
,1,3367,5,lb,7,10.54,2026/1/5 0:00,2099/12/31 23:59,2026/1/5 0:00,1,2026/1/5 0:00,1
,1,3367,6,lb,7,10.54,2026/1/5 0:00,2099/12/31 23:59,2026/1/5 0:00,1,2026/1/5 0:00,1
,1,3367,7,lb,7,10.78,2026/1/5 0:00,2099/12/31 23:59,2026/1/5 0:00,1,2026/1/5 0:00,1
,1,3367,8,lb,7,11.24,2026/1/5 0:00,2099/12/31 23:59,2026/1/5 0:00,1,2026/1/5 0:00,1
,1,3367,9,lb,7,11.67,2026/1/5 0:00,2099/12/31 23:59,2026/1/5 0:00,1,2026/1/5 0:00,1
,1,3367,10,lb,7,12.23,2026/1/5 0:00,2099/12/31 23:59,2026/1/5 0:00,1,2026/1/5 0:00,1
,1,3367,11,lb,7,10.08,2026/1/5 0:00,2099/12/31 23:59,2026/1/5 0:00,1,2026/1/5 0:00,1
,1,3367,12,lb,7,10.56,2026/1/5 0:00,2099/12/31 23:59,2026/1/5 0:00,1,2026/1/5 0:00,1
,1,3367,13,lb,7,11.16,2026/1/5 0:00,2099/12/31 23:59,2026/1/5 0:00,1,2026/1/5 0:00,1
,1,3367,14,lb,7,12,2026/1/5 0:00,2099/12/31 23:59,2026/1/5 0:00,1,2026/1/5 0:00,1
,1,3367,15,lb,7,12.29,2026/1/5 0:00,2099/12/31 23:59,2026/1/5 0:00,1,2026/1/5 0:00,1
,1,3367,16,lb,7,13.02,2026/1/5 0:00,2099/12/31 23:59,2026/1/5 0:00,1,2026/1/5 0:00,1
,1,3367,17,lb,7,13.59,2026/1/5 0:00,2099/12/31 23:59,2026/1/5 0:00,1,2026/1/5 0:00,1
,1,3367,18,lb,7,14.1,2026/1/5 0:00,2099/12/31 23:59,2026/1/5 0:00,1,2026/1/5 0:00,1
,1,3367,19,lb,7,14.37,2026/1/5 0:00,2099/12/31 23:59,2026/1/5 0:00,1,2026/1/5 0:00,1
,1,3367,20,lb,7,14.91,2026/1/5 0:00,2099/12/31 23:59,2026/1/5 0:00,1,2026/1/5 0:00,1
,1,3367,21,lb,7,15.43,2026/1/5 0:00,2099/12/31 23:59,2026/1/5 0:00,1,2026/1/5 0:00,1
,1,3367,22,lb,7,15.99,2026/1/5 0:00,2099/12/31 23:59,2026/1/5 0:00,1,2026/1/5 0:00,1
,1,3367,23,lb,7,16.38,2026/1/5 0:00,2099/12/31 23:59,2026/1/5 0:00,1,2026/1/5 0:00,1
,1,3367,24,lb,7,16.93,2026/1/5 0:00,2099/12/31 23:59,2026/1/5 0:00,1,2026/1/5 0:00,1
,1,3367,25,lb,7,17.87,2026/1/5 0:00,2099/12/31 23:59,2026/1/5 0:00,1,2026/1/5 0:00,1
,1,3367,26,lb,7,18.6,2026/1/5 0:00,2099/12/31 23:59,2026/1/5 0:00,1,2026/1/5 0:00,1
,1,3367,27,lb,7,18.94,2026/1/5 0:00,2099/12/31 23:59,2026/1/5 0:00,1,2026/1/5 0:00,1
,1,3367,28,lb,7,19.8,2026/1/5 0:00,2099/12/31 23:59,2026/1/5 0:00,1,2026/1/5 0:00,1
,1,3367,29,lb,7,20.24,2026/1/5 0:00,2099/12/31 23:59,2026/1/5 0:00,1,2026/1/5 0:00,1
,1,3367,30,lb,7,20.35,2026/1/5 0:00,2099/12/31 23:59,2026/1/5 0:00,1,2026/1/5 0:00,1
,1,3367,31,lb,7,20.81,2026/1/5 0:00,2099/12/31 23:59,2026/1/5 0:00,1,2026/1/5 0:00,1
,1,3367,32,lb,7,20.81,2026/1/5 0:00,2099/12/31 23:59,2026/1/5 0:00,1,2026/1/5 0:00,1
,1,3367,33,lb,7,21.49,2026/1/5 0:00,2099/12/31 23:59,2026/1/5 0:00,1,2026/1/5 0:00,1
,1,3367,34,lb,7,22.14,2026/1/5 0:00,2099/12/31 23:59,2026/1/5 0:00,1,2026/1/5 0:00,1
,1,3367,35,lb,7,22.71,2026/1/5 0:00,2099/12/31 23:59,2026/1/5 0:00,1,2026/1/5 0:00,1
,1,3367,36,lb,7,23.48,2026/1/5 0:00,2099/12/31 23:59,2026/1/5 0:00,1,2026/1/5 0:00,1
,1,3367,37,lb,7,24.24,2026/1/5 0:00,2099/12/31 23:59,2026/1/5 0:00,1,2026/1/5 0:00,1
,1,3367,38,lb,7,24.33,2026/1/5 0:00,2099/12/31 23:59,2026/1/5 0:00,1,2026/1/5 0:00,1
,1,3367,39,lb,7,25.29,2026/1/5 0:00,2099/12/31 23:59,2026/1/5 0:00,1,2026/1/5 0:00,1
,1,3367,40,lb,7,25.29,2026/1/5 0:00,2099/12/31 23:59,2026/1/5 0:00,1,2026/1/5 0:00,1
,1,3367,41,lb,7,26.07,2026/1/5 0:00,2099/12/31 23:59,2026/1/5 0:00,1,2026/1/5 0:00,1
,1,3367,42,lb,7,26.52,2026/1/5 0:00,2099/12/31 23:59,2026/1/5 0:00,1,2026/1/5 0:00,1
,1,3367,43,lb,7,27.48,2026/1/5 0:00,2099/12/31 23:59,2026/1/5 0:00,1,2026/1/5 0:00,1
,1,3367,44,lb,7,28.19,2026/1/5 0:00,2099/12/31 23:59,2026/1/5 0:00,1,2026/1/5 0:00,1
,1,3367,45,lb,7,28.89,2026/1/5 0:00,2099/12/31 23:59,2026/1/5 0:00,1,2026/1/5 0:00,1
,1,3367,46,lb,7,29.19,2026/1/5 0:00,2099/12/31 23:59,2026/1/5 0:00,1,2026/1/5 0:00,1
,1,3367,47,lb,7,29.76,2026/1/5 0:00,2099/12/31 23:59,2026/1/5 0:00,1,2026/1/5 0:00,1
,1,3367,48,lb,7,30.26,2026/1/5 0:00,2099/12/31 23:59,2026/1/5 0:00,1,2026/1/5 0:00,1
,1,3367,49,lb,7,30.87,2026/1/5 0:00,2099/12/31 23:59,2026/1/5 0:00,1,2026/1/5 0:00,1
,1,3367,50,lb,7,30.91,2026/1/5 0:00,2099/12/31 23:59,2026/1/5 0:00,1,2026/1/5 0:00,1
,1,3367,51,lb,7,31.07,2026/1/5 0:00,2099/12/31 23:59,2026/1/5 0:00,1,2026/1/5 0:00,1
,1,3367,52,lb,7,31.07,2026/1/5 0:00,2099/12/31 23:59,2026/1/5 0:00,1,2026/1/5 0:00,1
,1,3367,53,lb,7,31.07,2026/1/5 0:00,2099/12/31 23:59,2026/1/5 0:00,1,2026/1/5 0:00,1
,1,3367,54,lb,7,31.08,2026/1/5 0:00,2099/12/31 23:59,2026/1/5 0:00,1,2026/1/5 0:00,1
,1,3367,55,lb,7,31.08,2026/1/5 0:00,2099/12/31 23:59,2026/1/5 0:00,1,2026/1/5 0:00,1
,1,3367,56,lb,7,31.11,2026/1/5 0:00,2099/12/31 23:59,2026/1/5 0:00,1,2026/1/5 0:00,1
,1,3367,57,lb,7,31.14,2026/1/5 0:00,2099/12/31 23:59,2026/1/5 0:00,1,2026/1/5 0:00,1
,1,3367,58,lb,7,31.17,2026/1/5 0:00,2099/12/31 23:59,2026/1/5 0:00,1,2026/1/5 0:00,1
,1,3367,59,lb,7,31.23,2026/1/5 0:00,2099/12/31 23:59,2026/1/5 0:00,1,2026/1/5 0:00,1
,1,3367,60,lb,7,31.24,2026/1/5 0:00,2099/12/31 23:59,2026/1/5 0:00,1,2026/1/5 0:00,1
,1,3367,61,lb,7,31.24,2026/1/5 0:00,2099/12/31 23:59,2026/1/5 0:00,1,2026/1/5 0:00,1
,1,3367,62,lb,7,31.7,2026/1/5 0:00,2099/12/31 23:59,2026/1/5 0:00,1,2026/1/5 0:00,1
,1,3367,63,lb,7,31.97,2026/1/5 0:00,2099/12/31 23:59,2026/1/5 0:00,1,2026/1/5 0:00,1
,1,3367,64,lb,7,31.97,2026/1/5 0:00,2099/12/31 23:59,2026/1/5 0:00,1,2026/1/5 0:00,1
,1,3367,65,lb,7,32.04,2026/1/5 0:00,2099/12/31 23:59,2026/1/5 0:00,1,2026/1/5 0:00,1
,1,3367,66,lb,7,32.14,2026/1/5 0:00,2099/12/31 23:59,2026/1/5 0:00,1,2026/1/5 0:00,1
,1,3367,67,lb,7,32.3,2026/1/5 0:00,2099/12/31 23:59,2026/1/5 0:00,1,2026/1/5 0:00,1
,1,3367,68,lb,7,32.79,2026/1/5 0:00,2099/12/31 23:59,2026/1/5 0:00,1,2026/1/5 0:00,1
,1,3367,69,lb,7,32.82,2026/1/5 0:00,2099/12/31 23:59,2026/1/5 0:00,1,2026/1/5 0:00,1
,1,3367,70,lb,7,32.84,2026/1/5 0:00,2099/12/31 23:59,2026/1/5 0:00,1,2026/1/5 0:00,1
,1,3367,71,lb,7,33.23,2026/1/5 0:00,2099/12/31 23:59,2026/1/5 0:00,1,2026/1/5 0:00,1
,1,3367,72,lb,7,34.65,2026/1/5 0:00,2099/12/31 23:59,2026/1/5 0:00,1,2026/1/5 0:00,1
,1,3367,73,lb,7,34.67,2026/1/5 0:00,2099/12/31 23:59,2026/1/5 0:00,1,2026/1/5 0:00,1
,1,3367,74,lb,7,34.71,2026/1/5 0:00,2099/12/31 23:59,2026/1/5 0:00,1,2026/1/5 0:00,1
,1,3367,75,lb,7,35.07,2026/1/5 0:00,2099/12/31 23:59,2026/1/5 0:00,1,2026/1/5 0:00,1
,1,3367,76,lb,7,35.29,2026/1/5 0:00,2099/12/31 23:59,2026/1/5 0:00,1,2026/1/5 0:00,1
,1,3367,77,lb,7,36.31,2026/1/5 0:00,2099/12/31 23:59,2026/1/5 0:00,1,2026/1/5 0:00,1
,1,3367,78,lb,7,36.58,2026/1/5 0:00,2099/12/31 23:59,2026/1/5 0:00,1,2026/1/5 0:00,1
,1,3367,79,lb,7,37.14,2026/1/5 0:00,2099/12/31 23:59,2026/1/5 0:00,1,2026/1/5 0:00,1
,1,3367,80,lb,7,37.88,2026/1/5 0:00,2099/12/31 23:59,2026/1/5 0:00,1,2026/1/5 0:00,1
,1,3367,81,lb,7,37.88,2026/1/5 0:00,2099/12/31 23:59,2026/1/5 0:00,1,2026/1/5 0:00,1
,1,3367,82,lb,7,38.86,2026/1/5 0:00,2099/12/31 23:59,2026/1/5 0:00,1,2026/1/5 0:00,1
,1,3367,83,lb,7,38.86,2026/1/5 0:00,2099/12/31 23:59,2026/1/5 0:00,1,2026/1/5 0:00,1
,1,3367,84,lb,7,39.32,2026/1/5 0:00,2099/12/31 23:59,2026/1/5 0:00,1,2026/1/5 0:00,1
,1,3367,85,lb,7,39.75,2026/1/5 0:00,2099/12/31 23:59,2026/1/5 0:00,1,2026/1/5 0:00,1
,1,3367,86,lb,7,40.87,2026/1/5 0:00,2099/12/31 23:59,2026/1/5 0:00,1,2026/1/5 0:00,1
,1,3367,87,lb,7,40.91,2026/1/5 0:00,2099/12/31 23:59,2026/1/5 0:00,1,2026/1/5 0:00,1
,1,3367,88,lb,7,40.95,2026/1/5 0:00,2099/12/31 23:59,2026/1/5 0:00,1,2026/1/5 0:00,1
,1,3367,89,lb,7,41.36,2026/1/5 0:00,2099/12/31 23:59,2026/1/5 0:00,1,2026/1/5 0:00,1
,1,3367,90,lb,7,42.33,2026/1/5 0:00,2099/12/31 23:59,2026/1/5 0:00,1,2026/1/5 0:00,1
,1,3367,91,lb,7,42.34,2026/1/5 0:00,2099/12/31 23:59,2026/1/5 0:00,1,2026/1/5 0:00,1
,1,3367,92,lb,7,42.34,2026/1/5 0:00,2099/12/31 23:59,2026/1/5 0:00,1,2026/1/5 0:00,1
,1,3367,93,lb,7,42.34,2026/1/5 0:00,2099/12/31 23:59,2026/1/5 0:00,1,2026/1/5 0:00,1
,1,3367,94,lb,7,42.35,2026/1/5 0:00,2099/12/31 23:59,2026/1/5 0:00,1,2026/1/5 0:00,1
,1,3367,95,lb,7,42.5,2026/1/5 0:00,2099/12/31 23:59,2026/1/5 0:00,1,2026/1/5 0:00,1
,1,3367,96,lb,7,42.5,2026/1/5 0:00,2099/12/31 23:59,2026/1/5 0:00,1,2026/1/5 0:00,1
,1,3367,97,lb,7,43.11,2026/1/5 0:00,2099/12/31 23:59,2026/1/5 0:00,1,2026/1/5 0:00,1
,1,3367,98,lb,7,43.11,2026/1/5 0:00,2099/12/31 23:59,2026/1/5 0:00,1,2026/1/5 0:00,1
,1,3367,99,lb,7,43.55,2026/1/5 0:00,2099/12/31 23:59,2026/1/5 0:00,1,2026/1/5 0:00,1
,1,3367,100,lb,7,43.58,2026/1/5 0:00,2099/12/31 23:59,2026/1/5 0:00,1,2026/1/5 0:00,1
,1,3367,101,lb,7,43.99,2026/1/5 0:00,2099/12/31 23:59,2026/1/5 0:00,1,2026/1/5 0:00,1
,1,3367,102,lb,7,44,2026/1/5 0:00,2099/12/31 23:59,2026/1/5 0:00,1,2026/1/5 0:00,1
,1,3367,103,lb,7,44.03,2026/1/5 0:00,2099/12/31 23:59,2026/1/5 0:00,1,2026/1/5 0:00,1
,1,3367,104,lb,7,44.04,2026/1/5 0:00,2099/12/31 23:59,2026/1/5 0:00,1,2026/1/5 0:00,1
,1,3367,105,lb,7,45.39,2026/1/5 0:00,2099/12/31 23:59,2026/1/5 0:00,1,2026/1/5 0:00,1
,1,3367,106,lb,7,45.39,2026/1/5 0:00,2099/12/31 23:59,2026/1/5 0:00,1,2026/1/5 0:00,1
,1,3367,107,lb,7,45.4,2026/1/5 0:00,2099/12/31 23:59,2026/1/5 0:00,1,2026/1/5 0:00,1
,1,3367,108,lb,7,45.4,2026/1/5 0:00,2099/12/31 23:59,2026/1/5 0:00,1,2026/1/5 0:00,1
,1,3367,109,lb,7,46.21,2026/1/5 0:00,2099/12/31 23:59,2026/1/5 0:00,1,2026/1/5 0:00,1
,1,3367,110,lb,7,47.41,2026/1/5 0:00,2099/12/31 23:59,2026/1/5 0:00,1,2026/1/5 0:00,1
,1,3367,111,lb,7,47.42,2026/1/5 0:00,2099/12/31 23:59,2026/1/5 0:00,1,2026/1/5 0:00,1
,1,3367,112,lb,7,47.42,2026/1/5 0:00,2099/12/31 23:59,2026/1/5 0:00,1,2026/1/5 0:00,1
,1,3367,113,lb,7,47.43,2026/1/5 0:00,2099/12/31 23:59,2026/1/5 0:00,1,2026/1/5 0:00,1
,1,3367,114,lb,7,48.61,2026/1/5 0:00,2099/12/31 23:59,2026/1/5 0:00,1,2026/1/5 0:00,1
,1,3367,115,lb,7,49.44,2026/1/5 0:00,2099/12/31 23:59,2026/1/5 0:00,1,2026/1/5 0:00,1
,1,3367,116,lb,7,50.16,2026/1/5 0:00,2099/12/31 23:59,2026/1/5 0:00,1,2026/1/5 0:00,1
,1,3367,117,lb,7,50.16,2026/1/5 0:00,2099/12/31 23:59,2026/1/5 0:00,1,2026/1/5 0:00,1
,1,3367,118,lb,7,50.16,2026/1/5 0:00,2099/12/31 23:59,2026/1/5 0:00,1,2026/1/5 0:00,1
,1,3367,119,lb,7,50.57,2026/1/5 0:00,2099/12/31 23:59,2026/1/5 0:00,1,2026/1/5 0:00,1
,1,3367,120,lb,7,50.75,2026/1/5 0:00,2099/12/31 23:59,2026/1/5 0:00,1,2026/1/5 0:00,1
,1,3367,121,lb,7,50.75,2026/1/5 0:00,2099/12/31 23:59,2026/1/5 0:00,1,2026/1/5 0:00,1
,1,3367,122,lb,7,52.03,2026/1/5 0:00,2099/12/31 23:59,2026/1/5 0:00,1,2026/1/5 0:00,1
,1,3367,123,lb,7,52.4,2026/1/5 0:00,2099/12/31 23:59,2026/1/5 0:00,1,2026/1/5 0:00,1
,1,3367,124,lb,7,52.4,2026/1/5 0:00,2099/12/31 23:59,2026/1/5 0:00,1,2026/1/5 0:00,1
,1,3367,125,lb,7,52.41,2026/1/5 0:00,2099/12/31 23:59,2026/1/5 0:00,1,2026/1/5 0:00,1
,1,3367,126,lb,7,52.51,2026/1/5 0:00,2099/12/31 23:59,2026/1/5 0:00,1,2026/1/5 0:00,1
,1,3367,127,lb,7,53.36,2026/1/5 0:00,2099/12/31 23:59,2026/1/5 0:00,1,2026/1/5 0:00,1
,1,3367,128,lb,7,53.47,2026/1/5 0:00,2099/12/31 23:59,2026/1/5 0:00,1,2026/1/5 0:00,1
,1,3367,129,lb,7,53.47,2026/1/5 0:00,2099/12/31 23:59,2026/1/5 0:00,1,2026/1/5 0:00,1
,1,3367,130,lb,7,54.16,2026/1/5 0:00,2099/12/31 23:59,2026/1/5 0:00,1,2026/1/5 0:00,1
,1,3367,131,lb,7,54.57,2026/1/5 0:00,2099/12/31 23:59,2026/1/5 0:00,1,2026/1/5 0:00,1
,1,3367,132,lb,7,54.57,2026/1/5 0:00,2099/12/31 23:59,2026/1/5 0:00,1,2026/1/5 0:00,1
,1,3367,133,lb,7,54.69,2026/1/5 0:00,2099/12/31 23:59,2026/1/5 0:00,1,2026/1/5 0:00,1
,1,3367,134,lb,7,56,2026/1/5 0:00,2099/12/31 23:59,2026/1/5 0:00,1,2026/1/5 0:00,1
,1,3367,135,lb,7,56.4,2026/1/5 0:00,2099/12/31 23:59,2026/1/5 0:00,1,2026/1/5 0:00,1
,1,3367,136,lb,7,57.13,2026/1/5 0:00,2099/12/31 23:59,2026/1/5 0:00,1,2026/1/5 0:00,1
,1,3367,137,lb,7,57.22,2026/1/5 0:00,2099/12/31 23:59,2026/1/5 0:00,1,2026/1/5 0:00,1
,1,3367,138,lb,7,57.23,2026/1/5 0:00,2099/12/31 23:59,2026/1/5 0:00,1,2026/1/5 0:00,1
,1,3367,139,lb,7,58.18,2026/1/5 0:00,2099/12/31 23:59,2026/1/5 0:00,1,2026/1/5 0:00,1
,1,3367,140,lb,7,58.18,2026/1/5 0:00,2099/12/31 23:59,2026/1/5 0:00,1,2026/1/5 0:00,1
,1,3367,141,lb,7,58.85,2026/1/5 0:00,2099/12/31 23:59,2026/1/5 0:00,1,2026/1/5 0:00,1
,1,3367,142,lb,7,59.67,2026/1/5 0:00,2099/12/31 23:59,2026/1/5 0:00,1,2026/1/5 0:00,1
,1,3367,143,lb,7,59.68,2026/1/5 0:00,2099/12/31 23:59,2026/1/5 0:00,1,2026/1/5 0:00,1
,1,3367,144,lb,7,61.1,2026/1/5 0:00,2099/12/31 23:59,2026/1/5 0:00,1,2026/1/5 0:00,1
,1,3367,145,lb,7,61.24,2026/1/5 0:00,2099/12/31 23:59,2026/1/5 0:00,1,2026/1/5 0:00,1
,1,3367,146,lb,7,61.24,2026/1/5 0:00,2099/12/31 23:59,2026/1/5 0:00,1,2026/1/5 0:00,1
,1,3367,147,lb,7,61.25,2026/1/5 0:00,2099/12/31 23:59,2026/1/5 0:00,1,2026/1/5 0:00,1
,1,3367,148,lb,7,61.25,2026/1/5 0:00,2099/12/31 23:59,2026/1/5 0:00,1,2026/1/5 0:00,1
,1,3367,149,lb,7,61.26,2026/1/5 0:00,2099/12/31 23:59,2026/1/5 0:00,1,2026/1/5 0:00,1
,1,3367,150,lb,7,61.38,2026/1/5 0:00,2099/12/31 23:59,2026/1/5 0:00,1,2026/1/5 0:00,1
,1,3367,1,lb,8,9.76,2026/1/5 0:00,2099/12/31 23:59,2026/1/5 0:00,1,2026/1/5 0:00,1
,1,3367,2,lb,8,9.76,2026/1/5 0:00,2099/12/31 23:59,2026/1/5 0:00,1,2026/1/5 0:00,1
,1,3367,3,lb,8,9.82,2026/1/5 0:00,2099/12/31 23:59,2026/1/5 0:00,1,2026/1/5 0:00,1
,1,3367,4,lb,8,10.52,2026/1/5 0:00,2099/12/31 23:59,2026/1/5 0:00,1,2026/1/5 0:00,1
,1,3367,5,lb,8,11.15,2026/1/5 0:00,2099/12/31 23:59,2026/1/5 0:00,1,2026/1/5 0:00,1
,1,3367,6,lb,8,11.15,2026/1/5 0:00,2099/12/31 23:59,2026/1/5 0:00,1,2026/1/5 0:00,1
,1,3367,7,lb,8,11.51,2026/1/5 0:00,2099/12/31 23:59,2026/1/5 0:00,1,2026/1/5 0:00,1
,1,3367,8,lb,8,12.01,2026/1/5 0:00,2099/12/31 23:59,2026/1/5 0:00,1,2026/1/5 0:00,1
,1,3367,9,lb,8,12.66,2026/1/5 0:00,2099/12/31 23:59,2026/1/5 0:00,1,2026/1/5 0:00,1
,1,3367,10,lb,8,13.49,2026/1/5 0:00,2099/12/31 23:59,2026/1/5 0:00,1,2026/1/5 0:00,1
,1,3367,11,lb,8,11.11,2026/1/5 0:00,2099/12/31 23:59,2026/1/5 0:00,1,2026/1/5 0:00,1
,1,3367,12,lb,8,11.55,2026/1/5 0:00,2099/12/31 23:59,2026/1/5 0:00,1,2026/1/5 0:00,1
,1,3367,13,lb,8,12.11,2026/1/5 0:00,2099/12/31 23:59,2026/1/5 0:00,1,2026/1/5 0:00,1
,1,3367,14,lb,8,13.1,2026/1/5 0:00,2099/12/31 23:59,2026/1/5 0:00,1,2026/1/5 0:00,1
,1,3367,15,lb,8,13.71,2026/1/5 0:00,2099/12/31 23:59,2026/1/5 0:00,1,2026/1/5 0:00,1
,1,3367,16,lb,8,14.31,2026/1/5 0:00,2099/12/31 23:59,2026/1/5 0:00,1,2026/1/5 0:00,1
,1,3367,17,lb,8,14.39,2026/1/5 0:00,2099/12/31 23:59,2026/1/5 0:00,1,2026/1/5 0:00,1
,1,3367,18,lb,8,15.51,2026/1/5 0:00,2099/12/31 23:59,2026/1/5 0:00,1,2026/1/5 0:00,1
,1,3367,19,lb,8,16.26,2026/1/5 0:00,2099/12/31 23:59,2026/1/5 0:00,1,2026/1/5 0:00,1
,1,3367,20,lb,8,16.85,2026/1/5 0:00,2099/12/31 23:59,2026/1/5 0:00,1,2026/1/5 0:00,1
,1,3367,21,lb,8,17.36,2026/1/5 0:00,2099/12/31 23:59,2026/1/5 0:00,1,2026/1/5 0:00,1
,1,3367,22,lb,8,18.12,2026/1/5 0:00,2099/12/31 23:59,2026/1/5 0:00,1,2026/1/5 0:00,1
,1,3367,23,lb,8,18.85,2026/1/5 0:00,2099/12/31 23:59,2026/1/5 0:00,1,2026/1/5 0:00,1
,1,3367,24,lb,8,19.92,2026/1/5 0:00,2099/12/31 23:59,2026/1/5 0:00,1,2026/1/5 0:00,1
,1,3367,25,lb,8,20.53,2026/1/5 0:00,2099/12/31 23:59,2026/1/5 0:00,1,2026/1/5 0:00,1
,1,3367,26,lb,8,21.38,2026/1/5 0:00,2099/12/31 23:59,2026/1/5 0:00,1,2026/1/5 0:00,1
,1,3367,27,lb,8,21.74,2026/1/5 0:00,2099/12/31 23:59,2026/1/5 0:00,1,2026/1/5 0:00,1
,1,3367,28,lb,8,22.57,2026/1/5 0:00,2099/12/31 23:59,2026/1/5 0:00,1,2026/1/5 0:00,1
,1,3367,29,lb,8,23.18,2026/1/5 0:00,2099/12/31 23:59,2026/1/5 0:00,1,2026/1/5 0:00,1
,1,3367,30,lb,8,24.14,2026/1/5 0:00,2099/12/31 23:59,2026/1/5 0:00,1,2026/1/5 0:00,1
,1,3367,31,lb,8,24.56,2026/1/5 0:00,2099/12/31 23:59,2026/1/5 0:00,1,2026/1/5 0:00,1
,1,3367,32,lb,8,24.83,2026/1/5 0:00,2099/12/31 23:59,2026/1/5 0:00,1,2026/1/5 0:00,1
,1,3367,33,lb,8,25.51,2026/1/5 0:00,2099/12/31 23:59,2026/1/5 0:00,1,2026/1/5 0:00,1
,1,3367,34,lb,8,26.73,2026/1/5 0:00,2099/12/31 23:59,2026/1/5 0:00,1,2026/1/5 0:00,1
,1,3367,35,lb,8,26.91,2026/1/5 0:00,2099/12/31 23:59,2026/1/5 0:00,1,2026/1/5 0:00,1
,1,3367,36,lb,8,27.97,2026/1/5 0:00,2099/12/31 23:59,2026/1/5 0:00,1,2026/1/5 0:00,1
,1,3367,37,lb,8,28.24,2026/1/5 0:00,2099/12/31 23:59,2026/1/5 0:00,1,2026/1/5 0:00,1
,1,3367,38,lb,8,28.77,2026/1/5 0:00,2099/12/31 23:59,2026/1/5 0:00,1,2026/1/5 0:00,1
,1,3367,39,lb,8,29.37,2026/1/5 0:00,2099/12/31 23:59,2026/1/5 0:00,1,2026/1/5 0:00,1
,1,3367,40,lb,8,29.38,2026/1/5 0:00,2099/12/31 23:59,2026/1/5 0:00,1,2026/1/5 0:00,1
,1,3367,41,lb,8,30.63,2026/1/5 0:00,2099/12/31 23:59,2026/1/5 0:00,1,2026/1/5 0:00,1
,1,3367,42,lb,8,30.64,2026/1/5 0:00,2099/12/31 23:59,2026/1/5 0:00,1,2026/1/5 0:00,1
,1,3367,43,lb,8,31.47,2026/1/5 0:00,2099/12/31 23:59,2026/1/5 0:00,1,2026/1/5 0:00,1
,1,3367,44,lb,8,31.8,2026/1/5 0:00,2099/12/31 23:59,2026/1/5 0:00,1,2026/1/5 0:00,1
,1,3367,45,lb,8,32.02,2026/1/5 0:00,2099/12/31 23:59,2026/1/5 0:00,1,2026/1/5 0:00,1
,1,3367,46,lb,8,32.86,2026/1/5 0:00,2099/12/31 23:59,2026/1/5 0:00,1,2026/1/5 0:00,1
,1,3367,47,lb,8,33.4,2026/1/5 0:00,2099/12/31 23:59,2026/1/5 0:00,1,2026/1/5 0:00,1
,1,3367,48,lb,8,34.18,2026/1/5 0:00,2099/12/31 23:59,2026/1/5 0:00,1,2026/1/5 0:00,1
,1,3367,49,lb,8,34.39,2026/1/5 0:00,2099/12/31 23:59,2026/1/5 0:00,1,2026/1/5 0:00,1
,1,3367,50,lb,8,34.6,2026/1/5 0:00,2099/12/31 23:59,2026/1/5 0:00,1,2026/1/5 0:00,1
,1,3367,51,lb,8,35.48,2026/1/5 0:00,2099/12/31 23:59,2026/1/5 0:00,1,2026/1/5 0:00,1
,1,3367,52,lb,8,35.49,2026/1/5 0:00,2099/12/31 23:59,2026/1/5 0:00,1,2026/1/5 0:00,1
,1,3367,53,lb,8,35.83,2026/1/5 0:00,2099/12/31 23:59,2026/1/5 0:00,1,2026/1/5 0:00,1
,1,3367,54,lb,8,35.86,2026/1/5 0:00,2099/12/31 23:59,2026/1/5 0:00,1,2026/1/5 0:00,1
,1,3367,55,lb,8,35.89,2026/1/5 0:00,2099/12/31 23:59,2026/1/5 0:00,1,2026/1/5 0:00,1
,1,3367,56,lb,8,35.95,2026/1/5 0:00,2099/12/31 23:59,2026/1/5 0:00,1,2026/1/5 0:00,1
,1,3367,57,lb,8,36.63,2026/1/5 0:00,2099/12/31 23:59,2026/1/5 0:00,1,2026/1/5 0:00,1
,1,3367,58,lb,8,36.66,2026/1/5 0:00,2099/12/31 23:59,2026/1/5 0:00,1,2026/1/5 0:00,1
,1,3367,59,lb,8,37.24,2026/1/5 0:00,2099/12/31 23:59,2026/1/5 0:00,1,2026/1/5 0:00,1
,1,3367,60,lb,8,37.48,2026/1/5 0:00,2099/12/31 23:59,2026/1/5 0:00,1,2026/1/5 0:00,1
,1,3367,61,lb,8,37.92,2026/1/5 0:00,2099/12/31 23:59,2026/1/5 0:00,1,2026/1/5 0:00,1
,1,3367,62,lb,8,38.3,2026/1/5 0:00,2099/12/31 23:59,2026/1/5 0:00,1,2026/1/5 0:00,1
,1,3367,63,lb,8,38.3,2026/1/5 0:00,2099/12/31 23:59,2026/1/5 0:00,1,2026/1/5 0:00,1
,1,3367,64,lb,8,38.45,2026/1/5 0:00,2099/12/31 23:59,2026/1/5 0:00,1,2026/1/5 0:00,1
,1,3367,65,lb,8,38.46,2026/1/5 0:00,2099/12/31 23:59,2026/1/5 0:00,1,2026/1/5 0:00,1
,1,3367,66,lb,8,38.99,2026/1/5 0:00,2099/12/31 23:59,2026/1/5 0:00,1,2026/1/5 0:00,1
,1,3367,67,lb,8,39.01,2026/1/5 0:00,2099/12/31 23:59,2026/1/5 0:00,1,2026/1/5 0:00,1
,1,3367,68,lb,8,39.03,2026/1/5 0:00,2099/12/31 23:59,2026/1/5 0:00,1,2026/1/5 0:00,1
,1,3367,69,lb,8,39.53,2026/1/5 0:00,2099/12/31 23:59,2026/1/5 0:00,1,2026/1/5 0:00,1
,1,3367,70,lb,8,39.53,2026/1/5 0:00,2099/12/31 23:59,2026/1/5 0:00,1,2026/1/5 0:00,1
,1,3367,71,lb,8,39.61,2026/1/5 0:00,2099/12/31 23:59,2026/1/5 0:00,1,2026/1/5 0:00,1
,1,3367,72,lb,8,39.68,2026/1/5 0:00,2099/12/31 23:59,2026/1/5 0:00,1,2026/1/5 0:00,1
,1,3367,73,lb,8,39.68,2026/1/5 0:00,2099/12/31 23:59,2026/1/5 0:00,1,2026/1/5 0:00,1
,1,3367,74,lb,8,39.69,2026/1/5 0:00,2099/12/31 23:59,2026/1/5 0:00,1,2026/1/5 0:00,1
,1,3367,75,lb,8,39.69,2026/1/5 0:00,2099/12/31 23:59,2026/1/5 0:00,1,2026/1/5 0:00,1
,1,3367,76,lb,8,39.7,2026/1/5 0:00,2099/12/31 23:59,2026/1/5 0:00,1,2026/1/5 0:00,1
,1,3367,77,lb,8,39.72,2026/1/5 0:00,2099/12/31 23:59,2026/1/5 0:00,1,2026/1/5 0:00,1
,1,3367,78,lb,8,39.72,2026/1/5 0:00,2099/12/31 23:59,2026/1/5 0:00,1,2026/1/5 0:00,1
,1,3367,79,lb,8,40.35,2026/1/5 0:00,2099/12/31 23:59,2026/1/5 0:00,1,2026/1/5 0:00,1
,1,3367,80,lb,8,40.78,2026/1/5 0:00,2099/12/31 23:59,2026/1/5 0:00,1,2026/1/5 0:00,1
,1,3367,81,lb,8,40.79,2026/1/5 0:00,2099/12/31 23:59,2026/1/5 0:00,1,2026/1/5 0:00,1
,1,3367,82,lb,8,41.06,2026/1/5 0:00,2099/12/31 23:59,2026/1/5 0:00,1,2026/1/5 0:00,1
,1,3367,83,lb,8,41.33,2026/1/5 0:00,2099/12/31 23:59,2026/1/5 0:00,1,2026/1/5 0:00,1
,1,3367,84,lb,8,41.35,2026/1/5 0:00,2099/12/31 23:59,2026/1/5 0:00,1,2026/1/5 0:00,1
,1,3367,85,lb,8,41.56,2026/1/5 0:00,2099/12/31 23:59,2026/1/5 0:00,1,2026/1/5 0:00,1
,1,3367,86,lb,8,42.23,2026/1/5 0:00,2099/12/31 23:59,2026/1/5 0:00,1,2026/1/5 0:00,1
,1,3367,87,lb,8,42.3,2026/1/5 0:00,2099/12/31 23:59,2026/1/5 0:00,1,2026/1/5 0:00,1
,1,3367,88,lb,8,42.77,2026/1/5 0:00,2099/12/31 23:59,2026/1/5 0:00,1,2026/1/5 0:00,1
,1,3367,89,lb,8,43.65,2026/1/5 0:00,2099/12/31 23:59,2026/1/5 0:00,1,2026/1/5 0:00,1
,1,3367,90,lb,8,44.94,2026/1/5 0:00,2099/12/31 23:59,2026/1/5 0:00,1,2026/1/5 0:00,1
,1,3367,91,lb,8,44.94,2026/1/5 0:00,2099/12/31 23:59,2026/1/5 0:00,1,2026/1/5 0:00,1
,1,3367,92,lb,8,44.96,2026/1/5 0:00,2099/12/31 23:59,2026/1/5 0:00,1,2026/1/5 0:00,1
,1,3367,93,lb,8,45.08,2026/1/5 0:00,2099/12/31 23:59,2026/1/5 0:00,1,2026/1/5 0:00,1
,1,3367,94,lb,8,45.54,2026/1/5 0:00,2099/12/31 23:59,2026/1/5 0:00,1,2026/1/5 0:00,1
,1,3367,95,lb,8,46.03,2026/1/5 0:00,2099/12/31 23:59,2026/1/5 0:00,1,2026/1/5 0:00,1
,1,3367,96,lb,8,46.48,2026/1/5 0:00,2099/12/31 23:59,2026/1/5 0:00,1,2026/1/5 0:00,1
,1,3367,97,lb,8,47.85,2026/1/5 0:00,2099/12/31 23:59,2026/1/5 0:00,1,2026/1/5 0:00,1
,1,3367,98,lb,8,47.85,2026/1/5 0:00,2099/12/31 23:59,2026/1/5 0:00,1,2026/1/5 0:00,1
,1,3367,99,lb,8,47.89,2026/1/5 0:00,2099/12/31 23:59,2026/1/5 0:00,1,2026/1/5 0:00,1
,1,3367,100,lb,8,47.92,2026/1/5 0:00,2099/12/31 23:59,2026/1/5 0:00,1,2026/1/5 0:00,1
,1,3367,101,lb,8,48.84,2026/1/5 0:00,2099/12/31 23:59,2026/1/5 0:00,1,2026/1/5 0:00,1
,1,3367,102,lb,8,48.86,2026/1/5 0:00,2099/12/31 23:59,2026/1/5 0:00,1,2026/1/5 0:00,1
,1,3367,103,lb,8,48.86,2026/1/5 0:00,2099/12/31 23:59,2026/1/5 0:00,1,2026/1/5 0:00,1
,1,3367,104,lb,8,48.86,2026/1/5 0:00,2099/12/31 23:59,2026/1/5 0:00,1,2026/1/5 0:00,1
,1,3367,105,lb,8,49.99,2026/1/5 0:00,2099/12/31 23:59,2026/1/5 0:00,1,2026/1/5 0:00,1
,1,3367,106,lb,8,49.99,2026/1/5 0:00,2099/12/31 23:59,2026/1/5 0:00,1,2026/1/5 0:00,1
,1,3367,107,lb,8,50,2026/1/5 0:00,2099/12/31 23:59,2026/1/5 0:00,1,2026/1/5 0:00,1
,1,3367,108,lb,8,50,2026/1/5 0:00,2099/12/31 23:59,2026/1/5 0:00,1,2026/1/5 0:00,1
,1,3367,109,lb,8,50.91,2026/1/5 0:00,2099/12/31 23:59,2026/1/5 0:00,1,2026/1/5 0:00,1
,1,3367,110,lb,8,52.34,2026/1/5 0:00,2099/12/31 23:59,2026/1/5 0:00,1,2026/1/5 0:00,1
,1,3367,111,lb,8,52.47,2026/1/5 0:00,2099/12/31 23:59,2026/1/5 0:00,1,2026/1/5 0:00,1
,1,3367,112,lb,8,52.48,2026/1/5 0:00,2099/12/31 23:59,2026/1/5 0:00,1,2026/1/5 0:00,1
,1,3367,113,lb,8,52.93,2026/1/5 0:00,2099/12/31 23:59,2026/1/5 0:00,1,2026/1/5 0:00,1
,1,3367,114,lb,8,54.27,2026/1/5 0:00,2099/12/31 23:59,2026/1/5 0:00,1,2026/1/5 0:00,1
,1,3367,115,lb,8,55.07,2026/1/5 0:00,2099/12/31 23:59,2026/1/5 0:00,1,2026/1/5 0:00,1
,1,3367,116,lb,8,55.09,2026/1/5 0:00,2099/12/31 23:59,2026/1/5 0:00,1,2026/1/5 0:00,1
,1,3367,117,lb,8,55.5,2026/1/5 0:00,2099/12/31 23:59,2026/1/5 0:00,1,2026/1/5 0:00,1
,1,3367,118,lb,8,55.81,2026/1/5 0:00,2099/12/31 23:59,2026/1/5 0:00,1,2026/1/5 0:00,1
,1,3367,119,lb,8,55.85,2026/1/5 0:00,2099/12/31 23:59,2026/1/5 0:00,1,2026/1/5 0:00,1
,1,3367,120,lb,8,55.93,2026/1/5 0:00,2099/12/31 23:59,2026/1/5 0:00,1,2026/1/5 0:00,1
,1,3367,121,lb,8,55.93,2026/1/5 0:00,2099/12/31 23:59,2026/1/5 0:00,1,2026/1/5 0:00,1
,1,3367,122,lb,8,57.46,2026/1/5 0:00,2099/12/31 23:59,2026/1/5 0:00,1,2026/1/5 0:00,1
,1,3367,123,lb,8,57.59,2026/1/5 0:00,2099/12/31 23:59,2026/1/5 0:00,1,2026/1/5 0:00,1
,1,3367,124,lb,8,57.69,2026/1/5 0:00,2099/12/31 23:59,2026/1/5 0:00,1,2026/1/5 0:00,1
,1,3367,125,lb,8,57.7,2026/1/5 0:00,2099/12/31 23:59,2026/1/5 0:00,1,2026/1/5 0:00,1
,1,3367,126,lb,8,59.62,2026/1/5 0:00,2099/12/31 23:59,2026/1/5 0:00,1,2026/1/5 0:00,1
,1,3367,127,lb,8,59.63,2026/1/5 0:00,2099/12/31 23:59,2026/1/5 0:00,1,2026/1/5 0:00,1
,1,3367,128,lb,8,60.62,2026/1/5 0:00,2099/12/31 23:59,2026/1/5 0:00,1,2026/1/5 0:00,1
,1,3367,129,lb,8,60.64,2026/1/5 0:00,2099/12/31 23:59,2026/1/5 0:00,1,2026/1/5 0:00,1
,1,3367,130,lb,8,62.04,2026/1/5 0:00,2099/12/31 23:59,2026/1/5 0:00,1,2026/1/5 0:00,1
,1,3367,131,lb,8,62.19,2026/1/5 0:00,2099/12/31 23:59,2026/1/5 0:00,1,2026/1/5 0:00,1
,1,3367,132,lb,8,62.2,2026/1/5 0:00,2099/12/31 23:59,2026/1/5 0:00,1,2026/1/5 0:00,1
,1,3367,133,lb,8,62.2,2026/1/5 0:00,2099/12/31 23:59,2026/1/5 0:00,1,2026/1/5 0:00,1
,1,3367,134,lb,8,62.79,2026/1/5 0:00,2099/12/31 23:59,2026/1/5 0:00,1,2026/1/5 0:00,1
,1,3367,135,lb,8,62.92,2026/1/5 0:00,2099/12/31 23:59,2026/1/5 0:00,1,2026/1/5 0:00,1
,1,3367,136,lb,8,63.54,2026/1/5 0:00,2099/12/31 23:59,2026/1/5 0:00,1,2026/1/5 0:00,1
,1,3367,137,lb,8,63.66,2026/1/5 0:00,2099/12/31 23:59,2026/1/5 0:00,1,2026/1/5 0:00,1
,1,3367,138,lb,8,64.8,2026/1/5 0:00,2099/12/31 23:59,2026/1/5 0:00,1,2026/1/5 0:00,1
,1,3367,139,lb,8,65.29,2026/1/5 0:00,2099/12/31 23:59,2026/1/5 0:00,1,2026/1/5 0:00,1
,1,3367,140,lb,8,65.3,2026/1/5 0:00,2099/12/31 23:59,2026/1/5 0:00,1,2026/1/5 0:00,1
,1,3367,141,lb,8,65.9,2026/1/5 0:00,2099/12/31 23:59,2026/1/5 0:00,1,2026/1/5 0:00,1
,1,3367,142,lb,8,66.16,2026/1/5 0:00,2099/12/31 23:59,2026/1/5 0:00,1,2026/1/5 0:00,1
,1,3367,143,lb,8,66.2,2026/1/5 0:00,2099/12/31 23:59,2026/1/5 0:00,1,2026/1/5 0:00,1
,1,3367,144,lb,8,68.01,2026/1/5 0:00,2099/12/31 23:59,2026/1/5 0:00,1,2026/1/5 0:00,1
,1,3367,145,lb,8,68.01,2026/1/5 0:00,2099/12/31 23:59,2026/1/5 0:00,1,2026/1/5 0:00,1
,1,3367,146,lb,8,68.02,2026/1/5 0:00,2099/12/31 23:59,2026/1/5 0:00,1,2026/1/5 0:00,1
,1,3367,147,lb,8,68.86,2026/1/5 0:00,2099/12/31 23:59,2026/1/5 0:00,1,2026/1/5 0:00,1
,1,3367,148,lb,8,68.87,2026/1/5 0:00,2099/12/31 23:59,2026/1/5 0:00,1,2026/1/5 0:00,1
,1,3367,149,lb,8,68.87,2026/1/5 0:00,2099/12/31 23:59,2026/1/5 0:00,1,2026/1/5 0:00,1
,1,3367,150,lb,8,69.01,2026/1/5 0:00,2099/12/31 23:59,2026/1/5 0:00,1,2026/1/5 0:00,1
