zone_chart_id,zip_range_start,zip_range_end,warehouse_id,zone_chart_type_id,zone,start_date,end_date
,00500,00599,19071,2,8,2025/12/23 0:00,2099/12/31 23:59
,00600,00699,19071,2,8,2025/12/23 0:00,2099/12/31 23:59
,00700,00799,19071,2,8,2025/12/23 0:00,2099/12/31 23:59
,00800,00899,19071,2,8,2025/12/23 0:00,2099/12/31 23:59
,00900,00999,19071,2,8,2025/12/23 0:00,2099/12/31 23:59
,01000,01099,19071,2,8,2025/12/23 0:00,2099/12/31 23:59
,01100,01199,19071,2,8,2025/12/23 0:00,2099/12/31 23:59
,01200,01299,19071,2,8,2025/12/23 0:00,2099/12/31 23:59
,01300,01399,19071,2,8,2025/12/23 0:00,2099/12/31 23:59
,01400,01499,19071,2,8,2025/12/23 0:00,2099/12/31 23:59
,01500,01599,19071,2,8,2025/12/23 0:00,2099/12/31 23:59
,01600,01699,19071,2,8,2025/12/23 0:00,2099/12/31 23:59
,01700,01799,19071,2,8,2025/12/23 0:00,2099/12/31 23:59
,01800,01899,19071,2,8,2025/12/23 0:00,2099/12/31 23:59
,01900,01999,19071,2,8,2025/12/23 0:00,2099/12/31 23:59
,02000,02099,19071,2,8,2025/12/23 0:00,2099/12/31 23:59
,02100,02199,19071,2,8,2025/12/23 0:00,2099/12/31 23:59
,02200,02299,19071,2,8,2025/12/23 0:00,2099/12/31 23:59
,02300,02399,19071,2,8,2025/12/23 0:00,2099/12/31 23:59
,02400,02499,19071,2,8,2025/12/23 0:00,2099/12/31 23:59
,02500,02599,19071,2,8,2025/12/23 0:00,2099/12/31 23:59
,02600,02699,19071,2,8,2025/12/23 0:00,2099/12/31 23:59
,02700,02799,19071,2,8,2025/12/23 0:00,2099/12/31 23:59
,02800,02899,19071,2,8,2025/12/23 0:00,2099/12/31 23:59
,02900,02999,19071,2,8,2025/12/23 0:00,2099/12/31 23:59
,03000,03099,19071,2,8,2025/12/23 0:00,2099/12/31 23:59
,03100,03199,19071,2,8,2025/12/23 0:00,2099/12/31 23:59
,03200,03299,19071,2,8,2025/12/23 0:00,2099/12/31 23:59
,03300,03399,19071,2,8,2025/12/23 0:00,2099/12/31 23:59
,03400,03499,19071,2,8,2025/12/23 0:00,2099/12/31 23:59
,03500,03599,19071,2,8,2025/12/23 0:00,2099/12/31 23:59
,03600,03699,19071,2,8,2025/12/23 0:00,2099/12/31 23:59
,03700,03799,19071,2,8,2025/12/23 0:00,2099/12/31 23:59
,03800,03899,19071,2,8,2025/12/23 0:00,2099/12/31 23:59
,03900,03999,19071,2,8,2025/12/23 0:00,2099/12/31 23:59
,04000,04099,19071,2,8,2025/12/23 0:00,2099/12/31 23:59
,04100,04199,19071,2,8,2025/12/23 0:00,2099/12/31 23:59
,04200,04299,19071,2,8,2025/12/23 0:00,2099/12/31 23:59
,04300,04399,19071,2,8,2025/12/23 0:00,2099/12/31 23:59
,04400,04499,19071,2,8,2025/12/23 0:00,2099/12/31 23:59
,04500,04599,19071,2,8,2025/12/23 0:00,2099/12/31 23:59
,04600,04699,19071,2,8,2025/12/23 0:00,2099/12/31 23:59
,04700,04799,19071,2,8,2025/12/23 0:00,2099/12/31 23:59
,04800,04899,19071,2,8,2025/12/23 0:00,2099/12/31 23:59
,04900,04999,19071,2,8,2025/12/23 0:00,2099/12/31 23:59
,05000,05099,19071,2,8,2025/12/23 0:00,2099/12/31 23:59
,05100,05199,19071,2,8,2025/12/23 0:00,2099/12/31 23:59
,05200,05299,19071,2,8,2025/12/23 0:00,2099/12/31 23:59
,05300,05399,19071,2,8,2025/12/23 0:00,2099/12/31 23:59
,05400,05499,19071,2,8,2025/12/23 0:00,2099/12/31 23:59
,05500,05599,19071,2,8,2025/12/23 0:00,2099/12/31 23:59
,05600,05699,19071,2,8,2025/12/23 0:00,2099/12/31 23:59
,05700,05799,19071,2,8,2025/12/23 0:00,2099/12/31 23:59
,05800,05899,19071,2,8,2025/12/23 0:00,2099/12/31 23:59
,05900,05999,19071,2,8,2025/12/23 0:00,2099/12/31 23:59
,06000,06099,19071,2,8,2025/12/23 0:00,2099/12/31 23:59
,06100,06199,19071,2,8,2025/12/23 0:00,2099/12/31 23:59
,06200,06299,19071,2,8,2025/12/23 0:00,2099/12/31 23:59
,06300,06399,19071,2,8,2025/12/23 0:00,2099/12/31 23:59
,06400,06499,19071,2,8,2025/12/23 0:00,2099/12/31 23:59
,06500,06599,19071,2,8,2025/12/23 0:00,2099/12/31 23:59
,06600,06699,19071,2,8,2025/12/23 0:00,2099/12/31 23:59
,06700,06799,19071,2,8,2025/12/23 0:00,2099/12/31 23:59
,06800,06899,19071,2,8,2025/12/23 0:00,2099/12/31 23:59
,06900,06999,19071,2,8,2025/12/23 0:00,2099/12/31 23:59
,07000,07099,19071,2,8,2025/12/23 0:00,2099/12/31 23:59
,07100,07199,19071,2,8,2025/12/23 0:00,2099/12/31 23:59
,07200,07299,19071,2,8,2025/12/23 0:00,2099/12/31 23:59
,07300,07399,19071,2,8,2025/12/23 0:00,2099/12/31 23:59
,07400,07499,19071,2,8,2025/12/23 0:00,2099/12/31 23:59
,07500,07599,19071,2,8,2025/12/23 0:00,2099/12/31 23:59
,07600,07699,19071,2,8,2025/12/23 0:00,2099/12/31 23:59
,07700,07799,19071,2,8,2025/12/23 0:00,2099/12/31 23:59
,07800,07899,19071,2,8,2025/12/23 0:00,2099/12/31 23:59
,07900,07999,19071,2,8,2025/12/23 0:00,2099/12/31 23:59
,08000,08099,19071,2,8,2025/12/23 0:00,2099/12/31 23:59
,08100,08199,19071,2,8,2025/12/23 0:00,2099/12/31 23:59
,08200,08299,19071,2,8,2025/12/23 0:00,2099/12/31 23:59
,08300,08399,19071,2,8,2025/12/23 0:00,2099/12/31 23:59
,08400,08499,19071,2,8,2025/12/23 0:00,2099/12/31 23:59
,08500,08599,19071,2,8,2025/12/23 0:00,2099/12/31 23:59
,08600,08699,19071,2,8,2025/12/23 0:00,2099/12/31 23:59
,08700,08799,19071,2,8,2025/12/23 0:00,2099/12/31 23:59
,08800,08899,19071,2,8,2025/12/23 0:00,2099/12/31 23:59
,08900,08999,19071,2,8,2025/12/23 0:00,2099/12/31 23:59
,09000,09099,19071,2,1,2025/12/23 0:00,2099/12/31 23:59
,09100,09199,19071,2,1,2025/12/23 0:00,2099/12/31 23:59
,09200,09299,19071,2,1,2025/12/23 0:00,2099/12/31 23:59
,09300,09399,19071,2,1,2025/12/23 0:00,2099/12/31 23:59
,09400,09499,19071,2,1,2025/12/23 0:00,2099/12/31 23:59
,09500,09599,19071,2,1,2025/12/23 0:00,2099/12/31 23:59
,09600,09699,19071,2,1,2025/12/23 0:00,2099/12/31 23:59
,09700,09799,19071,2,1,2025/12/23 0:00,2099/12/31 23:59
,09800,09899,19071,2,1,2025/12/23 0:00,2099/12/31 23:59
,09900,09999,19071,2,1,2025/12/23 0:00,2099/12/31 23:59
,10000,10099,19071,2,8,2025/12/23 0:00,2099/12/31 23:59
,10100,10199,19071,2,8,2025/12/23 0:00,2099/12/31 23:59
,10200,10299,19071,2,8,2025/12/23 0:00,2099/12/31 23:59
,10300,10399,19071,2,8,2025/12/23 0:00,2099/12/31 23:59
,10400,10499,19071,2,8,2025/12/23 0:00,2099/12/31 23:59
,10500,10599,19071,2,8,2025/12/23 0:00,2099/12/31 23:59
,10600,10699,19071,2,8,2025/12/23 0:00,2099/12/31 23:59
,10700,10799,19071,2,8,2025/12/23 0:00,2099/12/31 23:59
,10800,10899,19071,2,8,2025/12/23 0:00,2099/12/31 23:59
,10900,10999,19071,2,8,2025/12/23 0:00,2099/12/31 23:59
,11000,11099,19071,2,8,2025/12/23 0:00,2099/12/31 23:59
,11100,11199,19071,2,8,2025/12/23 0:00,2099/12/31 23:59
,11200,11299,19071,2,8,2025/12/23 0:00,2099/12/31 23:59
,11300,11399,19071,2,8,2025/12/23 0:00,2099/12/31 23:59
,11400,11499,19071,2,8,2025/12/23 0:00,2099/12/31 23:59
,11500,11599,19071,2,8,2025/12/23 0:00,2099/12/31 23:59
,11600,11699,19071,2,8,2025/12/23 0:00,2099/12/31 23:59
,11700,11799,19071,2,8,2025/12/23 0:00,2099/12/31 23:59
,11800,11899,19071,2,8,2025/12/23 0:00,2099/12/31 23:59
,11900,11999,19071,2,8,2025/12/23 0:00,2099/12/31 23:59
,12000,12099,19071,2,8,2025/12/23 0:00,2099/12/31 23:59
,12100,12199,19071,2,8,2025/12/23 0:00,2099/12/31 23:59
,12200,12299,19071,2,8,2025/12/23 0:00,2099/12/31 23:59
,12300,12399,19071,2,8,2025/12/23 0:00,2099/12/31 23:59
,12400,12499,19071,2,8,2025/12/23 0:00,2099/12/31 23:59
,12500,12599,19071,2,8,2025/12/23 0:00,2099/12/31 23:59
,12600,12699,19071,2,8,2025/12/23 0:00,2099/12/31 23:59
,12700,12799,19071,2,8,2025/12/23 0:00,2099/12/31 23:59
,12800,12899,19071,2,8,2025/12/23 0:00,2099/12/31 23:59
,12900,12999,19071,2,8,2025/12/23 0:00,2099/12/31 23:59
,13000,13099,19071,2,8,2025/12/23 0:00,2099/12/31 23:59
,13100,13199,19071,2,8,2025/12/23 0:00,2099/12/31 23:59
,13200,13299,19071,2,8,2025/12/23 0:00,2099/12/31 23:59
,13300,13399,19071,2,8,2025/12/23 0:00,2099/12/31 23:59
,13400,13499,19071,2,8,2025/12/23 0:00,2099/12/31 23:59
,13500,13599,19071,2,8,2025/12/23 0:00,2099/12/31 23:59
,13600,13699,19071,2,8,2025/12/23 0:00,2099/12/31 23:59
,13700,13799,19071,2,8,2025/12/23 0:00,2099/12/31 23:59
,13800,13899,19071,2,8,2025/12/23 0:00,2099/12/31 23:59
,13900,13999,19071,2,8,2025/12/23 0:00,2099/12/31 23:59
,14000,14099,19071,2,8,2025/12/23 0:00,2099/12/31 23:59
,14100,14199,19071,2,8,2025/12/23 0:00,2099/12/31 23:59
,14200,14299,19071,2,8,2025/12/23 0:00,2099/12/31 23:59
,14300,14399,19071,2,8,2025/12/23 0:00,2099/12/31 23:59
,14400,14499,19071,2,8,2025/12/23 0:00,2099/12/31 23:59
,14500,14599,19071,2,8,2025/12/23 0:00,2099/12/31 23:59
,14600,14699,19071,2,8,2025/12/23 0:00,2099/12/31 23:59
,14700,14799,19071,2,8,2025/12/23 0:00,2099/12/31 23:59
,14800,14899,19071,2,8,2025/12/23 0:00,2099/12/31 23:59
,14900,14999,19071,2,8,2025/12/23 0:00,2099/12/31 23:59
,15000,15099,19071,2,8,2025/12/23 0:00,2099/12/31 23:59
,15100,15199,19071,2,8,2025/12/23 0:00,2099/12/31 23:59
,15200,15299,19071,2,8,2025/12/23 0:00,2099/12/31 23:59
,15300,15399,19071,2,8,2025/12/23 0:00,2099/12/31 23:59
,15400,15499,19071,2,8,2025/12/23 0:00,2099/12/31 23:59
,15500,15599,19071,2,8,2025/12/23 0:00,2099/12/31 23:59
,15600,15699,19071,2,8,2025/12/23 0:00,2099/12/31 23:59
,15700,15799,19071,2,8,2025/12/23 0:00,2099/12/31 23:59
,15800,15899,19071,2,8,2025/12/23 0:00,2099/12/31 23:59
,15900,15999,19071,2,8,2025/12/23 0:00,2099/12/31 23:59
,16000,16099,19071,2,8,2025/12/23 0:00,2099/12/31 23:59
,16100,16199,19071,2,8,2025/12/23 0:00,2099/12/31 23:59
,16200,16299,19071,2,8,2025/12/23 0:00,2099/12/31 23:59
,16300,16399,19071,2,8,2025/12/23 0:00,2099/12/31 23:59
,16400,16499,19071,2,8,2025/12/23 0:00,2099/12/31 23:59
,16500,16599,19071,2,8,2025/12/23 0:00,2099/12/31 23:59
,16600,16699,19071,2,8,2025/12/23 0:00,2099/12/31 23:59
,16700,16799,19071,2,8,2025/12/23 0:00,2099/12/31 23:59
,16800,16899,19071,2,8,2025/12/23 0:00,2099/12/31 23:59
,16900,16999,19071,2,8,2025/12/23 0:00,2099/12/31 23:59
,17000,17099,19071,2,8,2025/12/23 0:00,2099/12/31 23:59
,17100,17199,19071,2,8,2025/12/23 0:00,2099/12/31 23:59
,17200,17299,19071,2,8,2025/12/23 0:00,2099/12/31 23:59
,17300,17399,19071,2,8,2025/12/23 0:00,2099/12/31 23:59
,17400,17499,19071,2,8,2025/12/23 0:00,2099/12/31 23:59
,17500,17599,19071,2,8,2025/12/23 0:00,2099/12/31 23:59
,17600,17699,19071,2,8,2025/12/23 0:00,2099/12/31 23:59
,17700,17799,19071,2,8,2025/12/23 0:00,2099/12/31 23:59
,17800,17899,19071,2,8,2025/12/23 0:00,2099/12/31 23:59
,17900,17999,19071,2,8,2025/12/23 0:00,2099/12/31 23:59
,18000,18099,19071,2,8,2025/12/23 0:00,2099/12/31 23:59
,18100,18199,19071,2,8,2025/12/23 0:00,2099/12/31 23:59
,18200,18299,19071,2,8,2025/12/23 0:00,2099/12/31 23:59
,18300,18399,19071,2,8,2025/12/23 0:00,2099/12/31 23:59
,18400,18499,19071,2,8,2025/12/23 0:00,2099/12/31 23:59
,18500,18599,19071,2,8,2025/12/23 0:00,2099/12/31 23:59
,18600,18699,19071,2,8,2025/12/23 0:00,2099/12/31 23:59
,18700,18799,19071,2,8,2025/12/23 0:00,2099/12/31 23:59
,18800,18899,19071,2,8,2025/12/23 0:00,2099/12/31 23:59
,18900,18999,19071,2,8,2025/12/23 0:00,2099/12/31 23:59
,19000,19099,19071,2,8,2025/12/23 0:00,2099/12/31 23:59
,19100,19199,19071,2,8,2025/12/23 0:00,2099/12/31 23:59
,19200,19299,19071,2,8,2025/12/23 0:00,2099/12/31 23:59
,19300,19399,19071,2,8,2025/12/23 0:00,2099/12/31 23:59
,19400,19499,19071,2,8,2025/12/23 0:00,2099/12/31 23:59
,19500,19599,19071,2,8,2025/12/23 0:00,2099/12/31 23:59
,19600,19699,19071,2,8,2025/12/23 0:00,2099/12/31 23:59
,19700,19799,19071,2,8,2025/12/23 0:00,2099/12/31 23:59
,19800,19899,19071,2,8,2025/12/23 0:00,2099/12/31 23:59
,19900,19999,19071,2,8,2025/12/23 0:00,2099/12/31 23:59
,20000,20099,19071,2,8,2025/12/23 0:00,2099/12/31 23:59
,20100,20199,19071,2,8,2025/12/23 0:00,2099/12/31 23:59
,20200,20299,19071,2,8,2025/12/23 0:00,2099/12/31 23:59
,20300,20399,19071,2,8,2025/12/23 0:00,2099/12/31 23:59
,20400,20499,19071,2,8,2025/12/23 0:00,2099/12/31 23:59
,20500,20599,19071,2,8,2025/12/23 0:00,2099/12/31 23:59
,20600,20699,19071,2,8,2025/12/23 0:00,2099/12/31 23:59
,20700,20799,19071,2,8,2025/12/23 0:00,2099/12/31 23:59
,20800,20899,19071,2,8,2025/12/23 0:00,2099/12/31 23:59
,20900,20999,19071,2,8,2025/12/23 0:00,2099/12/31 23:59
,21000,21099,19071,2,8,2025/12/23 0:00,2099/12/31 23:59
,21100,21199,19071,2,8,2025/12/23 0:00,2099/12/31 23:59
,21200,21299,19071,2,8,2025/12/23 0:00,2099/12/31 23:59
,21400,21499,19071,2,8,2025/12/23 0:00,2099/12/31 23:59
,21500,21599,19071,2,8,2025/12/23 0:00,2099/12/31 23:59
,21600,21699,19071,2,8,2025/12/23 0:00,2099/12/31 23:59
,21700,21799,19071,2,8,2025/12/23 0:00,2099/12/31 23:59
,21800,21899,19071,2,8,2025/12/23 0:00,2099/12/31 23:59
,21900,21999,19071,2,8,2025/12/23 0:00,2099/12/31 23:59
,22000,22099,19071,2,8,2025/12/23 0:00,2099/12/31 23:59
,22100,22199,19071,2,8,2025/12/23 0:00,2099/12/31 23:59
,22200,22299,19071,2,8,2025/12/23 0:00,2099/12/31 23:59
,22300,22399,19071,2,8,2025/12/23 0:00,2099/12/31 23:59
,22400,22499,19071,2,8,2025/12/23 0:00,2099/12/31 23:59
,22500,22599,19071,2,8,2025/12/23 0:00,2099/12/31 23:59
,22600,22699,19071,2,8,2025/12/23 0:00,2099/12/31 23:59
,22700,22799,19071,2,8,2025/12/23 0:00,2099/12/31 23:59
,22800,22899,19071,2,8,2025/12/23 0:00,2099/12/31 23:59
,22900,22999,19071,2,8,2025/12/23 0:00,2099/12/31 23:59
,23000,23099,19071,2,8,2025/12/23 0:00,2099/12/31 23:59
,23100,23199,19071,2,8,2025/12/23 0:00,2099/12/31 23:59
,23200,23299,19071,2,8,2025/12/23 0:00,2099/12/31 23:59
,23300,23399,19071,2,8,2025/12/23 0:00,2099/12/31 23:59
,23400,23499,19071,2,8,2025/12/23 0:00,2099/12/31 23:59
,23500,23599,19071,2,8,2025/12/23 0:00,2099/12/31 23:59
,23600,23699,19071,2,8,2025/12/23 0:00,2099/12/31 23:59
,23700,23799,19071,2,8,2025/12/23 0:00,2099/12/31 23:59
,23800,23899,19071,2,8,2025/12/23 0:00,2099/12/31 23:59
,23900,23999,19071,2,8,2025/12/23 0:00,2099/12/31 23:59
,24000,24099,19071,2,8,2025/12/23 0:00,2099/12/31 23:59
,24100,24199,19071,2,8,2025/12/23 0:00,2099/12/31 23:59
,24200,24299,19071,2,8,2025/12/23 0:00,2099/12/31 23:59
,24300,24399,19071,2,8,2025/12/23 0:00,2099/12/31 23:59
,24400,24499,19071,2,8,2025/12/23 0:00,2099/12/31 23:59
,24500,24599,19071,2,8,2025/12/23 0:00,2099/12/31 23:59
,24600,24699,19071,2,8,2025/12/23 0:00,2099/12/31 23:59
,24700,24799,19071,2,8,2025/12/23 0:00,2099/12/31 23:59
,24800,24899,19071,2,8,2025/12/23 0:00,2099/12/31 23:59
,24900,24999,19071,2,8,2025/12/23 0:00,2099/12/31 23:59
,25000,25099,19071,2,8,2025/12/23 0:00,2099/12/31 23:59
,25100,25199,19071,2,8,2025/12/23 0:00,2099/12/31 23:59
,25200,25299,19071,2,8,2025/12/23 0:00,2099/12/31 23:59
,25300,25399,19071,2,8,2025/12/23 0:00,2099/12/31 23:59
,25400,25499,19071,2,8,2025/12/23 0:00,2099/12/31 23:59
,25500,25599,19071,2,8,2025/12/23 0:00,2099/12/31 23:59
,25600,25699,19071,2,8,2025/12/23 0:00,2099/12/31 23:59
,25700,25799,19071,2,8,2025/12/23 0:00,2099/12/31 23:59
,25800,25899,19071,2,8,2025/12/23 0:00,2099/12/31 23:59
,25900,25999,19071,2,8,2025/12/23 0:00,2099/12/31 23:59
,26000,26099,19071,2,8,2025/12/23 0:00,2099/12/31 23:59
,26100,26199,19071,2,8,2025/12/23 0:00,2099/12/31 23:59
,26200,26299,19071,2,8,2025/12/23 0:00,2099/12/31 23:59
,26300,26399,19071,2,8,2025/12/23 0:00,2099/12/31 23:59
,26400,26499,19071,2,8,2025/12/23 0:00,2099/12/31 23:59
,26500,26599,19071,2,8,2025/12/23 0:00,2099/12/31 23:59
,26600,26699,19071,2,8,2025/12/23 0:00,2099/12/31 23:59
,26700,26799,19071,2,8,2025/12/23 0:00,2099/12/31 23:59
,26800,26899,19071,2,8,2025/12/23 0:00,2099/12/31 23:59
,27000,27099,19071,2,8,2025/12/23 0:00,2099/12/31 23:59
,27100,27199,19071,2,8,2025/12/23 0:00,2099/12/31 23:59
,27200,27299,19071,2,8,2025/12/23 0:00,2099/12/31 23:59
,27300,27399,19071,2,8,2025/12/23 0:00,2099/12/31 23:59
,27400,27499,19071,2,8,2025/12/23 0:00,2099/12/31 23:59
,27500,27599,19071,2,8,2025/12/23 0:00,2099/12/31 23:59
,27600,27699,19071,2,8,2025/12/23 0:00,2099/12/31 23:59
,27700,27799,19071,2,8,2025/12/23 0:00,2099/12/31 23:59
,27800,27899,19071,2,8,2025/12/23 0:00,2099/12/31 23:59
,27900,27999,19071,2,8,2025/12/23 0:00,2099/12/31 23:59
,28000,28099,19071,2,8,2025/12/23 0:00,2099/12/31 23:59
,28100,28199,19071,2,8,2025/12/23 0:00,2099/12/31 23:59
,28200,28299,19071,2,8,2025/12/23 0:00,2099/12/31 23:59
,28300,28399,19071,2,8,2025/12/23 0:00,2099/12/31 23:59
,28400,28499,19071,2,8,2025/12/23 0:00,2099/12/31 23:59
,28500,28599,19071,2,8,2025/12/23 0:00,2099/12/31 23:59
,28600,28699,19071,2,8,2025/12/23 0:00,2099/12/31 23:59
,28700,28799,19071,2,8,2025/12/23 0:00,2099/12/31 23:59
,28800,28899,19071,2,8,2025/12/23 0:00,2099/12/31 23:59
,28900,28999,19071,2,8,2025/12/23 0:00,2099/12/31 23:59
,29000,29099,19071,2,8,2025/12/23 0:00,2099/12/31 23:59
,29100,29199,19071,2,8,2025/12/23 0:00,2099/12/31 23:59
,29200,29299,19071,2,8,2025/12/23 0:00,2099/12/31 23:59
,29300,29399,19071,2,8,2025/12/23 0:00,2099/12/31 23:59
,29400,29499,19071,2,8,2025/12/23 0:00,2099/12/31 23:59
,29500,29599,19071,2,8,2025/12/23 0:00,2099/12/31 23:59
,29600,29699,19071,2,8,2025/12/23 0:00,2099/12/31 23:59
,29700,29799,19071,2,8,2025/12/23 0:00,2099/12/31 23:59
,29800,29899,19071,2,8,2025/12/23 0:00,2099/12/31 23:59
,29900,29999,19071,2,8,2025/12/23 0:00,2099/12/31 23:59
,30000,30099,19071,2,8,2025/12/23 0:00,2099/12/31 23:59
,30100,30199,19071,2,8,2025/12/23 0:00,2099/12/31 23:59
,30200,30299,19071,2,8,2025/12/23 0:00,2099/12/31 23:59
,30300,30399,19071,2,8,2025/12/23 0:00,2099/12/31 23:59
,30400,30499,19071,2,8,2025/12/23 0:00,2099/12/31 23:59
,30500,30599,19071,2,8,2025/12/23 0:00,2099/12/31 23:59
,30600,30699,19071,2,8,2025/12/23 0:00,2099/12/31 23:59
,30700,30799,19071,2,8,2025/12/23 0:00,2099/12/31 23:59
,30800,30899,19071,2,8,2025/12/23 0:00,2099/12/31 23:59
,30900,30999,19071,2,8,2025/12/23 0:00,2099/12/31 23:59
,31000,31099,19071,2,8,2025/12/23 0:00,2099/12/31 23:59
,31100,31199,19071,2,8,2025/12/23 0:00,2099/12/31 23:59
,31200,31299,19071,2,8,2025/12/23 0:00,2099/12/31 23:59
,31300,31399,19071,2,8,2025/12/23 0:00,2099/12/31 23:59
,31400,31499,19071,2,8,2025/12/23 0:00,2099/12/31 23:59
,31500,31599,19071,2,8,2025/12/23 0:00,2099/12/31 23:59
,31600,31699,19071,2,8,2025/12/23 0:00,2099/12/31 23:59
,31700,31799,19071,2,8,2025/12/23 0:00,2099/12/31 23:59
,31800,31899,19071,2,8,2025/12/23 0:00,2099/12/31 23:59
,31900,31999,19071,2,8,2025/12/23 0:00,2099/12/31 23:59
,32000,32099,19071,2,8,2025/12/23 0:00,2099/12/31 23:59
,32100,32199,19071,2,8,2025/12/23 0:00,2099/12/31 23:59
,32200,32299,19071,2,8,2025/12/23 0:00,2099/12/31 23:59
,32300,32399,19071,2,8,2025/12/23 0:00,2099/12/31 23:59
,32400,32499,19071,2,8,2025/12/23 0:00,2099/12/31 23:59
,32500,32599,19071,2,8,2025/12/23 0:00,2099/12/31 23:59
,32600,32699,19071,2,8,2025/12/23 0:00,2099/12/31 23:59
,32700,32799,19071,2,8,2025/12/23 0:00,2099/12/31 23:59
,32800,32899,19071,2,8,2025/12/23 0:00,2099/12/31 23:59
,32900,32999,19071,2,8,2025/12/23 0:00,2099/12/31 23:59
,33000,33099,19071,2,8,2025/12/23 0:00,2099/12/31 23:59
,33100,33199,19071,2,8,2025/12/23 0:00,2099/12/31 23:59
,33200,33299,19071,2,8,2025/12/23 0:00,2099/12/31 23:59
,33300,33399,19071,2,8,2025/12/23 0:00,2099/12/31 23:59
,33400,33499,19071,2,8,2025/12/23 0:00,2099/12/31 23:59
,33500,33599,19071,2,8,2025/12/23 0:00,2099/12/31 23:59
,33600,33699,19071,2,8,2025/12/23 0:00,2099/12/31 23:59
,33700,33799,19071,2,8,2025/12/23 0:00,2099/12/31 23:59
,33800,33899,19071,2,8,2025/12/23 0:00,2099/12/31 23:59
,33900,33999,19071,2,8,2025/12/23 0:00,2099/12/31 23:59
,34000,34099,19071,2,8,2025/12/23 0:00,2099/12/31 23:59
,34100,34199,19071,2,8,2025/12/23 0:00,2099/12/31 23:59
,34200,34299,19071,2,8,2025/12/23 0:00,2099/12/31 23:59
,34400,34499,19071,2,8,2025/12/23 0:00,2099/12/31 23:59
,34600,34699,19071,2,8,2025/12/23 0:00,2099/12/31 23:59
,34700,34799,19071,2,8,2025/12/23 0:00,2099/12/31 23:59
,34900,34999,19071,2,8,2025/12/23 0:00,2099/12/31 23:59
,35000,35099,19071,2,7,2025/12/23 0:00,2099/12/31 23:59
,35100,35199,19071,2,7,2025/12/23 0:00,2099/12/31 23:59
,35200,35299,19071,2,7,2025/12/23 0:00,2099/12/31 23:59
,35400,35499,19071,2,7,2025/12/23 0:00,2099/12/31 23:59
,35500,35599,19071,2,7,2025/12/23 0:00,2099/12/31 23:59
,35600,35699,19071,2,7,2025/12/23 0:00,2099/12/31 23:59
,35700,35799,19071,2,8,2025/12/23 0:00,2099/12/31 23:59
,35800,35899,19071,2,7,2025/12/23 0:00,2099/12/31 23:59
,35900,35999,19071,2,8,2025/12/23 0:00,2099/12/31 23:59
,36000,36099,19071,2,8,2025/12/23 0:00,2099/12/31 23:59
,36100,36199,19071,2,8,2025/12/23 0:00,2099/12/31 23:59
,36200,36299,19071,2,8,2025/12/23 0:00,2099/12/31 23:59
,36300,36399,19071,2,8,2025/12/23 0:00,2099/12/31 23:59
,36400,36499,19071,2,8,2025/12/23 0:00,2099/12/31 23:59
,36500,36599,19071,2,7,2025/12/23 0:00,2099/12/31 23:59
,36600,36699,19071,2,7,2025/12/23 0:00,2099/12/31 23:59
,36700,36799,19071,2,7,2025/12/23 0:00,2099/12/31 23:59
,36800,36899,19071,2,8,2025/12/23 0:00,2099/12/31 23:59
,36900,36999,19071,2,7,2025/12/23 0:00,2099/12/31 23:59
,37000,37099,19071,2,7,2025/12/23 0:00,2099/12/31 23:59
,37100,37199,19071,2,8,2025/12/23 0:00,2099/12/31 23:59
,37200,37299,19071,2,7,2025/12/23 0:00,2099/12/31 23:59
,37300,37399,19071,2,8,2025/12/23 0:00,2099/12/31 23:59
,37400,37499,19071,2,8,2025/12/23 0:00,2099/12/31 23:59
,37500,37599,19071,2,7,2025/12/23 0:00,2099/12/31 23:59
,37600,37699,19071,2,8,2025/12/23 0:00,2099/12/31 23:59
,37700,37799,19071,2,8,2025/12/23 0:00,2099/12/31 23:59
,37800,37899,19071,2,8,2025/12/23 0:00,2099/12/31 23:59
,37900,37999,19071,2,8,2025/12/23 0:00,2099/12/31 23:59
,38000,38099,19071,2,7,2025/12/23 0:00,2099/12/31 23:59
,38100,38199,19071,2,7,2025/12/23 0:00,2099/12/31 23:59
,38200,38299,19071,2,7,2025/12/23 0:00,2099/12/31 23:59
,38300,38399,19071,2,7,2025/12/23 0:00,2099/12/31 23:59
,38400,38499,19071,2,7,2025/12/23 0:00,2099/12/31 23:59
,38500,38599,19071,2,8,2025/12/23 0:00,2099/12/31 23:59
,38600,38699,19071,2,7,2025/12/23 0:00,2099/12/31 23:59
,38700,38799,19071,2,7,2025/12/23 0:00,2099/12/31 23:59
,38800,38899,19071,2,7,2025/12/23 0:00,2099/12/31 23:59
,38900,38999,19071,2,7,2025/12/23 0:00,2099/12/31 23:59
,39000,39099,19071,2,7,2025/12/23 0:00,2099/12/31 23:59
,39100,39199,19071,2,7,2025/12/23 0:00,2099/12/31 23:59
,39200,39299,19071,2,7,2025/12/23 0:00,2099/12/31 23:59
,39300,39399,19071,2,7,2025/12/23 0:00,2099/12/31 23:59
,39400,39499,19071,2,7,2025/12/23 0:00,2099/12/31 23:59
,39500,39599,19071,2,7,2025/12/23 0:00,2099/12/31 23:59
,39600,39699,19071,2,7,2025/12/23 0:00,2099/12/31 23:59
,39700,39799,19071,2,7,2025/12/23 0:00,2099/12/31 23:59
,39800,39899,19071,2,8,2025/12/23 0:00,2099/12/31 23:59
,39900,39999,19071,2,8,2025/12/23 0:00,2099/12/31 23:59
,40000,40099,19071,2,8,2025/12/23 0:00,2099/12/31 23:59
,40100,40199,19071,2,7,2025/12/23 0:00,2099/12/31 23:59
,40200,40299,19071,2,8,2025/12/23 0:00,2099/12/31 23:59
,40300,40399,19071,2,8,2025/12/23 0:00,2099/12/31 23:59
,40400,40499,19071,2,8,2025/12/23 0:00,2099/12/31 23:59
,40500,40599,19071,2,8,2025/12/23 0:00,2099/12/31 23:59
,40600,40699,19071,2,8,2025/12/23 0:00,2099/12/31 23:59
,40700,40799,19071,2,8,2025/12/23 0:00,2099/12/31 23:59
,40800,40899,19071,2,8,2025/12/23 0:00,2099/12/31 23:59
,40900,40999,19071,2,8,2025/12/23 0:00,2099/12/31 23:59
,41000,41099,19071,2,8,2025/12/23 0:00,2099/12/31 23:59
,41100,41199,19071,2,8,2025/12/23 0:00,2099/12/31 23:59
,41200,41299,19071,2,8,2025/12/23 0:00,2099/12/31 23:59
,41300,41399,19071,2,8,2025/12/23 0:00,2099/12/31 23:59
,41400,41499,19071,2,8,2025/12/23 0:00,2099/12/31 23:59
,41500,41599,19071,2,8,2025/12/23 0:00,2099/12/31 23:59
,41600,41699,19071,2,8,2025/12/23 0:00,2099/12/31 23:59
,41700,41799,19071,2,8,2025/12/23 0:00,2099/12/31 23:59
,41800,41899,19071,2,8,2025/12/23 0:00,2099/12/31 23:59
,42000,42099,19071,2,7,2025/12/23 0:00,2099/12/31 23:59
,42100,42199,19071,2,8,2025/12/23 0:00,2099/12/31 23:59
,42200,42299,19071,2,7,2025/12/23 0:00,2099/12/31 23:59
,42300,42399,19071,2,7,2025/12/23 0:00,2099/12/31 23:59
,42400,42499,19071,2,7,2025/12/23 0:00,2099/12/31 23:59
,42500,42599,19071,2,8,2025/12/23 0:00,2099/12/31 23:59
,42600,42699,19071,2,8,2025/12/23 0:00,2099/12/31 23:59
,42700,42799,19071,2,8,2025/12/23 0:00,2099/12/31 23:59
,43000,43099,19071,2,8,2025/12/23 0:00,2099/12/31 23:59
,43100,43199,19071,2,8,2025/12/23 0:00,2099/12/31 23:59
,43200,43299,19071,2,8,2025/12/23 0:00,2099/12/31 23:59
,43300,43399,19071,2,8,2025/12/23 0:00,2099/12/31 23:59
,43400,43499,19071,2,8,2025/12/23 0:00,2099/12/31 23:59
,43500,43599,19071,2,8,2025/12/23 0:00,2099/12/31 23:59
,43600,43699,19071,2,8,2025/12/23 0:00,2099/12/31 23:59
,43700,43799,19071,2,8,2025/12/23 0:00,2099/12/31 23:59
,43800,43899,19071,2,8,2025/12/23 0:00,2099/12/31 23:59
,43900,43999,19071,2,8,2025/12/23 0:00,2099/12/31 23:59
,44000,44099,19071,2,8,2025/12/23 0:00,2099/12/31 23:59
,44100,44199,19071,2,8,2025/12/23 0:00,2099/12/31 23:59
,44200,44299,19071,2,8,2025/12/23 0:00,2099/12/31 23:59
,44300,44399,19071,2,8,2025/12/23 0:00,2099/12/31 23:59
,44400,44499,19071,2,8,2025/12/23 0:00,2099/12/31 23:59
,44500,44599,19071,2,8,2025/12/23 0:00,2099/12/31 23:59
,44600,44699,19071,2,8,2025/12/23 0:00,2099/12/31 23:59
,44700,44799,19071,2,8,2025/12/23 0:00,2099/12/31 23:59
,44800,44899,19071,2,8,2025/12/23 0:00,2099/12/31 23:59
,44900,44999,19071,2,8,2025/12/23 0:00,2099/12/31 23:59
,45000,45099,19071,2,8,2025/12/23 0:00,2099/12/31 23:59
,45100,45199,19071,2,8,2025/12/23 0:00,2099/12/31 23:59
,45200,45299,19071,2,8,2025/12/23 0:00,2099/12/31 23:59
,45300,45399,19071,2,8,2025/12/23 0:00,2099/12/31 23:59
,45400,45499,19071,2,8,2025/12/23 0:00,2099/12/31 23:59
,45500,45599,19071,2,8,2025/12/23 0:00,2099/12/31 23:59
,45600,45699,19071,2,8,2025/12/23 0:00,2099/12/31 23:59
,45700,45799,19071,2,8,2025/12/23 0:00,2099/12/31 23:59
,45800,45899,19071,2,8,2025/12/23 0:00,2099/12/31 23:59
,45900,45999,19071,2,8,2025/12/23 0:00,2099/12/31 23:59
,46000,46099,19071,2,8,2025/12/23 0:00,2099/12/31 23:59
,46100,46199,19071,2,8,2025/12/23 0:00,2099/12/31 23:59
,46200,46299,19071,2,7,2025/12/23 0:00,2099/12/31 23:59
,46300,46399,19071,2,7,2025/12/23 0:00,2099/12/31 23:59
,46400,46499,19071,2,7,2025/12/23 0:00,2099/12/31 23:59
,46500,46599,19071,2,8,2025/12/23 0:00,2099/12/31 23:59
,46600,46699,19071,2,8,2025/12/23 0:00,2099/12/31 23:59
,46700,46799,19071,2,8,2025/12/23 0:00,2099/12/31 23:59
,46800,46899,19071,2,8,2025/12/23 0:00,2099/12/31 23:59
,46900,46999,19071,2,8,2025/12/23 0:00,2099/12/31 23:59
,47000,47099,19071,2,8,2025/12/23 0:00,2099/12/31 23:59
,47100,47199,19071,2,8,2025/12/23 0:00,2099/12/31 23:59
,47200,47299,19071,2,8,2025/12/23 0:00,2099/12/31 23:59
,47300,47399,19071,2,8,2025/12/23 0:00,2099/12/31 23:59
,47400,47499,19071,2,7,2025/12/23 0:00,2099/12/31 23:59
,47500,47599,19071,2,7,2025/12/23 0:00,2099/12/31 23:59
,47600,47699,19071,2,7,2025/12/23 0:00,2099/12/31 23:59
,47700,47799,19071,2,7,2025/12/23 0:00,2099/12/31 23:59
,47800,47899,19071,2,7,2025/12/23 0:00,2099/12/31 23:59
,47900,47999,19071,2,7,2025/12/23 0:00,2099/12/31 23:59
,48000,48099,19071,2,8,2025/12/23 0:00,2099/12/31 23:59
,48100,48199,19071,2,8,2025/12/23 0:00,2099/12/31 23:59
,48200,48299,19071,2,8,2025/12/23 0:00,2099/12/31 23:59
,48300,48399,19071,2,8,2025/12/23 0:00,2099/12/31 23:59
,48400,48499,19071,2,8,2025/12/23 0:00,2099/12/31 23:59
,48500,48599,19071,2,8,2025/12/23 0:00,2099/12/31 23:59
,48600,48699,19071,2,8,2025/12/23 0:00,2099/12/31 23:59
,48700,48799,19071,2,8,2025/12/23 0:00,2099/12/31 23:59
,48800,48899,19071,2,8,2025/12/23 0:00,2099/12/31 23:59
,48900,48999,19071,2,8,2025/12/23 0:00,2099/12/31 23:59
,49000,49099,19071,2,8,2025/12/23 0:00,2099/12/31 23:59
,49100,49199,19071,2,8,2025/12/23 0:00,2099/12/31 23:59
,49200,49299,19071,2,8,2025/12/23 0:00,2099/12/31 23:59
,49300,49399,19071,2,8,2025/12/23 0:00,2099/12/31 23:59
,49400,49499,19071,2,8,2025/12/23 0:00,2099/12/31 23:59
,49500,49599,19071,2,8,2025/12/23 0:00,2099/12/31 23:59
,49600,49699,19071,2,8,2025/12/23 0:00,2099/12/31 23:59
,49700,49799,19071,2,8,2025/12/23 0:00,2099/12/31 23:59
,49800,49899,19071,2,8,2025/12/23 0:00,2099/12/31 23:59
,49900,49999,19071,2,7,2025/12/23 0:00,2099/12/31 23:59
,50000,50099,19071,2,6,2025/12/23 0:00,2099/12/31 23:59
,50100,50199,19071,2,7,2025/12/23 0:00,2099/12/31 23:59
,50200,50299,19071,2,7,2025/12/23 0:00,2099/12/31 23:59
,50300,50399,19071,2,7,2025/12/23 0:00,2099/12/31 23:59
,50400,50499,19071,2,7,2025/12/23 0:00,2099/12/31 23:59
,50500,50599,19071,2,7,2025/12/23 0:00,2099/12/31 23:59
,50600,50699,19071,2,7,2025/12/23 0:00,2099/12/31 23:59
,50700,50799,19071,2,7,2025/12/23 0:00,2099/12/31 23:59
,50800,50899,19071,2,6,2025/12/23 0:00,2099/12/31 23:59
,50900,50999,19071,2,7,2025/12/23 0:00,2099/12/31 23:59
,51000,51099,19071,2,6,2025/12/23 0:00,2099/12/31 23:59
,51100,51199,19071,2,6,2025/12/23 0:00,2099/12/31 23:59
,51200,51299,19071,2,6,2025/12/23 0:00,2099/12/31 23:59
,51300,51399,19071,2,6,2025/12/23 0:00,2099/12/31 23:59
,51400,51499,19071,2,6,2025/12/23 0:00,2099/12/31 23:59
,51500,51599,19071,2,6,2025/12/23 0:00,2099/12/31 23:59
,51600,51699,19071,2,6,2025/12/23 0:00,2099/12/31 23:59
,52000,52099,19071,2,7,2025/12/23 0:00,2099/12/31 23:59
,52100,52199,19071,2,7,2025/12/23 0:00,2099/12/31 23:59
,52200,52299,19071,2,7,2025/12/23 0:00,2099/12/31 23:59
,52300,52399,19071,2,7,2025/12/23 0:00,2099/12/31 23:59
,52400,52499,19071,2,7,2025/12/23 0:00,2099/12/31 23:59
,52500,52599,19071,2,7,2025/12/23 0:00,2099/12/31 23:59
,52600,52699,19071,2,7,2025/12/23 0:00,2099/12/31 23:59
,52700,52799,19071,2,7,2025/12/23 0:00,2099/12/31 23:59
,52800,52899,19071,2,7,2025/12/23 0:00,2099/12/31 23:59
,53000,53099,19071,2,7,2025/12/23 0:00,2099/12/31 23:59
,53100,53199,19071,2,7,2025/12/23 0:00,2099/12/31 23:59
,53200,53299,19071,2,7,2025/12/23 0:00,2099/12/31 23:59
,53400,53499,19071,2,7,2025/12/23 0:00,2099/12/31 23:59
,53500,53599,19071,2,7,2025/12/23 0:00,2099/12/31 23:59
,53700,53799,19071,2,7,2025/12/23 0:00,2099/12/31 23:59
,53800,53899,19071,2,7,2025/12/23 0:00,2099/12/31 23:59
,53900,53999,19071,2,7,2025/12/23 0:00,2099/12/31 23:59
,54000,54099,19071,2,7,2025/12/23 0:00,2099/12/31 23:59
,54100,54199,19071,2,7,2025/12/23 0:00,2099/12/31 23:59
,54200,54299,19071,2,7,2025/12/23 0:00,2099/12/31 23:59
,54300,54399,19071,2,7,2025/12/23 0:00,2099/12/31 23:59
,54400,54499,19071,2,7,2025/12/23 0:00,2099/12/31 23:59
,54500,54599,19071,2,7,2025/12/23 0:00,2099/12/31 23:59
,54600,54699,19071,2,7,2025/12/23 0:00,2099/12/31 23:59
,54700,54799,19071,2,7,2025/12/23 0:00,2099/12/31 23:59
,54800,54899,19071,2,7,2025/12/23 0:00,2099/12/31 23:59
,54900,54999,19071,2,7,2025/12/23 0:00,2099/12/31 23:59
,55000,55099,19071,2,7,2025/12/23 0:00,2099/12/31 23:59
,55100,55199,19071,2,7,2025/12/23 0:00,2099/12/31 23:59
,55300,55399,19071,2,7,2025/12/23 0:00,2099/12/31 23:59
,55400,55499,19071,2,7,2025/12/23 0:00,2099/12/31 23:59
,55500,55599,19071,2,7,2025/12/23 0:00,2099/12/31 23:59
,55600,55699,19071,2,7,2025/12/23 0:00,2099/12/31 23:59
,55700,55799,19071,2,7,2025/12/23 0:00,2099/12/31 23:59
,55800,55899,19071,2,7,2025/12/23 0:00,2099/12/31 23:59
,55900,55999,19071,2,7,2025/12/23 0:00,2099/12/31 23:59
,56000,56099,19071,2,7,2025/12/23 0:00,2099/12/31 23:59
,56100,56199,19071,2,6,2025/12/23 0:00,2099/12/31 23:59
,56200,56299,19071,2,7,2025/12/23 0:00,2099/12/31 23:59
,56300,56399,19071,2,7,2025/12/23 0:00,2099/12/31 23:59
,56400,56499,19071,2,7,2025/12/23 0:00,2099/12/31 23:59
,56500,56599,19071,2,7,2025/12/23 0:00,2099/12/31 23:59
,56600,56699,19071,2,7,2025/12/23 0:00,2099/12/31 23:59
,56700,56799,19071,2,7,2025/12/23 0:00,2099/12/31 23:59
,57000,57099,19071,2,6,2025/12/23 0:00,2099/12/31 23:59
,57100,57199,19071,2,6,2025/12/23 0:00,2099/12/31 23:59
,57200,57299,19071,2,6,2025/12/23 0:00,2099/12/31 23:59
,57300,57399,19071,2,6,2025/12/23 0:00,2099/12/31 23:59
,57400,57499,19071,2,6,2025/12/23 0:00,2099/12/31 23:59
,57500,57599,19071,2,6,2025/12/23 0:00,2099/12/31 23:59
,57600,57699,19071,2,6,2025/12/23 0:00,2099/12/31 23:59
,57700,57799,19071,2,6,2025/12/23 0:00,2099/12/31 23:59
,58000,58099,19071,2,6,2025/12/23 0:00,2099/12/31 23:59
,58100,58199,19071,2,7,2025/12/23 0:00,2099/12/31 23:59
,58200,58299,19071,2,7,2025/12/23 0:00,2099/12/31 23:59
,58300,58399,19071,2,6,2025/12/23 0:00,2099/12/31 23:59
,58400,58499,19071,2,6,2025/12/23 0:00,2099/12/31 23:59
,58500,58599,19071,2,6,2025/12/23 0:00,2099/12/31 23:59
,58600,58699,19071,2,6,2025/12/23 0:00,2099/12/31 23:59
,58700,58799,19071,2,6,2025/12/23 0:00,2099/12/31 23:59
,58800,58899,19071,2,6,2025/12/23 0:00,2099/12/31 23:59
,59000,59099,19071,2,5,2025/12/23 0:00,2099/12/31 23:59
,59100,59199,19071,2,5,2025/12/23 0:00,2099/12/31 23:59
,59200,59299,19071,2,6,2025/12/23 0:00,2099/12/31 23:59
,59300,59399,19071,2,6,2025/12/23 0:00,2099/12/31 23:59
,59400,59499,19071,2,6,2025/12/23 0:00,2099/12/31 23:59
,59500,59599,19071,2,6,2025/12/23 0:00,2099/12/31 23:59
,59600,59699,19071,2,5,2025/12/23 0:00,2099/12/31 23:59
,59700,59799,19071,2,5,2025/12/23 0:00,2099/12/31 23:59
,59800,59899,19071,2,5,2025/12/23 0:00,2099/12/31 23:59
,59900,59999,19071,2,6,2025/12/23 0:00,2099/12/31 23:59
,60000,60099,19071,2,7,2025/12/23 0:00,2099/12/31 23:59
,60100,60199,19071,2,7,2025/12/23 0:00,2099/12/31 23:59
,60200,60299,19071,2,7,2025/12/23 0:00,2099/12/31 23:59
,60300,60399,19071,2,7,2025/12/23 0:00,2099/12/31 23:59
,60400,60499,19071,2,7,2025/12/23 0:00,2099/12/31 23:59
,60500,60599,19071,2,7,2025/12/23 0:00,2099/12/31 23:59
,60600,60699,19071,2,7,2025/12/23 0:00,2099/12/31 23:59
,60700,60799,19071,2,7,2025/12/23 0:00,2099/12/31 23:59
,60800,60899,19071,2,7,2025/12/23 0:00,2099/12/31 23:59
,60900,60999,19071,2,7,2025/12/23 0:00,2099/12/31 23:59
,61000,61099,19071,2,7,2025/12/23 0:00,2099/12/31 23:59
,61100,61199,19071,2,7,2025/12/23 0:00,2099/12/31 23:59
,61200,61299,19071,2,7,2025/12/23 0:00,2099/12/31 23:59
,61300,61399,19071,2,7,2025/12/23 0:00,2099/12/31 23:59
,61400,61499,19071,2,7,2025/12/23 0:00,2099/12/31 23:59
,61500,61599,19071,2,7,2025/12/23 0:00,2099/12/31 23:59
,61600,61699,19071,2,7,2025/12/23 0:00,2099/12/31 23:59
,61700,61799,19071,2,7,2025/12/23 0:00,2099/12/31 23:59
,61800,61899,19071,2,7,2025/12/23 0:00,2099/12/31 23:59
,61900,61999,19071,2,7,2025/12/23 0:00,2099/12/31 23:59
,62000,62099,19071,2,7,2025/12/23 0:00,2099/12/31 23:59
,62200,62299,19071,2,7,2025/12/23 0:00,2099/12/31 23:59
,62300,62399,19071,2,7,2025/12/23 0:00,2099/12/31 23:59
,62400,62499,19071,2,7,2025/12/23 0:00,2099/12/31 23:59
,62500,62599,19071,2,7,2025/12/23 0:00,2099/12/31 23:59
,62600,62699,19071,2,7,2025/12/23 0:00,2099/12/31 23:59
,62700,62799,19071,2,7,2025/12/23 0:00,2099/12/31 23:59
,62800,62899,19071,2,7,2025/12/23 0:00,2099/12/31 23:59
,62900,62999,19071,2,7,2025/12/23 0:00,2099/12/31 23:59
,63000,63099,19071,2,7,2025/12/23 0:00,2099/12/31 23:59
,63100,63199,19071,2,7,2025/12/23 0:00,2099/12/31 23:59
,63300,63399,19071,2,7,2025/12/23 0:00,2099/12/31 23:59
,63400,63499,19071,2,7,2025/12/23 0:00,2099/12/31 23:59
,63500,63599,19071,2,7,2025/12/23 0:00,2099/12/31 23:59
,63600,63699,19071,2,7,2025/12/23 0:00,2099/12/31 23:59
,63700,63799,19071,2,7,2025/12/23 0:00,2099/12/31 23:59
,63800,63899,19071,2,7,2025/12/23 0:00,2099/12/31 23:59
,63900,63999,19071,2,7,2025/12/23 0:00,2099/12/31 23:59
,64000,64099,19071,2,6,2025/12/23 0:00,2099/12/31 23:59
,64100,64199,19071,2,6,2025/12/23 0:00,2099/12/31 23:59
,64400,64499,19071,2,6,2025/12/23 0:00,2099/12/31 23:59
,64500,64599,19071,2,6,2025/12/23 0:00,2099/12/31 23:59
,64600,64699,19071,2,7,2025/12/23 0:00,2099/12/31 23:59
,64700,64799,19071,2,6,2025/12/23 0:00,2099/12/31 23:59
,64800,64899,19071,2,6,2025/12/23 0:00,2099/12/31 23:59
,64900,64999,19071,2,6,2025/12/23 0:00,2099/12/31 23:59
,65000,65099,19071,2,7,2025/12/23 0:00,2099/12/31 23:59
,65100,65199,19071,2,7,2025/12/23 0:00,2099/12/31 23:59
,65200,65299,19071,2,7,2025/12/23 0:00,2099/12/31 23:59
,65300,65399,19071,2,7,2025/12/23 0:00,2099/12/31 23:59
,65400,65499,19071,2,7,2025/12/23 0:00,2099/12/31 23:59
,65500,65599,19071,2,7,2025/12/23 0:00,2099/12/31 23:59
,65600,65699,19071,2,6,2025/12/23 0:00,2099/12/31 23:59
,65700,65799,19071,2,7,2025/12/23 0:00,2099/12/31 23:59
,65800,65899,19071,2,7,2025/12/23 0:00,2099/12/31 23:59
,66000,66099,19071,2,6,2025/12/23 0:00,2099/12/31 23:59
,66100,66199,19071,2,6,2025/12/23 0:00,2099/12/31 23:59
,66200,66299,19071,2,6,2025/12/23 0:00,2099/12/31 23:59
,66400,66499,19071,2,6,2025/12/23 0:00,2099/12/31 23:59
,66500,66599,19071,2,6,2025/12/23 0:00,2099/12/31 23:59
,66600,66699,19071,2,6,2025/12/23 0:00,2099/12/31 23:59
,66700,66799,19071,2,6,2025/12/23 0:00,2099/12/31 23:59
,66800,66899,19071,2,6,2025/12/23 0:00,2099/12/31 23:59
,66900,66999,19071,2,6,2025/12/23 0:00,2099/12/31 23:59
,67000,67099,19071,2,6,2025/12/23 0:00,2099/12/31 23:59
,67100,67199,19071,2,6,2025/12/23 0:00,2099/12/31 23:59
,67200,67299,19071,2,6,2025/12/23 0:00,2099/12/31 23:59
,67300,67399,19071,2,6,2025/12/23 0:00,2099/12/31 23:59
,67400,67499,19071,2,6,2025/12/23 0:00,2099/12/31 23:59
,67500,67599,19071,2,6,2025/12/23 0:00,2099/12/31 23:59
,67600,67699,19071,2,6,2025/12/23 0:00,2099/12/31 23:59
,67700,67799,19071,2,6,2025/12/23 0:00,2099/12/31 23:59
,67800,67899,19071,2,5,2025/12/23 0:00,2099/12/31 23:59
,67900,67999,19071,2,5,2025/12/23 0:00,2099/12/31 23:59
,68000,68099,19071,2,6,2025/12/23 0:00,2099/12/31 23:59
,68100,68199,19071,2,6,2025/12/23 0:00,2099/12/31 23:59
,68300,68399,19071,2,6,2025/12/23 0:00,2099/12/31 23:59
,68400,68499,19071,2,6,2025/12/23 0:00,2099/12/31 23:59
,68500,68599,19071,2,6,2025/12/23 0:00,2099/12/31 23:59
,68600,68699,19071,2,6,2025/12/23 0:00,2099/12/31 23:59
,68700,68799,19071,2,6,2025/12/23 0:00,2099/12/31 23:59
,68800,68899,19071,2,6,2025/12/23 0:00,2099/12/31 23:59
,68900,68999,19071,2,6,2025/12/23 0:00,2099/12/31 23:59
,69000,69099,19071,2,6,2025/12/23 0:00,2099/12/31 23:59
,69100,69199,19071,2,6,2025/12/23 0:00,2099/12/31 23:59
,69200,69299,19071,2,6,2025/12/23 0:00,2099/12/31 23:59
,69300,69399,19071,2,5,2025/12/23 0:00,2099/12/31 23:59
,70000,70099,19071,2,7,2025/12/23 0:00,2099/12/31 23:59
,70100,70199,19071,2,7,2025/12/23 0:00,2099/12/31 23:59
,70300,70399,19071,2,7,2025/12/23 0:00,2099/12/31 23:59
,70400,70499,19071,2,7,2025/12/23 0:00,2099/12/31 23:59
,70500,70599,19071,2,7,2025/12/23 0:00,2099/12/31 23:59
,70600,70699,19071,2,7,2025/12/23 0:00,2099/12/31 23:59
,70700,70799,19071,2,7,2025/12/23 0:00,2099/12/31 23:59
,70800,70899,19071,2,7,2025/12/23 0:00,2099/12/31 23:59
,71000,71099,19071,2,7,2025/12/23 0:00,2099/12/31 23:59
,71100,71199,19071,2,7,2025/12/23 0:00,2099/12/31 23:59
,71200,71299,19071,2,7,2025/12/23 0:00,2099/12/31 23:59
,71300,71399,19071,2,7,2025/12/23 0:00,2099/12/31 23:59
,71400,71499,19071,2,7,2025/12/23 0:00,2099/12/31 23:59
,71600,71699,19071,2,7,2025/12/23 0:00,2099/12/31 23:59
,71700,71799,19071,2,7,2025/12/23 0:00,2099/12/31 23:59
,71800,71899,19071,2,6,2025/12/23 0:00,2099/12/31 23:59
,71900,71999,19071,2,6,2025/12/23 0:00,2099/12/31 23:59
,72000,72099,19071,2,7,2025/12/23 0:00,2099/12/31 23:59
,72100,72199,19071,2,7,2025/12/23 0:00,2099/12/31 23:59
,72200,72299,19071,2,7,2025/12/23 0:00,2099/12/31 23:59
,72300,72399,19071,2,7,2025/12/23 0:00,2099/12/31 23:59
,72400,72499,19071,2,7,2025/12/23 0:00,2099/12/31 23:59
,72500,72599,19071,2,7,2025/12/23 0:00,2099/12/31 23:59
,72600,72699,19071,2,7,2025/12/23 0:00,2099/12/31 23:59
,72700,72799,19071,2,6,2025/12/23 0:00,2099/12/31 23:59
,72800,72899,19071,2,7,2025/12/23 0:00,2099/12/31 23:59
,72900,72999,19071,2,6,2025/12/23 0:00,2099/12/31 23:59
,73000,73099,19071,2,6,2025/12/23 0:00,2099/12/31 23:59
,73100,73199,19071,2,6,2025/12/23 0:00,2099/12/31 23:59
,73300,73399,19071,2,6,2025/12/23 0:00,2099/12/31 23:59
,73400,73499,19071,2,6,2025/12/23 0:00,2099/12/31 23:59
,73500,73599,19071,2,6,2025/12/23 0:00,2099/12/31 23:59
,73600,73699,19071,2,6,2025/12/23 0:00,2099/12/31 23:59
,73700,73799,19071,2,6,2025/12/23 0:00,2099/12/31 23:59
,73800,73899,19071,2,6,2025/12/23 0:00,2099/12/31 23:59
,73900,73999,19071,2,5,2025/12/23 0:00,2099/12/31 23:59
,74000,74099,19071,2,6,2025/12/23 0:00,2099/12/31 23:59
,74100,74199,19071,2,6,2025/12/23 0:00,2099/12/31 23:59
,74300,74399,19071,2,6,2025/12/23 0:00,2099/12/31 23:59
,74400,74499,19071,2,6,2025/12/23 0:00,2099/12/31 23:59
,74500,74599,19071,2,6,2025/12/23 0:00,2099/12/31 23:59
,74600,74699,19071,2,6,2025/12/23 0:00,2099/12/31 23:59
,74700,74799,19071,2,6,2025/12/23 0:00,2099/12/31 23:59
,74800,74899,19071,2,6,2025/12/23 0:00,2099/12/31 23:59
,74900,74999,19071,2,6,2025/12/23 0:00,2099/12/31 23:59
,75000,75099,19071,2,6,2025/12/23 0:00,2099/12/31 23:59
,75100,75199,19071,2,6,2025/12/23 0:00,2099/12/31 23:59
,75200,75299,19071,2,6,2025/12/23 0:00,2099/12/31 23:59
,75300,75399,19071,2,6,2025/12/23 0:00,2099/12/31 23:59
,75400,75499,19071,2,6,2025/12/23 0:00,2099/12/31 23:59
,75500,75599,19071,2,6,2025/12/23 0:00,2099/12/31 23:59
,75600,75699,19071,2,6,2025/12/23 0:00,2099/12/31 23:59
,75700,75799,19071,2,6,2025/12/23 0:00,2099/12/31 23:59
,75800,75899,19071,2,6,2025/12/23 0:00,2099/12/31 23:59
,75900,75999,19071,2,6,2025/12/23 0:00,2099/12/31 23:59
,76000,76099,19071,2,6,2025/12/23 0:00,2099/12/31 23:59
,76100,76199,19071,2,6,2025/12/23 0:00,2099/12/31 23:59
,76200,76299,19071,2,6,2025/12/23 0:00,2099/12/31 23:59
,76300,76399,19071,2,6,2025/12/23 0:00,2099/12/31 23:59
,76400,76499,19071,2,6,2025/12/23 0:00,2099/12/31 23:59
,76500,76599,19071,2,6,2025/12/23 0:00,2099/12/31 23:59
,76600,76699,19071,2,6,2025/12/23 0:00,2099/12/31 23:59
,76700,76799,19071,2,6,2025/12/23 0:00,2099/12/31 23:59
,76800,76899,19071,2,6,2025/12/23 0:00,2099/12/31 23:59
,76900,76999,19071,2,6,2025/12/23 0:00,2099/12/31 23:59
,77000,77099,19071,2,6,2025/12/23 0:00,2099/12/31 23:59
,77200,77299,19071,2,6,2025/12/23 0:00,2099/12/31 23:59
,77300,77399,19071,2,6,2025/12/23 0:00,2099/12/31 23:59
,77400,77499,19071,2,6,2025/12/23 0:00,2099/12/31 23:59
,77500,77599,19071,2,6,2025/12/23 0:00,2099/12/31 23:59
,77600,77699,19071,2,7,2025/12/23 0:00,2099/12/31 23:59
,77700,77799,19071,2,7,2025/12/23 0:00,2099/12/31 23:59
,77800,77899,19071,2,6,2025/12/23 0:00,2099/12/31 23:59
,77900,77999,19071,2,6,2025/12/23 0:00,2099/12/31 23:59
,78000,78099,19071,2,6,2025/12/23 0:00,2099/12/31 23:59
,78100,78199,19071,2,6,2025/12/23 0:00,2099/12/31 23:59
,78200,78299,19071,2,6,2025/12/23 0:00,2099/12/31 23:59
,78300,78399,19071,2,6,2025/12/23 0:00,2099/12/31 23:59
,78400,78499,19071,2,6,2025/12/23 0:00,2099/12/31 23:59
,78500,78599,19071,2,6,2025/12/23 0:00,2099/12/31 23:59
,78600,78699,19071,2,6,2025/12/23 0:00,2099/12/31 23:59
,78700,78799,19071,2,6,2025/12/23 0:00,2099/12/31 23:59
,78800,78899,19071,2,6,2025/12/23 0:00,2099/12/31 23:59
,78900,78999,19071,2,6,2025/12/23 0:00,2099/12/31 23:59
,79000,79099,19071,2,5,2025/12/23 0:00,2099/12/31 23:59
,79100,79199,19071,2,5,2025/12/23 0:00,2099/12/31 23:59
,79200,79299,19071,2,5,2025/12/23 0:00,2099/12/31 23:59
,79300,79399,19071,2,5,2025/12/23 0:00,2099/12/31 23:59
,79400,79499,19071,2,5,2025/12/23 0:00,2099/12/31 23:59
,79500,79599,19071,2,6,2025/12/23 0:00,2099/12/31 23:59
,79600,79699,19071,2,6,2025/12/23 0:00,2099/12/31 23:59
,79700,79799,19071,2,5,2025/12/23 0:00,2099/12/31 23:59
,79800,79899,19071,2,5,2025/12/23 0:00,2099/12/31 23:59
,79900,79999,19071,2,5,2025/12/23 0:00,2099/12/31 23:59
,80000,80099,19071,2,5,2025/12/23 0:00,2099/12/31 23:59
,80100,80199,19071,2,5,2025/12/23 0:00,2099/12/31 23:59
,80200,80299,19071,2,5,2025/12/23 0:00,2099/12/31 23:59
,80300,80399,19071,2,5,2025/12/23 0:00,2099/12/31 23:59
,80400,80499,19071,2,5,2025/12/23 0:00,2099/12/31 23:59
,80500,80599,19071,2,5,2025/12/23 0:00,2099/12/31 23:59
,80600,80699,19071,2,5,2025/12/23 0:00,2099/12/31 23:59
,80700,80799,19071,2,5,2025/12/23 0:00,2099/12/31 23:59
,80800,80899,19071,2,5,2025/12/23 0:00,2099/12/31 23:59
,80900,80999,19071,2,5,2025/12/23 0:00,2099/12/31 23:59
,81000,81099,19071,2,5,2025/12/23 0:00,2099/12/31 23:59
,81100,81199,19071,2,5,2025/12/23 0:00,2099/12/31 23:59
,81200,81299,19071,2,5,2025/12/23 0:00,2099/12/31 23:59
,81300,81399,19071,2,4,2025/12/23 0:00,2099/12/31 23:59
,81400,81499,19071,2,5,2025/12/23 0:00,2099/12/31 23:59
,81500,81599,19071,2,5,2025/12/23 0:00,2099/12/31 23:59
,81600,81699,19071,2,5,2025/12/23 0:00,2099/12/31 23:59
,82000,82099,19071,2,5,2025/12/23 0:00,2099/12/31 23:59
,82100,82199,19071,2,5,2025/12/23 0:00,2099/12/31 23:59
,82200,82299,19071,2,5,2025/12/23 0:00,2099/12/31 23:59
,82300,82399,19071,2,5,2025/12/23 0:00,2099/12/31 23:59
,82400,82499,19071,2,5,2025/12/23 0:00,2099/12/31 23:59
,82500,82599,19071,2,5,2025/12/23 0:00,2099/12/31 23:59
,82600,82699,19071,2,5,2025/12/23 0:00,2099/12/31 23:59
,82700,82799,19071,2,5,2025/12/23 0:00,2099/12/31 23:59
,82800,82899,19071,2,5,2025/12/23 0:00,2099/12/31 23:59
,82900,82999,19071,2,5,2025/12/23 0:00,2099/12/31 23:59
,83000,83099,19071,2,5,2025/12/23 0:00,2099/12/31 23:59
,83100,83199,19071,2,5,2025/12/23 0:00,2099/12/31 23:59
,83200,83299,19071,2,5,2025/12/23 0:00,2099/12/31 23:59
,83300,83399,19071,2,5,2025/12/23 0:00,2099/12/31 23:59
,83400,83499,19071,2,5,2025/12/23 0:00,2099/12/31 23:59
,83500,83599,19071,2,5,2025/12/23 0:00,2099/12/31 23:59
,83600,83699,19071,2,5,2025/12/23 0:00,2099/12/31 23:59
,83700,83799,19071,2,5,2025/12/23 0:00,2099/12/31 23:59
,83800,83899,19071,2,5,2025/12/23 0:00,2099/12/31 23:59
,84000,84099,19071,2,5,2025/12/23 0:00,2099/12/31 23:59
,84100,84199,19071,2,4,2025/12/23 0:00,2099/12/31 23:59
,84200,84299,19071,2,4,2025/12/23 0:00,2099/12/31 23:59
,84300,84399,19071,2,5,2025/12/23 0:00,2099/12/31 23:59
,84400,84499,19071,2,5,2025/12/23 0:00,2099/12/31 23:59
,84500,84599,19071,2,4,2025/12/23 0:00,2099/12/31 23:59
,84600,84699,19071,2,4,2025/12/23 0:00,2099/12/31 23:59
,84700,84799,19071,2,4,2025/12/23 0:00,2099/12/31 23:59
,85000,85099,19071,2,4,2025/12/23 0:00,2099/12/31 23:59
,85100,85199,19071,2,4,2025/12/23 0:00,2099/12/31 23:59
,85200,85299,19071,2,4,2025/12/23 0:00,2099/12/31 23:59
,85300,85399,19071,2,3,2025/12/23 0:00,2099/12/31 23:59
,85500,85599,19071,2,4,2025/12/23 0:00,2099/12/31 23:59
,85600,85699,19071,2,4,2025/12/23 0:00,2099/12/31 23:59
,85700,85799,19071,2,4,2025/12/23 0:00,2099/12/31 23:59
,85900,85999,19071,2,4,2025/12/23 0:00,2099/12/31 23:59
,86000,86099,19071,2,4,2025/12/23 0:00,2099/12/31 23:59
,86300,86399,19071,2,4,2025/12/23 0:00,2099/12/31 23:59
,86400,86499,19071,2,3,2025/12/23 0:00,2099/12/31 23:59
,86500,86599,19071,2,4,2025/12/23 0:00,2099/12/31 23:59
,87000,87099,19071,2,5,2025/12/23 0:00,2099/12/31 23:59
,87100,87199,19071,2,5,2025/12/23 0:00,2099/12/31 23:59
,87300,87399,19071,2,4,2025/12/23 0:00,2099/12/31 23:59
,87400,87499,19071,2,4,2025/12/23 0:00,2099/12/31 23:59
,87500,87599,19071,2,5,2025/12/23 0:00,2099/12/31 23:59
,87600,87699,19071,2,5,2025/12/23 0:00,2099/12/31 23:59
,87700,87799,19071,2,5,2025/12/23 0:00,2099/12/31 23:59
,87800,87899,19071,2,4,2025/12/23 0:00,2099/12/31 23:59
,87900,87999,19071,2,5,2025/12/23 0:00,2099/12/31 23:59
,88000,88099,19071,2,5,2025/12/23 0:00,2099/12/31 23:59
,88100,88199,19071,2,5,2025/12/23 0:00,2099/12/31 23:59
,88200,88299,19071,2,5,2025/12/23 0:00,2099/12/31 23:59
,88300,88399,19071,2,5,2025/12/23 0:00,2099/12/31 23:59
,88400,88499,19071,2,5,2025/12/23 0:00,2099/12/31 23:59
,88500,88599,19071,2,5,2025/12/23 0:00,2099/12/31 23:59
,88900,88999,19071,2,3,2025/12/23 0:00,2099/12/31 23:59
,89000,89099,19071,2,3,2025/12/23 0:00,2099/12/31 23:59
,89100,89199,19071,2,3,2025/12/23 0:00,2099/12/31 23:59
,89300,89399,19071,2,4,2025/12/23 0:00,2099/12/31 23:59
,89400,89499,19071,2,4,2025/12/23 0:00,2099/12/31 23:59
,89500,89599,19071,2,4,2025/12/23 0:00,2099/12/31 23:59
,89700,89799,19071,2,4,2025/12/23 0:00,2099/12/31 23:59
,89800,89899,19071,2,4,2025/12/23 0:00,2099/12/31 23:59
,90000,90099,19071,2,1,2025/12/23 0:00,2099/12/31 23:59
,90100,90199,19071,2,1,2025/12/23 0:00,2099/12/31 23:59
,90200,90299,19071,2,1,2025/12/23 0:00,2099/12/31 23:59
,90300,90399,19071,2,1,2025/12/23 0:00,2099/12/31 23:59
,90400,90499,19071,2,1,2025/12/23 0:00,2099/12/31 23:59
,90500,90599,19071,2,1,2025/12/23 0:00,2099/12/31 23:59
,90600,90699,19071,2,1,2025/12/23 0:00,2099/12/31 23:59
,90700,90799,19071,2,1,2025/12/23 0:00,2099/12/31 23:59
,90800,90899,19071,2,1,2025/12/23 0:00,2099/12/31 23:59
,91000,91099,19071,2,1,2025/12/23 0:00,2099/12/31 23:59
,91100,91199,19071,2,1,2025/12/23 0:00,2099/12/31 23:59
,91200,91299,19071,2,1,2025/12/23 0:00,2099/12/31 23:59
,91300,91399,19071,2,1,2025/12/23 0:00,2099/12/31 23:59
,91400,91499,19071,2,1,2025/12/23 0:00,2099/12/31 23:59
,91500,91599,19071,2,1,2025/12/23 0:00,2099/12/31 23:59
,91600,91699,19071,2,1,2025/12/23 0:00,2099/12/31 23:59
,91700,91799,19071,2,1,2025/12/23 0:00,2099/12/31 23:59
,91800,91899,19071,2,1,2025/12/23 0:00,2099/12/31 23:59
,91900,91999,19071,2,2,2025/12/23 0:00,2099/12/31 23:59
,92000,92099,19071,2,2,2025/12/23 0:00,2099/12/31 23:59
,92100,92199,19071,2,2,2025/12/23 0:00,2099/12/31 23:59
,92200,92299,19071,2,3,2025/12/23 0:00,2099/12/31 23:59
,92300,92399,19071,2,2,2025/12/23 0:00,2099/12/31 23:59
,92400,92499,19071,2,1,2025/12/23 0:00,2099/12/31 23:59
,92500,92599,19071,2,2,2025/12/23 0:00,2099/12/31 23:59
,92600,92699,19071,2,1,2025/12/23 0:00,2099/12/31 23:59
,92700,92799,19071,2,1,2025/12/23 0:00,2099/12/31 23:59
,92800,92899,19071,2,1,2025/12/23 0:00,2099/12/31 23:59
,93000,93099,19071,2,2,2025/12/23 0:00,2099/12/31 23:59
,93100,93199,19071,2,2,2025/12/23 0:00,2099/12/31 23:59
,93200,93299,19071,2,3,2025/12/23 0:00,2099/12/31 23:59
,93300,93399,19071,2,2,2025/12/23 0:00,2099/12/31 23:59
,93400,93499,19071,2,3,2025/12/23 0:00,2099/12/31 23:59
,93500,93599,19071,2,1,2025/12/23 0:00,2099/12/31 23:59
,93600,93699,19071,2,3,2025/12/23 0:00,2099/12/31 23:59
,93700,93799,19071,2,3,2025/12/23 0:00,2099/12/31 23:59
,93800,93899,19071,2,3,2025/12/23 0:00,2099/12/31 23:59
,93900,93999,19071,2,3,2025/12/23 0:00,2099/12/31 23:59
,94000,94099,19071,2,4,2025/12/23 0:00,2099/12/31 23:59
,94100,94199,19071,2,4,2025/12/23 0:00,2099/12/31 23:59
,94200,94299,19071,2,4,2025/12/23 0:00,2099/12/31 23:59
,94300,94399,19071,2,4,2025/12/23 0:00,2099/12/31 23:59
,94400,94499,19071,2,4,2025/12/23 0:00,2099/12/31 23:59
,94500,94599,19071,2,4,2025/12/23 0:00,2099/12/31 23:59
,94600,94699,19071,2,4,2025/12/23 0:00,2099/12/31 23:59
,94700,94799,19071,2,4,2025/12/23 0:00,2099/12/31 23:59
,94800,94899,19071,2,4,2025/12/23 0:00,2099/12/31 23:59
,94900,94999,19071,2,4,2025/12/23 0:00,2099/12/31 23:59
,95000,95099,19071,2,3,2025/12/23 0:00,2099/12/31 23:59
,95100,95199,19071,2,4,2025/12/23 0:00,2099/12/31 23:59
,95200,95299,19071,2,4,2025/12/23 0:00,2099/12/31 23:59
,95300,95399,19071,2,3,2025/12/23 0:00,2099/12/31 23:59
,95400,95499,19071,2,4,2025/12/23 0:00,2099/12/31 23:59
,95500,95599,19071,2,4,2025/12/23 0:00,2099/12/31 23:59
,95600,95699,19071,2,4,2025/12/23 0:00,2099/12/31 23:59
,95700,95799,19071,2,4,2025/12/23 0:00,2099/12/31 23:59
,95800,95899,19071,2,4,2025/12/23 0:00,2099/12/31 23:59
,95900,95999,19071,2,4,2025/12/23 0:00,2099/12/31 23:59
,96000,96099,19071,2,4,2025/12/23 0:00,2099/12/31 23:59
,96100,96199,19071,2,4,2025/12/23 0:00,2099/12/31 23:59
,96200,96299,19071,2,1,2025/12/23 0:00,2099/12/31 23:59
,96300,96399,19071,2,1,2025/12/23 0:00,2099/12/31 23:59
,96400,96499,19071,2,1,2025/12/23 0:00,2099/12/31 23:59
,96500,96599,19071,2,1,2025/12/23 0:00,2099/12/31 23:59
,96600,96699,19071,2,1,2025/12/23 0:00,2099/12/31 23:59
,96700,96799,19071,2,8,2025/12/23 0:00,2099/12/31 23:59
,96800,96899,19071,2,8,2025/12/23 0:00,2099/12/31 23:59
,96900,96999,19071,2,8,2025/12/23 0:00,2099/12/31 23:59
,97000,97099,19071,2,5,2025/12/23 0:00,2099/12/31 23:59
,97100,97199,19071,2,5,2025/12/23 0:00,2099/12/31 23:59
,97200,97299,19071,2,5,2025/12/23 0:00,2099/12/31 23:59
,97300,97399,19071,2,5,2025/12/23 0:00,2099/12/31 23:59
,97400,97499,19071,2,5,2025/12/23 0:00,2099/12/31 23:59
,97500,97599,19071,2,5,2025/12/23 0:00,2099/12/31 23:59
,97600,97699,19071,2,4,2025/12/23 0:00,2099/12/31 23:59
,97700,97799,19071,2,5,2025/12/23 0:00,2099/12/31 23:59
,97800,97899,19071,2,5,2025/12/23 0:00,2099/12/31 23:59
,97900,97999,19071,2,5,2025/12/23 0:00,2099/12/31 23:59
,98000,98099,19071,2,5,2025/12/23 0:00,2099/12/31 23:59
,98100,98199,19071,2,5,2025/12/23 0:00,2099/12/31 23:59
,98200,98299,19071,2,5,2025/12/23 0:00,2099/12/31 23:59
,98300,98399,19071,2,6,2025/12/23 0:00,2099/12/31 23:59
,98400,98499,19071,2,5,2025/12/23 0:00,2099/12/31 23:59
,98500,98599,19071,2,5,2025/12/23 0:00,2099/12/31 23:59
,98600,98699,19071,2,5,2025/12/23 0:00,2099/12/31 23:59
,98800,98899,19071,2,5,2025/12/23 0:00,2099/12/31 23:59
,98900,98999,19071,2,5,2025/12/23 0:00,2099/12/31 23:59
,99000,99099,19071,2,5,2025/12/23 0:00,2099/12/31 23:59
,99100,99199,19071,2,5,2025/12/23 0:00,2099/12/31 23:59
,99200,99299,19071,2,5,2025/12/23 0:00,2099/12/31 23:59
,99300,99399,19071,2,5,2025/12/23 0:00,2099/12/31 23:59
,99400,99499,19071,2,5,2025/12/23 0:00,2099/12/31 23:59
,99500,99599,19071,2,8,2025/12/23 0:00,2099/12/31 23:59
,99600,99699,19071,2,8,2025/12/23 0:00,2099/12/31 23:59
,99700,99799,19071,2,8,2025/12/23 0:00,2099/12/31 23:59
,99800,99899,19071,2,8,2025/12/23 0:00,2099/12/31 23:59
,99900,99999,19071,2,7,2025/12/23 0:00,2099/12/31 23:59
