rate_company_id,company_id,service_id,weight,unit,zone,fee,start_date,end_date,hidden,disabled,deleted,deleted_at,created_at,created_by,updated_at,updated_by
,1,1603,1,lb,1,8.24,2024/8/1 0:00,2099/12/31 23:59,0,0,0,,2024/7/30 4:00,336,2024/7/30 4:00,336
,1,1603,2,lb,1,8.24,2024/8/1 0:00,2099/12/31 23:59,0,0,0,,2024/7/30 4:00,336,2024/7/30 4:00,336
,1,1603,3,lb,1,8.24,2024/8/1 0:00,2099/12/31 23:59,0,0,0,,2024/7/30 4:00,336,2024/7/30 4:00,336
,1,1603,4,lb,1,8.24,2024/8/1 0:00,2099/12/31 23:59,0,0,0,,2024/7/30 4:00,336,2024/7/30 4:00,336
,1,1603,5,lb,1,8.24,2024/8/1 0:00,2099/12/31 23:59,0,0,0,,2024/7/30 4:00,336,2024/7/30 4:00,336
,1,1603,6,lb,1,8.24,2024/8/1 0:00,2099/12/31 23:59,0,0,0,,2024/7/30 4:00,336,2024/7/30 4:00,336
,1,1603,7,lb,1,8.24,2024/8/1 0:00,2099/12/31 23:59,0,0,0,,2024/7/30 4:00,336,2024/7/30 4:00,336
,1,1603,8,lb,1,8.24,2024/8/1 0:00,2099/12/31 23:59,0,0,0,,2024/7/30 4:00,336,2024/7/30 4:00,336
,1,1603,9,lb,1,8.24,2024/8/1 0:00,2099/12/31 23:59,0,0,0,,2024/7/30 4:00,336,2024/7/30 4:00,336
,1,1603,10,lb,1,8.24,2024/8/1 0:00,2099/12/31 23:59,0,0,0,,2024/7/30 4:00,336,2024/7/30 4:00,336
,1,1603,11,lb,1,8.24,2024/8/1 0:00,2099/12/31 23:59,0,0,0,,2024/7/30 4:00,336,2024/7/30 4:00,336
,1,1603,12,lb,1,8.24,2024/8/1 0:00,2099/12/31 23:59,0,0,0,,2024/7/30 4:00,336,2024/7/30 4:00,336
,1,1603,13,lb,1,8.24,2024/8/1 0:00,2099/12/31 23:59,0,0,0,,2024/7/30 4:00,336,2024/7/30 4:00,336
,1,1603,14,lb,1,8.24,2024/8/1 0:00,2099/12/31 23:59,0,0,0,,2024/7/30 4:00,336,2024/7/30 4:00,336
,1,1603,15,lb,1,8.24,2024/8/1 0:00,2099/12/31 23:59,0,0,0,,2024/7/30 4:00,336,2024/7/30 4:00,336
,1,1603,16,lb,1,8.24,2024/8/1 0:00,2099/12/31 23:59,0,0,0,,2024/7/30 4:00,336,2024/7/30 4:00,336
,1,1603,17,lb,1,8.24,2024/8/1 0:00,2099/12/31 23:59,0,0,0,,2024/7/30 4:00,336,2024/7/30 4:00,336
,1,1603,18,lb,1,8.24,2024/8/1 0:00,2099/12/31 23:59,0,0,0,,2024/7/30 4:00,336,2024/7/30 4:00,336
,1,1603,19,lb,1,8.24,2024/8/1 0:00,2099/12/31 23:59,0,0,0,,2024/7/30 4:00,336,2024/7/30 4:00,336
,1,1603,20,lb,1,8.24,2024/8/1 0:00,2099/12/31 23:59,0,0,0,,2024/7/30 4:00,336,2024/7/30 4:00,336
,1,1603,21,lb,1,8.24,2024/8/1 0:00,2099/12/31 23:59,0,0,0,,2024/7/30 4:00,336,2024/7/30 4:00,336
,1,1603,22,lb,1,8.24,2024/8/1 0:00,2099/12/31 23:59,0,0,0,,2024/7/30 4:00,336,2024/7/30 4:00,336
,1,1603,23,lb,1,8.24,2024/8/1 0:00,2099/12/31 23:59,0,0,0,,2024/7/30 4:00,336,2024/7/30 4:00,336
,1,1603,24,lb,1,8.24,2024/8/1 0:00,2099/12/31 23:59,0,0,0,,2024/7/30 4:00,336,2024/7/30 4:00,336
,1,1603,25,lb,1,8.24,2024/8/1 0:00,2099/12/31 23:59,0,0,0,,2024/7/30 4:00,336,2024/7/30 4:00,336
,1,1603,26,lb,1,8.24,2024/8/1 0:00,2099/12/31 23:59,0,0,0,,2024/7/30 4:00,336,2024/7/30 4:00,336
,1,1603,27,lb,1,8.24,2024/8/1 0:00,2099/12/31 23:59,0,0,0,,2024/7/30 4:00,336,2024/7/30 4:00,336
,1,1603,28,lb,1,8.24,2024/8/1 0:00,2099/12/31 23:59,0,0,0,,2024/7/30 4:00,336,2024/7/30 4:00,336
,1,1603,29,lb,1,8.24,2024/8/1 0:00,2099/12/31 23:59,0,0,0,,2024/7/30 4:00,336,2024/7/30 4:00,336
,1,1603,30,lb,1,8.24,2024/8/1 0:00,2099/12/31 23:59,0,0,0,,2024/7/30 4:00,336,2024/7/30 4:00,336
,1,1603,31,lb,1,8.24,2024/8/1 0:00,2099/12/31 23:59,0,0,0,,2024/7/30 4:00,336,2024/7/30 4:00,336
,1,1603,32,lb,1,8.24,2024/8/1 0:00,2099/12/31 23:59,0,0,0,,2024/7/30 4:00,336,2024/7/30 4:00,336
,1,1603,33,lb,1,8.24,2024/8/1 0:00,2099/12/31 23:59,0,0,0,,2024/7/30 4:00,336,2024/7/30 4:00,336
,1,1603,34,lb,1,8.24,2024/8/1 0:00,2099/12/31 23:59,0,0,0,,2024/7/30 4:00,336,2024/7/30 4:00,336
,1,1603,35,lb,1,8.24,2024/8/1 0:00,2099/12/31 23:59,0,0,0,,2024/7/30 4:00,336,2024/7/30 4:00,336
,1,1603,36,lb,1,8.24,2024/8/1 0:00,2099/12/31 23:59,0,0,0,,2024/7/30 4:00,336,2024/7/30 4:00,336
,1,1603,37,lb,1,8.24,2024/8/1 0:00,2099/12/31 23:59,0,0,0,,2024/7/30 4:00,336,2024/7/30 4:00,336
,1,1603,38,lb,1,8.24,2024/8/1 0:00,2099/12/31 23:59,0,0,0,,2024/7/30 4:00,336,2024/7/30 4:00,336
,1,1603,39,lb,1,8.24,2024/8/1 0:00,2099/12/31 23:59,0,0,0,,2024/7/30 4:00,336,2024/7/30 4:00,336
,1,1603,40,lb,1,8.24,2024/8/1 0:00,2099/12/31 23:59,0,0,0,,2024/7/30 4:00,336,2024/7/30 4:00,336
,1,1603,41,lb,1,8.24,2024/8/1 0:00,2099/12/31 23:59,0,0,0,,2024/7/30 4:00,336,2024/7/30 4:00,336
,1,1603,42,lb,1,8.24,2024/8/1 0:00,2099/12/31 23:59,0,0,0,,2024/7/30 4:00,336,2024/7/30 4:00,336
,1,1603,43,lb,1,8.24,2024/8/1 0:00,2099/12/31 23:59,0,0,0,,2024/7/30 4:00,336,2024/7/30 4:00,336
,1,1603,44,lb,1,8.24,2024/8/1 0:00,2099/12/31 23:59,0,0,0,,2024/7/30 4:00,336,2024/7/30 4:00,336
,1,1603,45,lb,1,8.24,2024/8/1 0:00,2099/12/31 23:59,0,0,0,,2024/7/30 4:00,336,2024/7/30 4:00,336
,1,1603,46,lb,1,8.24,2024/8/1 0:00,2099/12/31 23:59,0,0,0,,2024/7/30 4:00,336,2024/7/30 4:00,336
,1,1603,47,lb,1,8.24,2024/8/1 0:00,2099/12/31 23:59,0,0,0,,2024/7/30 4:00,336,2024/7/30 4:00,336
,1,1603,48,lb,1,8.24,2024/8/1 0:00,2099/12/31 23:59,0,0,0,,2024/7/30 4:00,336,2024/7/30 4:00,336
,1,1603,49,lb,1,8.24,2024/8/1 0:00,2099/12/31 23:59,0,0,0,,2024/7/30 4:00,336,2024/7/30 4:00,336
,1,1603,50,lb,1,8.24,2024/8/1 0:00,2099/12/31 23:59,0,0,0,,2024/7/30 4:00,336,2024/7/30 4:00,336
,1,1603,1,lb,2,8.24,2024/8/1 0:00,2099/12/31 23:59,0,0,0,,2024/7/30 4:00,336,2024/7/30 4:00,336
,1,1603,2,lb,2,8.24,2024/8/1 0:00,2099/12/31 23:59,0,0,0,,2024/7/30 4:00,336,2024/7/30 4:00,336
,1,1603,3,lb,2,8.24,2024/8/1 0:00,2099/12/31 23:59,0,0,0,,2024/7/30 4:00,336,2024/7/30 4:00,336
,1,1603,4,lb,2,8.24,2024/8/1 0:00,2099/12/31 23:59,0,0,0,,2024/7/30 4:00,336,2024/7/30 4:00,336
,1,1603,5,lb,2,8.24,2024/8/1 0:00,2099/12/31 23:59,0,0,0,,2024/7/30 4:00,336,2024/7/30 4:00,336
,1,1603,6,lb,2,8.24,2024/8/1 0:00,2099/12/31 23:59,0,0,0,,2024/7/30 4:00,336,2024/7/30 4:00,336
,1,1603,7,lb,2,8.24,2024/8/1 0:00,2099/12/31 23:59,0,0,0,,2024/7/30 4:00,336,2024/7/30 4:00,336
,1,1603,8,lb,2,8.24,2024/8/1 0:00,2099/12/31 23:59,0,0,0,,2024/7/30 4:00,336,2024/7/30 4:00,336
,1,1603,9,lb,2,8.24,2024/8/1 0:00,2099/12/31 23:59,0,0,0,,2024/7/30 4:00,336,2024/7/30 4:00,336
,1,1603,10,lb,2,8.24,2024/8/1 0:00,2099/12/31 23:59,0,0,0,,2024/7/30 4:00,336,2024/7/30 4:00,336
,1,1603,11,lb,2,8.24,2024/8/1 0:00,2099/12/31 23:59,0,0,0,,2024/7/30 4:00,336,2024/7/30 4:00,336
,1,1603,12,lb,2,8.24,2024/8/1 0:00,2099/12/31 23:59,0,0,0,,2024/7/30 4:00,336,2024/7/30 4:00,336
,1,1603,13,lb,2,8.24,2024/8/1 0:00,2099/12/31 23:59,0,0,0,,2024/7/30 4:00,336,2024/7/30 4:00,336
,1,1603,14,lb,2,8.24,2024/8/1 0:00,2099/12/31 23:59,0,0,0,,2024/7/30 4:00,336,2024/7/30 4:00,336
,1,1603,15,lb,2,8.24,2024/8/1 0:00,2099/12/31 23:59,0,0,0,,2024/7/30 4:00,336,2024/7/30 4:00,336
,1,1603,16,lb,2,8.24,2024/8/1 0:00,2099/12/31 23:59,0,0,0,,2024/7/30 4:00,336,2024/7/30 4:00,336
,1,1603,17,lb,2,8.24,2024/8/1 0:00,2099/12/31 23:59,0,0,0,,2024/7/30 4:00,336,2024/7/30 4:00,336
,1,1603,18,lb,2,8.24,2024/8/1 0:00,2099/12/31 23:59,0,0,0,,2024/7/30 4:00,336,2024/7/30 4:00,336
,1,1603,19,lb,2,8.24,2024/8/1 0:00,2099/12/31 23:59,0,0,0,,2024/7/30 4:00,336,2024/7/30 4:00,336
,1,1603,20,lb,2,8.24,2024/8/1 0:00,2099/12/31 23:59,0,0,0,,2024/7/30 4:00,336,2024/7/30 4:00,336
,1,1603,21,lb,2,8.24,2024/8/1 0:00,2099/12/31 23:59,0,0,0,,2024/7/30 4:00,336,2024/7/30 4:00,336
,1,1603,22,lb,2,8.24,2024/8/1 0:00,2099/12/31 23:59,0,0,0,,2024/7/30 4:00,336,2024/7/30 4:00,336
,1,1603,23,lb,2,8.24,2024/8/1 0:00,2099/12/31 23:59,0,0,0,,2024/7/30 4:00,336,2024/7/30 4:00,336
,1,1603,24,lb,2,8.24,2024/8/1 0:00,2099/12/31 23:59,0,0,0,,2024/7/30 4:00,336,2024/7/30 4:00,336
,1,1603,25,lb,2,8.24,2024/8/1 0:00,2099/12/31 23:59,0,0,0,,2024/7/30 4:00,336,2024/7/30 4:00,336
,1,1603,26,lb,2,8.24,2024/8/1 0:00,2099/12/31 23:59,0,0,0,,2024/7/30 4:00,336,2024/7/30 4:00,336
,1,1603,27,lb,2,8.24,2024/8/1 0:00,2099/12/31 23:59,0,0,0,,2024/7/30 4:00,336,2024/7/30 4:00,336
,1,1603,28,lb,2,8.24,2024/8/1 0:00,2099/12/31 23:59,0,0,0,,2024/7/30 4:00,336,2024/7/30 4:00,336
,1,1603,29,lb,2,8.24,2024/8/1 0:00,2099/12/31 23:59,0,0,0,,2024/7/30 4:00,336,2024/7/30 4:00,336
,1,1603,30,lb,2,8.24,2024/8/1 0:00,2099/12/31 23:59,0,0,0,,2024/7/30 4:00,336,2024/7/30 4:00,336
,1,1603,31,lb,2,8.24,2024/8/1 0:00,2099/12/31 23:59,0,0,0,,2024/7/30 4:00,336,2024/7/30 4:00,336
,1,1603,32,lb,2,8.24,2024/8/1 0:00,2099/12/31 23:59,0,0,0,,2024/7/30 4:00,336,2024/7/30 4:00,336
,1,1603,33,lb,2,8.24,2024/8/1 0:00,2099/12/31 23:59,0,0,0,,2024/7/30 4:00,336,2024/7/30 4:00,336
,1,1603,34,lb,2,8.24,2024/8/1 0:00,2099/12/31 23:59,0,0,0,,2024/7/30 4:00,336,2024/7/30 4:00,336
,1,1603,35,lb,2,8.24,2024/8/1 0:00,2099/12/31 23:59,0,0,0,,2024/7/30 4:00,336,2024/7/30 4:00,336
,1,1603,36,lb,2,8.24,2024/8/1 0:00,2099/12/31 23:59,0,0,0,,2024/7/30 4:00,336,2024/7/30 4:00,336
,1,1603,37,lb,2,8.24,2024/8/1 0:00,2099/12/31 23:59,0,0,0,,2024/7/30 4:00,336,2024/7/30 4:00,336
,1,1603,38,lb,2,8.24,2024/8/1 0:00,2099/12/31 23:59,0,0,0,,2024/7/30 4:00,336,2024/7/30 4:00,336
,1,1603,39,lb,2,8.24,2024/8/1 0:00,2099/12/31 23:59,0,0,0,,2024/7/30 4:00,336,2024/7/30 4:00,336
,1,1603,40,lb,2,8.24,2024/8/1 0:00,2099/12/31 23:59,0,0,0,,2024/7/30 4:00,336,2024/7/30 4:00,336
,1,1603,41,lb,2,8.24,2024/8/1 0:00,2099/12/31 23:59,0,0,0,,2024/7/30 4:00,336,2024/7/30 4:00,336
,1,1603,42,lb,2,8.24,2024/8/1 0:00,2099/12/31 23:59,0,0,0,,2024/7/30 4:00,336,2024/7/30 4:00,336
,1,1603,43,lb,2,8.24,2024/8/1 0:00,2099/12/31 23:59,0,0,0,,2024/7/30 4:00,336,2024/7/30 4:00,336
,1,1603,44,lb,2,8.24,2024/8/1 0:00,2099/12/31 23:59,0,0,0,,2024/7/30 4:00,336,2024/7/30 4:00,336
,1,1603,45,lb,2,8.24,2024/8/1 0:00,2099/12/31 23:59,0,0,0,,2024/7/30 4:00,336,2024/7/30 4:00,336
,1,1603,46,lb,2,8.24,2024/8/1 0:00,2099/12/31 23:59,0,0,0,,2024/7/30 4:00,336,2024/7/30 4:00,336
,1,1603,47,lb,2,8.24,2024/8/1 0:00,2099/12/31 23:59,0,0,0,,2024/7/30 4:00,336,2024/7/30 4:00,336
,1,1603,48,lb,2,8.24,2024/8/1 0:00,2099/12/31 23:59,0,0,0,,2024/7/30 4:00,336,2024/7/30 4:00,336
,1,1603,49,lb,2,8.24,2024/8/1 0:00,2099/12/31 23:59,0,0,0,,2024/7/30 4:00,336,2024/7/30 4:00,336
,1,1603,50,lb,2,8.24,2024/8/1 0:00,2099/12/31 23:59,0,0,0,,2024/7/30 4:00,336,2024/7/30 4:00,336
,1,1603,1,lb,3,8.24,2024/8/1 0:00,2099/12/31 23:59,0,0,0,,2024/7/30 4:00,336,2024/7/30 4:00,336
,1,1603,2,lb,3,8.24,2024/8/1 0:00,2099/12/31 23:59,0,0,0,,2024/7/30 4:00,336,2024/7/30 4:00,336
,1,1603,3,lb,3,8.24,2024/8/1 0:00,2099/12/31 23:59,0,0,0,,2024/7/30 4:00,336,2024/7/30 4:00,336
,1,1603,4,lb,3,8.24,2024/8/1 0:00,2099/12/31 23:59,0,0,0,,2024/7/30 4:00,336,2024/7/30 4:00,336
,1,1603,5,lb,3,8.24,2024/8/1 0:00,2099/12/31 23:59,0,0,0,,2024/7/30 4:00,336,2024/7/30 4:00,336
,1,1603,6,lb,3,8.24,2024/8/1 0:00,2099/12/31 23:59,0,0,0,,2024/7/30 4:00,336,2024/7/30 4:00,336
,1,1603,7,lb,3,8.24,2024/8/1 0:00,2099/12/31 23:59,0,0,0,,2024/7/30 4:00,336,2024/7/30 4:00,336
,1,1603,8,lb,3,8.24,2024/8/1 0:00,2099/12/31 23:59,0,0,0,,2024/7/30 4:00,336,2024/7/30 4:00,336
,1,1603,9,lb,3,8.24,2024/8/1 0:00,2099/12/31 23:59,0,0,0,,2024/7/30 4:00,336,2024/7/30 4:00,336
,1,1603,10,lb,3,8.24,2024/8/1 0:00,2099/12/31 23:59,0,0,0,,2024/7/30 4:00,336,2024/7/30 4:00,336
,1,1603,11,lb,3,8.24,2024/8/1 0:00,2099/12/31 23:59,0,0,0,,2024/7/30 4:00,336,2024/7/30 4:00,336
,1,1603,12,lb,3,8.24,2024/8/1 0:00,2099/12/31 23:59,0,0,0,,2024/7/30 4:00,336,2024/7/30 4:00,336
,1,1603,13,lb,3,8.24,2024/8/1 0:00,2099/12/31 23:59,0,0,0,,2024/7/30 4:00,336,2024/7/30 4:00,336
,1,1603,14,lb,3,8.24,2024/8/1 0:00,2099/12/31 23:59,0,0,0,,2024/7/30 4:00,336,2024/7/30 4:00,336
,1,1603,15,lb,3,8.24,2024/8/1 0:00,2099/12/31 23:59,0,0,0,,2024/7/30 4:00,336,2024/7/30 4:00,336
,1,1603,16,lb,3,8.24,2024/8/1 0:00,2099/12/31 23:59,0,0,0,,2024/7/30 4:00,336,2024/7/30 4:00,336
,1,1603,17,lb,3,8.24,2024/8/1 0:00,2099/12/31 23:59,0,0,0,,2024/7/30 4:00,336,2024/7/30 4:00,336
,1,1603,18,lb,3,8.24,2024/8/1 0:00,2099/12/31 23:59,0,0,0,,2024/7/30 4:00,336,2024/7/30 4:00,336
,1,1603,19,lb,3,8.24,2024/8/1 0:00,2099/12/31 23:59,0,0,0,,2024/7/30 4:00,336,2024/7/30 4:00,336
,1,1603,20,lb,3,8.24,2024/8/1 0:00,2099/12/31 23:59,0,0,0,,2024/7/30 4:00,336,2024/7/30 4:00,336
,1,1603,21,lb,3,8.24,2024/8/1 0:00,2099/12/31 23:59,0,0,0,,2024/7/30 4:00,336,2024/7/30 4:00,336
,1,1603,22,lb,3,8.24,2024/8/1 0:00,2099/12/31 23:59,0,0,0,,2024/7/30 4:00,336,2024/7/30 4:00,336
,1,1603,23,lb,3,8.24,2024/8/1 0:00,2099/12/31 23:59,0,0,0,,2024/7/30 4:00,336,2024/7/30 4:00,336
,1,1603,24,lb,3,8.24,2024/8/1 0:00,2099/12/31 23:59,0,0,0,,2024/7/30 4:00,336,2024/7/30 4:00,336
,1,1603,25,lb,3,8.24,2024/8/1 0:00,2099/12/31 23:59,0,0,0,,2024/7/30 4:00,336,2024/7/30 4:00,336
,1,1603,26,lb,3,8.24,2024/8/1 0:00,2099/12/31 23:59,0,0,0,,2024/7/30 4:00,336,2024/7/30 4:00,336
,1,1603,27,lb,3,8.24,2024/8/1 0:00,2099/12/31 23:59,0,0,0,,2024/7/30 4:00,336,2024/7/30 4:00,336
,1,1603,28,lb,3,8.24,2024/8/1 0:00,2099/12/31 23:59,0,0,0,,2024/7/30 4:00,336,2024/7/30 4:00,336
,1,1603,29,lb,3,8.24,2024/8/1 0:00,2099/12/31 23:59,0,0,0,,2024/7/30 4:00,336,2024/7/30 4:00,336
,1,1603,30,lb,3,8.3,2024/8/1 0:00,2099/12/31 23:59,0,0,0,,2024/7/30 4:00,336,2024/7/30 4:00,336
,1,1603,31,lb,3,8.24,2024/8/1 0:00,2099/12/31 23:59,0,0,0,,2024/7/30 4:00,336,2024/7/30 4:00,336
,1,1603,32,lb,3,8.24,2024/8/1 0:00,2099/12/31 23:59,0,0,0,,2024/7/30 4:00,336,2024/7/30 4:00,336
,1,1603,33,lb,3,8.24,2024/8/1 0:00,2099/12/31 23:59,0,0,0,,2024/7/30 4:00,336,2024/7/30 4:00,336
,1,1603,34,lb,3,8.24,2024/8/1 0:00,2099/12/31 23:59,0,0,0,,2024/7/30 4:00,336,2024/7/30 4:00,336
,1,1603,35,lb,3,8.24,2024/8/1 0:00,2099/12/31 23:59,0,0,0,,2024/7/30 4:00,336,2024/7/30 4:00,336
,1,1603,36,lb,3,8.24,2024/8/1 0:00,2099/12/31 23:59,0,0,0,,2024/7/30 4:00,336,2024/7/30 4:00,336
,1,1603,37,lb,3,8.24,2024/8/1 0:00,2099/12/31 23:59,0,0,0,,2024/7/30 4:00,336,2024/7/30 4:00,336
,1,1603,38,lb,3,8.24,2024/8/1 0:00,2099/12/31 23:59,0,0,0,,2024/7/30 4:00,336,2024/7/30 4:00,336
,1,1603,39,lb,3,8.31,2024/8/1 0:00,2099/12/31 23:59,0,0,0,,2024/7/30 4:00,336,2024/7/30 4:00,336
,1,1603,40,lb,3,8.35,2024/8/1 0:00,2099/12/31 23:59,0,0,0,,2024/7/30 4:00,336,2024/7/30 4:00,336
,1,1603,41,lb,3,8.7,2024/8/1 0:00,2099/12/31 23:59,0,0,0,,2024/7/30 4:00,336,2024/7/30 4:00,336
,1,1603,42,lb,3,8.73,2024/8/1 0:00,2099/12/31 23:59,0,0,0,,2024/7/30 4:00,336,2024/7/30 4:00,336
,1,1603,43,lb,3,8.86,2024/8/1 0:00,2099/12/31 23:59,0,0,0,,2024/7/30 4:00,336,2024/7/30 4:00,336
,1,1603,44,lb,3,9,2024/8/1 0:00,2099/12/31 23:59,0,0,0,,2024/7/30 4:00,336,2024/7/30 4:00,336
,1,1603,45,lb,3,9,2024/8/1 0:00,2099/12/31 23:59,0,0,0,,2024/7/30 4:00,336,2024/7/30 4:00,336
,1,1603,46,lb,3,9.09,2024/8/1 0:00,2099/12/31 23:59,0,0,0,,2024/7/30 4:00,336,2024/7/30 4:00,336
,1,1603,47,lb,3,9.3,2024/8/1 0:00,2099/12/31 23:59,0,0,0,,2024/7/30 4:00,336,2024/7/30 4:00,336
,1,1603,48,lb,3,9.36,2024/8/1 0:00,2099/12/31 23:59,0,0,0,,2024/7/30 4:00,336,2024/7/30 4:00,336
,1,1603,49,lb,3,9.37,2024/8/1 0:00,2099/12/31 23:59,0,0,0,,2024/7/30 4:00,336,2024/7/30 4:00,336
,1,1603,50,lb,3,9.37,2024/8/1 0:00,2099/12/31 23:59,0,0,0,,2024/7/30 4:00,336,2024/7/30 4:00,336
,1,1603,1,lb,4,8.24,2024/8/1 0:00,2099/12/31 23:59,0,0,0,,2024/7/30 4:00,336,2024/7/30 4:00,336
,1,1603,2,lb,4,8.24,2024/8/1 0:00,2099/12/31 23:59,0,0,0,,2024/7/30 4:00,336,2024/7/30 4:00,336
,1,1603,3,lb,4,8.24,2024/8/1 0:00,2099/12/31 23:59,0,0,0,,2024/7/30 4:00,336,2024/7/30 4:00,336
,1,1603,4,lb,4,8.24,2024/8/1 0:00,2099/12/31 23:59,0,0,0,,2024/7/30 4:00,336,2024/7/30 4:00,336
,1,1603,5,lb,4,8.24,2024/8/1 0:00,2099/12/31 23:59,0,0,0,,2024/7/30 4:00,336,2024/7/30 4:00,336
,1,1603,6,lb,4,8.24,2024/8/1 0:00,2099/12/31 23:59,0,0,0,,2024/7/30 4:00,336,2024/7/30 4:00,336
,1,1603,7,lb,4,8.24,2024/8/1 0:00,2099/12/31 23:59,0,0,0,,2024/7/30 4:00,336,2024/7/30 4:00,336
,1,1603,8,lb,4,8.24,2024/8/1 0:00,2099/12/31 23:59,0,0,0,,2024/7/30 4:00,336,2024/7/30 4:00,336
,1,1603,9,lb,4,8.24,2024/8/1 0:00,2099/12/31 23:59,0,0,0,,2024/7/30 4:00,336,2024/7/30 4:00,336
,1,1603,10,lb,4,8.24,2024/8/1 0:00,2099/12/31 23:59,0,0,0,,2024/7/30 4:00,336,2024/7/30 4:00,336
,1,1603,11,lb,4,8.24,2024/8/1 0:00,2099/12/31 23:59,0,0,0,,2024/7/30 4:00,336,2024/7/30 4:00,336
,1,1603,12,lb,4,8.24,2024/8/1 0:00,2099/12/31 23:59,0,0,0,,2024/7/30 4:00,336,2024/7/30 4:00,336
,1,1603,13,lb,4,8.24,2024/8/1 0:00,2099/12/31 23:59,0,0,0,,2024/7/30 4:00,336,2024/7/30 4:00,336
,1,1603,14,lb,4,8.24,2024/8/1 0:00,2099/12/31 23:59,0,0,0,,2024/7/30 4:00,336,2024/7/30 4:00,336
,1,1603,15,lb,4,8.24,2024/8/1 0:00,2099/12/31 23:59,0,0,0,,2024/7/30 4:00,336,2024/7/30 4:00,336
,1,1603,16,lb,4,8.24,2024/8/1 0:00,2099/12/31 23:59,0,0,0,,2024/7/30 4:00,336,2024/7/30 4:00,336
,1,1603,17,lb,4,8.24,2024/8/1 0:00,2099/12/31 23:59,0,0,0,,2024/7/30 4:00,336,2024/7/30 4:00,336
,1,1603,18,lb,4,8.24,2024/8/1 0:00,2099/12/31 23:59,0,0,0,,2024/7/30 4:00,336,2024/7/30 4:00,336
,1,1603,19,lb,4,8.24,2024/8/1 0:00,2099/12/31 23:59,0,0,0,,2024/7/30 4:00,336,2024/7/30 4:00,336
,1,1603,20,lb,4,8.24,2024/8/1 0:00,2099/12/31 23:59,0,0,0,,2024/7/30 4:00,336,2024/7/30 4:00,336
,1,1603,21,lb,4,8.24,2024/8/1 0:00,2099/12/31 23:59,0,0,0,,2024/7/30 4:00,336,2024/7/30 4:00,336
,1,1603,22,lb,4,8.24,2024/8/1 0:00,2099/12/31 23:59,0,0,0,,2024/7/30 4:00,336,2024/7/30 4:00,336
,1,1603,23,lb,4,8.24,2024/8/1 0:00,2099/12/31 23:59,0,0,0,,2024/7/30 4:00,336,2024/7/30 4:00,336
,1,1603,24,lb,4,8.24,2024/8/1 0:00,2099/12/31 23:59,0,0,0,,2024/7/30 4:00,336,2024/7/30 4:00,336
,1,1603,25,lb,4,8.24,2024/8/1 0:00,2099/12/31 23:59,0,0,0,,2024/7/30 4:00,336,2024/7/30 4:00,336
,1,1603,26,lb,4,8.24,2024/8/1 0:00,2099/12/31 23:59,0,0,0,,2024/7/30 4:00,336,2024/7/30 4:00,336
,1,1603,27,lb,4,8.24,2024/8/1 0:00,2099/12/31 23:59,0,0,0,,2024/7/30 4:00,336,2024/7/30 4:00,336
,1,1603,28,lb,4,8.24,2024/8/1 0:00,2099/12/31 23:59,0,0,0,,2024/7/30 4:00,336,2024/7/30 4:00,336
,1,1603,29,lb,4,8.24,2024/8/1 0:00,2099/12/31 23:59,0,0,0,,2024/7/30 4:00,336,2024/7/30 4:00,336
,1,1603,30,lb,4,8.24,2024/8/1 0:00,2099/12/31 23:59,0,0,0,,2024/7/30 4:00,336,2024/7/30 4:00,336
,1,1603,31,lb,4,8.24,2024/8/1 0:00,2099/12/31 23:59,0,0,0,,2024/7/30 4:00,336,2024/7/30 4:00,336
,1,1603,32,lb,4,8.24,2024/8/1 0:00,2099/12/31 23:59,0,0,0,,2024/7/30 4:00,336,2024/7/30 4:00,336
,1,1603,33,lb,4,8.24,2024/8/1 0:00,2099/12/31 23:59,0,0,0,,2024/7/30 4:00,336,2024/7/30 4:00,336
,1,1603,34,lb,4,8.42,2024/8/1 0:00,2099/12/31 23:59,0,0,0,,2024/7/30 4:00,336,2024/7/30 4:00,336
,1,1603,35,lb,4,8.7,2024/8/1 0:00,2099/12/31 23:59,0,0,0,,2024/7/30 4:00,336,2024/7/30 4:00,336
,1,1603,36,lb,4,8.76,2024/8/1 0:00,2099/12/31 23:59,0,0,0,,2024/7/30 4:00,336,2024/7/30 4:00,336
,1,1603,37,lb,4,8.89,2024/8/1 0:00,2099/12/31 23:59,0,0,0,,2024/7/30 4:00,336,2024/7/30 4:00,336
,1,1603,38,lb,4,9.14,2024/8/1 0:00,2099/12/31 23:59,0,0,0,,2024/7/30 4:00,336,2024/7/30 4:00,336
,1,1603,39,lb,4,9.52,2024/8/1 0:00,2099/12/31 23:59,0,0,0,,2024/7/30 4:00,336,2024/7/30 4:00,336
,1,1603,40,lb,4,9.53,2024/8/1 0:00,2099/12/31 23:59,0,0,0,,2024/7/30 4:00,336,2024/7/30 4:00,336
,1,1603,41,lb,4,9.8,2024/8/1 0:00,2099/12/31 23:59,0,0,0,,2024/7/30 4:00,336,2024/7/30 4:00,336
,1,1603,42,lb,4,10.18,2024/8/1 0:00,2099/12/31 23:59,0,0,0,,2024/7/30 4:00,336,2024/7/30 4:00,336
,1,1603,43,lb,4,10.2,2024/8/1 0:00,2099/12/31 23:59,0,0,0,,2024/7/30 4:00,336,2024/7/30 4:00,336
,1,1603,44,lb,4,10.46,2024/8/1 0:00,2099/12/31 23:59,0,0,0,,2024/7/30 4:00,336,2024/7/30 4:00,336
,1,1603,45,lb,4,10.47,2024/8/1 0:00,2099/12/31 23:59,0,0,0,,2024/7/30 4:00,336,2024/7/30 4:00,336
,1,1603,46,lb,4,10.8,2024/8/1 0:00,2099/12/31 23:59,0,0,0,,2024/7/30 4:00,336,2024/7/30 4:00,336
,1,1603,47,lb,4,10.97,2024/8/1 0:00,2099/12/31 23:59,0,0,0,,2024/7/30 4:00,336,2024/7/30 4:00,336
,1,1603,48,lb,4,11.08,2024/8/1 0:00,2099/12/31 23:59,0,0,0,,2024/7/30 4:00,336,2024/7/30 4:00,336
,1,1603,49,lb,4,11.11,2024/8/1 0:00,2099/12/31 23:59,0,0,0,,2024/7/30 4:00,336,2024/7/30 4:00,336
,1,1603,50,lb,4,11.11,2024/8/1 0:00,2099/12/31 23:59,0,0,0,,2024/7/30 4:00,336,2024/7/30 4:00,336
,1,1603,1,lb,5,8.24,2024/8/1 0:00,2099/12/31 23:59,0,0,0,,2024/7/30 4:00,336,2024/7/30 4:00,336
,1,1603,2,lb,5,8.24,2024/8/1 0:00,2099/12/31 23:59,0,0,0,,2024/7/30 4:00,336,2024/7/30 4:00,336
,1,1603,3,lb,5,8.24,2024/8/1 0:00,2099/12/31 23:59,0,0,0,,2024/7/30 4:00,336,2024/7/30 4:00,336
,1,1603,4,lb,5,8.24,2024/8/1 0:00,2099/12/31 23:59,0,0,0,,2024/7/30 4:00,336,2024/7/30 4:00,336
,1,1603,5,lb,5,8.24,2024/8/1 0:00,2099/12/31 23:59,0,0,0,,2024/7/30 4:00,336,2024/7/30 4:00,336
,1,1603,6,lb,5,8.24,2024/8/1 0:00,2099/12/31 23:59,0,0,0,,2024/7/30 4:00,336,2024/7/30 4:00,336
,1,1603,7,lb,5,8.24,2024/8/1 0:00,2099/12/31 23:59,0,0,0,,2024/7/30 4:00,336,2024/7/30 4:00,336
,1,1603,8,lb,5,8.24,2024/8/1 0:00,2099/12/31 23:59,0,0,0,,2024/7/30 4:00,336,2024/7/30 4:00,336
,1,1603,9,lb,5,8.24,2024/8/1 0:00,2099/12/31 23:59,0,0,0,,2024/7/30 4:00,336,2024/7/30 4:00,336
,1,1603,10,lb,5,8.24,2024/8/1 0:00,2099/12/31 23:59,0,0,0,,2024/7/30 4:00,336,2024/7/30 4:00,336
,1,1603,11,lb,5,8.24,2024/8/1 0:00,2099/12/31 23:59,0,0,0,,2024/7/30 4:00,336,2024/7/30 4:00,336
,1,1603,12,lb,5,8.24,2024/8/1 0:00,2099/12/31 23:59,0,0,0,,2024/7/30 4:00,336,2024/7/30 4:00,336
,1,1603,13,lb,5,8.24,2024/8/1 0:00,2099/12/31 23:59,0,0,0,,2024/7/30 4:00,336,2024/7/30 4:00,336
,1,1603,14,lb,5,8.24,2024/8/1 0:00,2099/12/31 23:59,0,0,0,,2024/7/30 4:00,336,2024/7/30 4:00,336
,1,1603,15,lb,5,8.24,2024/8/1 0:00,2099/12/31 23:59,0,0,0,,2024/7/30 4:00,336,2024/7/30 4:00,336
,1,1603,16,lb,5,8.24,2024/8/1 0:00,2099/12/31 23:59,0,0,0,,2024/7/30 4:00,336,2024/7/30 4:00,336
,1,1603,17,lb,5,8.24,2024/8/1 0:00,2099/12/31 23:59,0,0,0,,2024/7/30 4:00,336,2024/7/30 4:00,336
,1,1603,18,lb,5,8.24,2024/8/1 0:00,2099/12/31 23:59,0,0,0,,2024/7/30 4:00,336,2024/7/30 4:00,336
,1,1603,19,lb,5,8.24,2024/8/1 0:00,2099/12/31 23:59,0,0,0,,2024/7/30 4:00,336,2024/7/30 4:00,336
,1,1603,20,lb,5,8.24,2024/8/1 0:00,2099/12/31 23:59,0,0,0,,2024/7/30 4:00,336,2024/7/30 4:00,336
,1,1603,21,lb,5,8.24,2024/8/1 0:00,2099/12/31 23:59,0,0,0,,2024/7/30 4:00,336,2024/7/30 4:00,336
,1,1603,22,lb,5,8.24,2024/8/1 0:00,2099/12/31 23:59,0,0,0,,2024/7/30 4:00,336,2024/7/30 4:00,336
,1,1603,23,lb,5,8.24,2024/8/1 0:00,2099/12/31 23:59,0,0,0,,2024/7/30 4:00,336,2024/7/30 4:00,336
,1,1603,24,lb,5,8.24,2024/8/1 0:00,2099/12/31 23:59,0,0,0,,2024/7/30 4:00,336,2024/7/30 4:00,336
,1,1603,25,lb,5,8.24,2024/8/1 0:00,2099/12/31 23:59,0,0,0,,2024/7/30 4:00,336,2024/7/30 4:00,336
,1,1603,26,lb,5,8.24,2024/8/1 0:00,2099/12/31 23:59,0,0,0,,2024/7/30 4:00,336,2024/7/30 4:00,336
,1,1603,27,lb,5,8.31,2024/8/1 0:00,2099/12/31 23:59,0,0,0,,2024/7/30 4:00,336,2024/7/30 4:00,336
,1,1603,28,lb,5,8.84,2024/8/1 0:00,2099/12/31 23:59,0,0,0,,2024/7/30 4:00,336,2024/7/30 4:00,336
,1,1603,29,lb,5,8.86,2024/8/1 0:00,2099/12/31 23:59,0,0,0,,2024/7/30 4:00,336,2024/7/30 4:00,336
,1,1603,30,lb,5,9.2,2024/8/1 0:00,2099/12/31 23:59,0,0,0,,2024/7/30 4:00,336,2024/7/30 4:00,336
,1,1603,31,lb,5,9.27,2024/8/1 0:00,2099/12/31 23:59,0,0,0,,2024/7/30 4:00,336,2024/7/30 4:00,336
,1,1603,32,lb,5,9.27,2024/8/1 0:00,2099/12/31 23:59,0,0,0,,2024/7/30 4:00,336,2024/7/30 4:00,336
,1,1603,33,lb,5,9.72,2024/8/1 0:00,2099/12/31 23:59,0,0,0,,2024/7/30 4:00,336,2024/7/30 4:00,336
,1,1603,34,lb,5,10.06,2024/8/1 0:00,2099/12/31 23:59,0,0,0,,2024/7/30 4:00,336,2024/7/30 4:00,336
,1,1603,35,lb,5,10.29,2024/8/1 0:00,2099/12/31 23:59,0,0,0,,2024/7/30 4:00,336,2024/7/30 4:00,336
,1,1603,36,lb,5,10.6,2024/8/1 0:00,2099/12/31 23:59,0,0,0,,2024/7/30 4:00,336,2024/7/30 4:00,336
,1,1603,37,lb,5,10.84,2024/8/1 0:00,2099/12/31 23:59,0,0,0,,2024/7/30 4:00,336,2024/7/30 4:00,336
,1,1603,38,lb,5,11.1,2024/8/1 0:00,2099/12/31 23:59,0,0,0,,2024/7/30 4:00,336,2024/7/30 4:00,336
,1,1603,39,lb,5,11.39,2024/8/1 0:00,2099/12/31 23:59,0,0,0,,2024/7/30 4:00,336,2024/7/30 4:00,336
,1,1603,40,lb,5,11.41,2024/8/1 0:00,2099/12/31 23:59,0,0,0,,2024/7/30 4:00,336,2024/7/30 4:00,336
,1,1603,41,lb,5,11.8,2024/8/1 0:00,2099/12/31 23:59,0,0,0,,2024/7/30 4:00,336,2024/7/30 4:00,336
,1,1603,42,lb,5,11.83,2024/8/1 0:00,2099/12/31 23:59,0,0,0,,2024/7/30 4:00,336,2024/7/30 4:00,336
,1,1603,43,lb,5,12.43,2024/8/1 0:00,2099/12/31 23:59,0,0,0,,2024/7/30 4:00,336,2024/7/30 4:00,336
,1,1603,44,lb,5,12.65,2024/8/1 0:00,2099/12/31 23:59,0,0,0,,2024/7/30 4:00,336,2024/7/30 4:00,336
,1,1603,45,lb,5,12.65,2024/8/1 0:00,2099/12/31 23:59,0,0,0,,2024/7/30 4:00,336,2024/7/30 4:00,336
,1,1603,46,lb,5,12.96,2024/8/1 0:00,2099/12/31 23:59,0,0,0,,2024/7/30 4:00,336,2024/7/30 4:00,336
,1,1603,47,lb,5,13.06,2024/8/1 0:00,2099/12/31 23:59,0,0,0,,2024/7/30 4:00,336,2024/7/30 4:00,336
,1,1603,48,lb,5,13.46,2024/8/1 0:00,2099/12/31 23:59,0,0,0,,2024/7/30 4:00,336,2024/7/30 4:00,336
,1,1603,49,lb,5,13.47,2024/8/1 0:00,2099/12/31 23:59,0,0,0,,2024/7/30 4:00,336,2024/7/30 4:00,336
,1,1603,50,lb,5,13.48,2024/8/1 0:00,2099/12/31 23:59,0,0,0,,2024/7/30 4:00,336,2024/7/30 4:00,336
,1,1603,1,lb,6,8.24,2024/8/1 0:00,2099/12/31 23:59,0,0,0,,2024/7/30 4:00,336,2024/7/30 4:00,336
,1,1603,2,lb,6,8.24,2024/8/1 0:00,2099/12/31 23:59,0,0,0,,2024/7/30 4:00,336,2024/7/30 4:00,336
,1,1603,3,lb,6,8.24,2024/8/1 0:00,2099/12/31 23:59,0,0,0,,2024/7/30 4:00,336,2024/7/30 4:00,336
,1,1603,4,lb,6,8.24,2024/8/1 0:00,2099/12/31 23:59,0,0,0,,2024/7/30 4:00,336,2024/7/30 4:00,336
,1,1603,5,lb,6,8.24,2024/8/1 0:00,2099/12/31 23:59,0,0,0,,2024/7/30 4:00,336,2024/7/30 4:00,336
,1,1603,6,lb,6,8.24,2024/8/1 0:00,2099/12/31 23:59,0,0,0,,2024/7/30 4:00,336,2024/7/30 4:00,336
,1,1603,7,lb,6,8.24,2024/8/1 0:00,2099/12/31 23:59,0,0,0,,2024/7/30 4:00,336,2024/7/30 4:00,336
,1,1603,8,lb,6,8.24,2024/8/1 0:00,2099/12/31 23:59,0,0,0,,2024/7/30 4:00,336,2024/7/30 4:00,336
,1,1603,9,lb,6,8.24,2024/8/1 0:00,2099/12/31 23:59,0,0,0,,2024/7/30 4:00,336,2024/7/30 4:00,336
,1,1603,10,lb,6,8.24,2024/8/1 0:00,2099/12/31 23:59,0,0,0,,2024/7/30 4:00,336,2024/7/30 4:00,336
,1,1603,11,lb,6,8.24,2024/8/1 0:00,2099/12/31 23:59,0,0,0,,2024/7/30 4:00,336,2024/7/30 4:00,336
,1,1603,12,lb,6,8.24,2024/8/1 0:00,2099/12/31 23:59,0,0,0,,2024/7/30 4:00,336,2024/7/30 4:00,336
,1,1603,13,lb,6,8.24,2024/8/1 0:00,2099/12/31 23:59,0,0,0,,2024/7/30 4:00,336,2024/7/30 4:00,336
,1,1603,14,lb,6,8.24,2024/8/1 0:00,2099/12/31 23:59,0,0,0,,2024/7/30 4:00,336,2024/7/30 4:00,336
,1,1603,15,lb,6,8.24,2024/8/1 0:00,2099/12/31 23:59,0,0,0,,2024/7/30 4:00,336,2024/7/30 4:00,336
,1,1603,16,lb,6,8.24,2024/8/1 0:00,2099/12/31 23:59,0,0,0,,2024/7/30 4:00,336,2024/7/30 4:00,336
,1,1603,17,lb,6,8.24,2024/8/1 0:00,2099/12/31 23:59,0,0,0,,2024/7/30 4:00,336,2024/7/30 4:00,336
,1,1603,18,lb,6,8.24,2024/8/1 0:00,2099/12/31 23:59,0,0,0,,2024/7/30 4:00,336,2024/7/30 4:00,336
,1,1603,19,lb,6,8.24,2024/8/1 0:00,2099/12/31 23:59,0,0,0,,2024/7/30 4:00,336,2024/7/30 4:00,336
,1,1603,20,lb,6,8.24,2024/8/1 0:00,2099/12/31 23:59,0,0,0,,2024/7/30 4:00,336,2024/7/30 4:00,336
,1,1603,21,lb,6,8.35,2024/8/1 0:00,2099/12/31 23:59,0,0,0,,2024/7/30 4:00,336,2024/7/30 4:00,336
,1,1603,22,lb,6,8.7,2024/8/1 0:00,2099/12/31 23:59,0,0,0,,2024/7/30 4:00,336,2024/7/30 4:00,336
,1,1603,23,lb,6,9.02,2024/8/1 0:00,2099/12/31 23:59,0,0,0,,2024/7/30 4:00,336,2024/7/30 4:00,336
,1,1603,24,lb,6,9.45,2024/8/1 0:00,2099/12/31 23:59,0,0,0,,2024/7/30 4:00,336,2024/7/30 4:00,336
,1,1603,25,lb,6,9.73,2024/8/1 0:00,2099/12/31 23:59,0,0,0,,2024/7/30 4:00,336,2024/7/30 4:00,336
,1,1603,26,lb,6,10.08,2024/8/1 0:00,2099/12/31 23:59,0,0,0,,2024/7/30 4:00,336,2024/7/30 4:00,336
,1,1603,27,lb,6,10.48,2024/8/1 0:00,2099/12/31 23:59,0,0,0,,2024/7/30 4:00,336,2024/7/30 4:00,336
,1,1603,28,lb,6,11,2024/8/1 0:00,2099/12/31 23:59,0,0,0,,2024/7/30 4:00,336,2024/7/30 4:00,336
,1,1603,29,lb,6,11.31,2024/8/1 0:00,2099/12/31 23:59,0,0,0,,2024/7/30 4:00,336,2024/7/30 4:00,336
,1,1603,30,lb,6,11.49,2024/8/1 0:00,2099/12/31 23:59,0,0,0,,2024/7/30 4:00,336,2024/7/30 4:00,336
,1,1603,31,lb,6,11.77,2024/8/1 0:00,2099/12/31 23:59,0,0,0,,2024/7/30 4:00,336,2024/7/30 4:00,336
,1,1603,32,lb,6,11.83,2024/8/1 0:00,2099/12/31 23:59,0,0,0,,2024/7/30 4:00,336,2024/7/30 4:00,336
,1,1603,33,lb,6,12.51,2024/8/1 0:00,2099/12/31 23:59,0,0,0,,2024/7/30 4:00,336,2024/7/30 4:00,336
,1,1603,34,lb,6,12.57,2024/8/1 0:00,2099/12/31 23:59,0,0,0,,2024/7/30 4:00,336,2024/7/30 4:00,336
,1,1603,35,lb,6,12.79,2024/8/1 0:00,2099/12/31 23:59,0,0,0,,2024/7/30 4:00,336,2024/7/30 4:00,336
,1,1603,36,lb,6,13.32,2024/8/1 0:00,2099/12/31 23:59,0,0,0,,2024/7/30 4:00,336,2024/7/30 4:00,336
,1,1603,37,lb,6,13.38,2024/8/1 0:00,2099/12/31 23:59,0,0,0,,2024/7/30 4:00,336,2024/7/30 4:00,336
,1,1603,38,lb,6,13.68,2024/8/1 0:00,2099/12/31 23:59,0,0,0,,2024/7/30 4:00,336,2024/7/30 4:00,336
,1,1603,39,lb,6,14.23,2024/8/1 0:00,2099/12/31 23:59,0,0,0,,2024/7/30 4:00,336,2024/7/30 4:00,336
,1,1603,40,lb,6,14.33,2024/8/1 0:00,2099/12/31 23:59,0,0,0,,2024/7/30 4:00,336,2024/7/30 4:00,336
,1,1603,41,lb,6,14.85,2024/8/1 0:00,2099/12/31 23:59,0,0,0,,2024/7/30 4:00,336,2024/7/30 4:00,336
,1,1603,42,lb,6,14.99,2024/8/1 0:00,2099/12/31 23:59,0,0,0,,2024/7/30 4:00,336,2024/7/30 4:00,336
,1,1603,43,lb,6,15.72,2024/8/1 0:00,2099/12/31 23:59,0,0,0,,2024/7/30 4:00,336,2024/7/30 4:00,336
,1,1603,44,lb,6,15.86,2024/8/1 0:00,2099/12/31 23:59,0,0,0,,2024/7/30 4:00,336,2024/7/30 4:00,336
,1,1603,45,lb,6,15.9,2024/8/1 0:00,2099/12/31 23:59,0,0,0,,2024/7/30 4:00,336,2024/7/30 4:00,336
,1,1603,46,lb,6,16.32,2024/8/1 0:00,2099/12/31 23:59,0,0,0,,2024/7/30 4:00,336,2024/7/30 4:00,336
,1,1603,47,lb,6,16.54,2024/8/1 0:00,2099/12/31 23:59,0,0,0,,2024/7/30 4:00,336,2024/7/30 4:00,336
,1,1603,48,lb,6,16.79,2024/8/1 0:00,2099/12/31 23:59,0,0,0,,2024/7/30 4:00,336,2024/7/30 4:00,336
,1,1603,49,lb,6,16.92,2024/8/1 0:00,2099/12/31 23:59,0,0,0,,2024/7/30 4:00,336,2024/7/30 4:00,336
,1,1603,50,lb,6,16.92,2024/8/1 0:00,2099/12/31 23:59,0,0,0,,2024/7/30 4:00,336,2024/7/30 4:00,336
,1,1603,1,lb,7,8.24,2024/8/1 0:00,2099/12/31 23:59,0,0,0,,2024/7/30 4:00,336,2024/7/30 4:00,336
,1,1603,2,lb,7,8.24,2024/8/1 0:00,2099/12/31 23:59,0,0,0,,2024/7/30 4:00,336,2024/7/30 4:00,336
,1,1603,3,lb,7,8.24,2024/8/1 0:00,2099/12/31 23:59,0,0,0,,2024/7/30 4:00,336,2024/7/30 4:00,336
,1,1603,4,lb,7,8.24,2024/8/1 0:00,2099/12/31 23:59,0,0,0,,2024/7/30 4:00,336,2024/7/30 4:00,336
,1,1603,5,lb,7,8.24,2024/8/1 0:00,2099/12/31 23:59,0,0,0,,2024/7/30 4:00,336,2024/7/30 4:00,336
,1,1603,6,lb,7,8.24,2024/8/1 0:00,2099/12/31 23:59,0,0,0,,2024/7/30 4:00,336,2024/7/30 4:00,336
,1,1603,7,lb,7,8.24,2024/8/1 0:00,2099/12/31 23:59,0,0,0,,2024/7/30 4:00,336,2024/7/30 4:00,336
,1,1603,8,lb,7,8.24,2024/8/1 0:00,2099/12/31 23:59,0,0,0,,2024/7/30 4:00,336,2024/7/30 4:00,336
,1,1603,9,lb,7,8.24,2024/8/1 0:00,2099/12/31 23:59,0,0,0,,2024/7/30 4:00,336,2024/7/30 4:00,336
,1,1603,10,lb,7,8.24,2024/8/1 0:00,2099/12/31 23:59,0,0,0,,2024/7/30 4:00,336,2024/7/30 4:00,336
,1,1603,11,lb,7,8.24,2024/8/1 0:00,2099/12/31 23:59,0,0,0,,2024/7/30 4:00,336,2024/7/30 4:00,336
,1,1603,12,lb,7,8.24,2024/8/1 0:00,2099/12/31 23:59,0,0,0,,2024/7/30 4:00,336,2024/7/30 4:00,336
,1,1603,13,lb,7,8.24,2024/8/1 0:00,2099/12/31 23:59,0,0,0,,2024/7/30 4:00,336,2024/7/30 4:00,336
,1,1603,14,lb,7,8.24,2024/8/1 0:00,2099/12/31 23:59,0,0,0,,2024/7/30 4:00,336,2024/7/30 4:00,336
,1,1603,15,lb,7,8.24,2024/8/1 0:00,2099/12/31 23:59,0,0,0,,2024/7/30 4:00,336,2024/7/30 4:00,336
,1,1603,16,lb,7,8.48,2024/8/1 0:00,2099/12/31 23:59,0,0,0,,2024/7/30 4:00,336,2024/7/30 4:00,336
,1,1603,17,lb,7,8.92,2024/8/1 0:00,2099/12/31 23:59,0,0,0,,2024/7/30 4:00,336,2024/7/30 4:00,336
,1,1603,18,lb,7,9.19,2024/8/1 0:00,2099/12/31 23:59,0,0,0,,2024/7/30 4:00,336,2024/7/30 4:00,336
,1,1603,19,lb,7,9.44,2024/8/1 0:00,2099/12/31 23:59,0,0,0,,2024/7/30 4:00,336,2024/7/30 4:00,336
,1,1603,20,lb,7,9.79,2024/8/1 0:00,2099/12/31 23:59,0,0,0,,2024/7/30 4:00,336,2024/7/30 4:00,336
,1,1603,21,lb,7,10.13,2024/8/1 0:00,2099/12/31 23:59,0,0,0,,2024/7/30 4:00,336,2024/7/30 4:00,336
,1,1603,22,lb,7,10.5,2024/8/1 0:00,2099/12/31 23:59,0,0,0,,2024/7/30 4:00,336,2024/7/30 4:00,336
,1,1603,23,lb,7,10.76,2024/8/1 0:00,2099/12/31 23:59,0,0,0,,2024/7/30 4:00,336,2024/7/30 4:00,336
,1,1603,24,lb,7,11.12,2024/8/1 0:00,2099/12/31 23:59,0,0,0,,2024/7/30 4:00,336,2024/7/30 4:00,336
,1,1603,25,lb,7,11.73,2024/8/1 0:00,2099/12/31 23:59,0,0,0,,2024/7/30 4:00,336,2024/7/30 4:00,336
,1,1603,26,lb,7,12.21,2024/8/1 0:00,2099/12/31 23:59,0,0,0,,2024/7/30 4:00,336,2024/7/30 4:00,336
,1,1603,27,lb,7,12.44,2024/8/1 0:00,2099/12/31 23:59,0,0,0,,2024/7/30 4:00,336,2024/7/30 4:00,336
,1,1603,28,lb,7,12.99,2024/8/1 0:00,2099/12/31 23:59,0,0,0,,2024/7/30 4:00,336,2024/7/30 4:00,336
,1,1603,29,lb,7,13.28,2024/8/1 0:00,2099/12/31 23:59,0,0,0,,2024/7/30 4:00,336,2024/7/30 4:00,336
,1,1603,30,lb,7,13.35,2024/8/1 0:00,2099/12/31 23:59,0,0,0,,2024/7/30 4:00,336,2024/7/30 4:00,336
,1,1603,31,lb,7,13.85,2024/8/1 0:00,2099/12/31 23:59,0,0,0,,2024/7/30 4:00,336,2024/7/30 4:00,336
,1,1603,32,lb,7,13.85,2024/8/1 0:00,2099/12/31 23:59,0,0,0,,2024/7/30 4:00,336,2024/7/30 4:00,336
,1,1603,33,lb,7,14.3,2024/8/1 0:00,2099/12/31 23:59,0,0,0,,2024/7/30 4:00,336,2024/7/30 4:00,336
,1,1603,34,lb,7,14.73,2024/8/1 0:00,2099/12/31 23:59,0,0,0,,2024/7/30 4:00,336,2024/7/30 4:00,336
,1,1603,35,lb,7,15.12,2024/8/1 0:00,2099/12/31 23:59,0,0,0,,2024/7/30 4:00,336,2024/7/30 4:00,336
,1,1603,36,lb,7,15.63,2024/8/1 0:00,2099/12/31 23:59,0,0,0,,2024/7/30 4:00,336,2024/7/30 4:00,336
,1,1603,37,lb,7,16.13,2024/8/1 0:00,2099/12/31 23:59,0,0,0,,2024/7/30 4:00,336,2024/7/30 4:00,336
,1,1603,38,lb,7,16.2,2024/8/1 0:00,2099/12/31 23:59,0,0,0,,2024/7/30 4:00,336,2024/7/30 4:00,336
,1,1603,39,lb,7,16.84,2024/8/1 0:00,2099/12/31 23:59,0,0,0,,2024/7/30 4:00,336,2024/7/30 4:00,336
,1,1603,40,lb,7,16.84,2024/8/1 0:00,2099/12/31 23:59,0,0,0,,2024/7/30 4:00,336,2024/7/30 4:00,336
,1,1603,41,lb,7,17.36,2024/8/1 0:00,2099/12/31 23:59,0,0,0,,2024/7/30 4:00,336,2024/7/30 4:00,336
,1,1603,42,lb,7,17.65,2024/8/1 0:00,2099/12/31 23:59,0,0,0,,2024/7/30 4:00,336,2024/7/30 4:00,336
,1,1603,43,lb,7,18.29,2024/8/1 0:00,2099/12/31 23:59,0,0,0,,2024/7/30 4:00,336,2024/7/30 4:00,336
,1,1603,44,lb,7,18.76,2024/8/1 0:00,2099/12/31 23:59,0,0,0,,2024/7/30 4:00,336,2024/7/30 4:00,336
,1,1603,45,lb,7,19.22,2024/8/1 0:00,2099/12/31 23:59,0,0,0,,2024/7/30 4:00,336,2024/7/30 4:00,336
,1,1603,46,lb,7,19.43,2024/8/1 0:00,2099/12/31 23:59,0,0,0,,2024/7/30 4:00,336,2024/7/30 4:00,336
,1,1603,47,lb,7,19.81,2024/8/1 0:00,2099/12/31 23:59,0,0,0,,2024/7/30 4:00,336,2024/7/30 4:00,336
,1,1603,48,lb,7,20,2024/8/1 0:00,2099/12/31 23:59,0,0,0,,2024/7/30 4:00,336,2024/7/30 4:00,336
,1,1603,49,lb,7,20.4,2024/8/1 0:00,2099/12/31 23:59,0,0,0,,2024/7/30 4:00,336,2024/7/30 4:00,336
,1,1603,50,lb,7,20.4,2024/8/1 0:00,2099/12/31 23:59,0,0,0,,2024/7/30 4:00,336,2024/7/30 4:00,336
,1,1603,1,lb,8,8.24,2024/8/1 0:00,2099/12/31 23:59,0,0,0,,2024/7/30 4:00,336,2024/7/30 4:00,336
,1,1603,2,lb,8,8.24,2024/8/1 0:00,2099/12/31 23:59,0,0,0,,2024/7/30 4:00,336,2024/7/30 4:00,336
,1,1603,3,lb,8,8.24,2024/8/1 0:00,2099/12/31 23:59,0,0,0,,2024/7/30 4:00,336,2024/7/30 4:00,336
,1,1603,4,lb,8,8.24,2024/8/1 0:00,2099/12/31 23:59,0,0,0,,2024/7/30 4:00,336,2024/7/30 4:00,336
,1,1603,5,lb,8,8.24,2024/8/1 0:00,2099/12/31 23:59,0,0,0,,2024/7/30 4:00,336,2024/7/30 4:00,336
,1,1603,6,lb,8,8.24,2024/8/1 0:00,2099/12/31 23:59,0,0,0,,2024/7/30 4:00,336,2024/7/30 4:00,336
,1,1603,7,lb,8,8.24,2024/8/1 0:00,2099/12/31 23:59,0,0,0,,2024/7/30 4:00,336,2024/7/30 4:00,336
,1,1603,8,lb,8,8.24,2024/8/1 0:00,2099/12/31 23:59,0,0,0,,2024/7/30 4:00,336,2024/7/30 4:00,336
,1,1603,9,lb,8,8.24,2024/8/1 0:00,2099/12/31 23:59,0,0,0,,2024/7/30 4:00,336,2024/7/30 4:00,336
,1,1603,10,lb,8,8.24,2024/8/1 0:00,2099/12/31 23:59,0,0,0,,2024/7/30 4:00,336,2024/7/30 4:00,336
,1,1603,11,lb,8,8.24,2024/8/1 0:00,2099/12/31 23:59,0,0,0,,2024/7/30 4:00,336,2024/7/30 4:00,336
,1,1603,12,lb,8,8.24,2024/8/1 0:00,2099/12/31 23:59,0,0,0,,2024/7/30 4:00,336,2024/7/30 4:00,336
,1,1603,13,lb,8,8.24,2024/8/1 0:00,2099/12/31 23:59,0,0,0,,2024/7/30 4:00,336,2024/7/30 4:00,336
,1,1603,14,lb,8,8.53,2024/8/1 0:00,2099/12/31 23:59,0,0,0,,2024/7/30 4:00,336,2024/7/30 4:00,336
,1,1603,15,lb,8,8.92,2024/8/1 0:00,2099/12/31 23:59,0,0,0,,2024/7/30 4:00,336,2024/7/30 4:00,336
,1,1603,16,lb,8,9.32,2024/8/1 0:00,2099/12/31 23:59,0,0,0,,2024/7/30 4:00,336,2024/7/30 4:00,336
,1,1603,17,lb,8,9.38,2024/8/1 0:00,2099/12/31 23:59,0,0,0,,2024/7/30 4:00,336,2024/7/30 4:00,336
,1,1603,18,lb,8,10.11,2024/8/1 0:00,2099/12/31 23:59,0,0,0,,2024/7/30 4:00,336,2024/7/30 4:00,336
,1,1603,19,lb,8,10.52,2024/8/1 0:00,2099/12/31 23:59,0,0,0,,2024/7/30 4:00,336,2024/7/30 4:00,336
,1,1603,20,lb,8,10.97,2024/8/1 0:00,2099/12/31 23:59,0,0,0,,2024/7/30 4:00,336,2024/7/30 4:00,336
,1,1603,21,lb,8,11.31,2024/8/1 0:00,2099/12/31 23:59,0,0,0,,2024/7/30 4:00,336,2024/7/30 4:00,336
,1,1603,22,lb,8,11.81,2024/8/1 0:00,2099/12/31 23:59,0,0,0,,2024/7/30 4:00,336,2024/7/30 4:00,336
,1,1603,23,lb,8,12.27,2024/8/1 0:00,2099/12/31 23:59,0,0,0,,2024/7/30 4:00,336,2024/7/30 4:00,336
,1,1603,24,lb,8,12.98,2024/8/1 0:00,2099/12/31 23:59,0,0,0,,2024/7/30 4:00,336,2024/7/30 4:00,336
,1,1603,25,lb,8,13.38,2024/8/1 0:00,2099/12/31 23:59,0,0,0,,2024/7/30 4:00,336,2024/7/30 4:00,336
,1,1603,26,lb,8,13.93,2024/8/1 0:00,2099/12/31 23:59,0,0,0,,2024/7/30 4:00,336,2024/7/30 4:00,336
,1,1603,27,lb,8,14.17,2024/8/1 0:00,2099/12/31 23:59,0,0,0,,2024/7/30 4:00,336,2024/7/30 4:00,336
,1,1603,28,lb,8,14.71,2024/8/1 0:00,2099/12/31 23:59,0,0,0,,2024/7/30 4:00,336,2024/7/30 4:00,336
,1,1603,29,lb,8,15.09,2024/8/1 0:00,2099/12/31 23:59,0,0,0,,2024/7/30 4:00,336,2024/7/30 4:00,336
,1,1603,30,lb,8,15.72,2024/8/1 0:00,2099/12/31 23:59,0,0,0,,2024/7/30 4:00,336,2024/7/30 4:00,336
,1,1603,31,lb,8,16.23,2024/8/1 0:00,2099/12/31 23:59,0,0,0,,2024/7/30 4:00,336,2024/7/30 4:00,336
,1,1603,32,lb,8,16.4,2024/8/1 0:00,2099/12/31 23:59,0,0,0,,2024/7/30 4:00,336,2024/7/30 4:00,336
,1,1603,33,lb,8,16.85,2024/8/1 0:00,2099/12/31 23:59,0,0,0,,2024/7/30 4:00,336,2024/7/30 4:00,336
,1,1603,34,lb,8,17.66,2024/8/1 0:00,2099/12/31 23:59,0,0,0,,2024/7/30 4:00,336,2024/7/30 4:00,336
,1,1603,35,lb,8,17.78,2024/8/1 0:00,2099/12/31 23:59,0,0,0,,2024/7/30 4:00,336,2024/7/30 4:00,336
,1,1603,36,lb,8,18.48,2024/8/1 0:00,2099/12/31 23:59,0,0,0,,2024/7/30 4:00,336,2024/7/30 4:00,336
,1,1603,37,lb,8,18.66,2024/8/1 0:00,2099/12/31 23:59,0,0,0,,2024/7/30 4:00,336,2024/7/30 4:00,336
,1,1603,38,lb,8,19.01,2024/8/1 0:00,2099/12/31 23:59,0,0,0,,2024/7/30 4:00,336,2024/7/30 4:00,336
,1,1603,39,lb,8,19.4,2024/8/1 0:00,2099/12/31 23:59,0,0,0,,2024/7/30 4:00,336,2024/7/30 4:00,336
,1,1603,40,lb,8,19.4,2024/8/1 0:00,2099/12/31 23:59,0,0,0,,2024/7/30 4:00,336,2024/7/30 4:00,336
,1,1603,41,lb,8,20.14,2024/8/1 0:00,2099/12/31 23:59,0,0,0,,2024/7/30 4:00,336,2024/7/30 4:00,336
,1,1603,42,lb,8,20.23,2024/8/1 0:00,2099/12/31 23:59,0,0,0,,2024/7/30 4:00,336,2024/7/30 4:00,336
,1,1603,43,lb,8,20.79,2024/8/1 0:00,2099/12/31 23:59,0,0,0,,2024/7/30 4:00,336,2024/7/30 4:00,336
,1,1603,44,lb,8,21.01,2024/8/1 0:00,2099/12/31 23:59,0,0,0,,2024/7/30 4:00,336,2024/7/30 4:00,336
,1,1603,45,lb,8,21.15,2024/8/1 0:00,2099/12/31 23:59,0,0,0,,2024/7/30 4:00,336,2024/7/30 4:00,336
,1,1603,46,lb,8,21.72,2024/8/1 0:00,2099/12/31 23:59,0,0,0,,2024/7/30 4:00,336,2024/7/30 4:00,336
,1,1603,47,lb,8,22.06,2024/8/1 0:00,2099/12/31 23:59,0,0,0,,2024/7/30 4:00,336,2024/7/30 4:00,336
,1,1603,48,lb,8,22.42,2024/8/1 0:00,2099/12/31 23:59,0,0,0,,2024/7/30 4:00,336,2024/7/30 4:00,336
,1,1603,49,lb,8,22.54,2024/8/1 0:00,2099/12/31 23:59,0,0,0,,2024/7/30 4:00,336,2024/7/30 4:00,336
,1,1603,50,lb,8,22.66,2024/8/1 0:00,2099/12/31 23:59,0,0,0,,2024/7/30 4:00,336,2024/7/30 4:00,336
,1,1603,1,lb,9,28.51,2024/8/1 0:00,2099/12/31 23:59,0,0,0,,2024/7/30 4:00,336,2024/7/30 4:00,336
,1,1603,2,lb,9,31.71,2024/8/1 0:00,2099/12/31 23:59,0,0,0,,2024/7/30 4:00,336,2024/7/30 4:00,336
,1,1603,3,lb,9,34.46,2024/8/1 0:00,2099/12/31 23:59,0,0,0,,2024/7/30 4:00,336,2024/7/30 4:00,336
,1,1603,4,lb,9,37.84,2024/8/1 0:00,2099/12/31 23:59,0,0,0,,2024/7/30 4:00,336,2024/7/30 4:00,336
,1,1603,5,lb,9,41.02,2024/8/1 0:00,2099/12/31 23:59,0,0,0,,2024/7/30 4:00,336,2024/7/30 4:00,336
,1,1603,6,lb,9,44.25,2024/8/1 0:00,2099/12/31 23:59,0,0,0,,2024/7/30 4:00,336,2024/7/30 4:00,336
,1,1603,7,lb,9,47.25,2024/8/1 0:00,2099/12/31 23:59,0,0,0,,2024/7/30 4:00,336,2024/7/30 4:00,336
,1,1603,8,lb,9,49.09,2024/8/1 0:00,2099/12/31 23:59,0,0,0,,2024/7/30 4:00,336,2024/7/30 4:00,336
,1,1603,9,lb,9,52.56,2024/8/1 0:00,2099/12/31 23:59,0,0,0,,2024/7/30 4:00,336,2024/7/30 4:00,336
,1,1603,10,lb,9,55.84,2024/8/1 0:00,2099/12/31 23:59,0,0,0,,2024/7/30 4:00,336,2024/7/30 4:00,336
,1,1603,11,lb,9,58.81,2024/8/1 0:00,2099/12/31 23:59,0,0,0,,2024/7/30 4:00,336,2024/7/30 4:00,336
,1,1603,12,lb,9,61.33,2024/8/1 0:00,2099/12/31 23:59,0,0,0,,2024/7/30 4:00,336,2024/7/30 4:00,336
,1,1603,13,lb,9,63.88,2024/8/1 0:00,2099/12/31 23:59,0,0,0,,2024/7/30 4:00,336,2024/7/30 4:00,336
,1,1603,14,lb,9,66.52,2024/8/1 0:00,2099/12/31 23:59,0,0,0,,2024/7/30 4:00,336,2024/7/30 4:00,336
,1,1603,15,lb,9,68.96,2024/8/1 0:00,2099/12/31 23:59,0,0,0,,2024/7/30 4:00,336,2024/7/30 4:00,336
,1,1603,16,lb,9,72.04,2024/8/1 0:00,2099/12/31 23:59,0,0,0,,2024/7/30 4:00,336,2024/7/30 4:00,336
,1,1603,17,lb,9,75.12,2024/8/1 0:00,2099/12/31 23:59,0,0,0,,2024/7/30 4:00,336,2024/7/30 4:00,336
,1,1603,18,lb,9,78.22,2024/8/1 0:00,2099/12/31 23:59,0,0,0,,2024/7/30 4:00,336,2024/7/30 4:00,336
,1,1603,19,lb,9,81.31,2024/8/1 0:00,2099/12/31 23:59,0,0,0,,2024/7/30 4:00,336,2024/7/30 4:00,336
,1,1603,20,lb,9,84.03,2024/8/1 0:00,2099/12/31 23:59,0,0,0,,2024/7/30 4:00,336,2024/7/30 4:00,336
,1,1603,21,lb,9,85.96,2024/8/1 0:00,2099/12/31 23:59,0,0,0,,2024/7/30 4:00,336,2024/7/30 4:00,336
,1,1603,22,lb,9,88.65,2024/8/1 0:00,2099/12/31 23:59,0,0,0,,2024/7/30 4:00,336,2024/7/30 4:00,336
,1,1603,23,lb,9,91.32,2024/8/1 0:00,2099/12/31 23:59,0,0,0,,2024/7/30 4:00,336,2024/7/30 4:00,336
,1,1603,24,lb,9,94.32,2024/8/1 0:00,2099/12/31 23:59,0,0,0,,2024/7/30 4:00,336,2024/7/30 4:00,336
,1,1603,25,lb,9,97.24,2024/8/1 0:00,2099/12/31 23:59,0,0,0,,2024/7/30 4:00,336,2024/7/30 4:00,336
,1,1603,26,lb,9,100.31,2024/8/1 0:00,2099/12/31 23:59,0,0,0,,2024/7/30 4:00,336,2024/7/30 4:00,336
,1,1603,27,lb,9,103.11,2024/8/1 0:00,2099/12/31 23:59,0,0,0,,2024/7/30 4:00,336,2024/7/30 4:00,336
,1,1603,28,lb,9,105.87,2024/8/1 0:00,2099/12/31 23:59,0,0,0,,2024/7/30 4:00,336,2024/7/30 4:00,336
,1,1603,29,lb,9,108.46,2024/8/1 0:00,2099/12/31 23:59,0,0,0,,2024/7/30 4:00,336,2024/7/30 4:00,336
,1,1603,30,lb,9,111.07,2024/8/1 0:00,2099/12/31 23:59,0,0,0,,2024/7/30 4:00,336,2024/7/30 4:00,336
,1,1603,31,lb,9,111.08,2024/8/1 0:00,2099/12/31 23:59,0,0,0,,2024/7/30 4:00,336,2024/7/30 4:00,336
,1,1603,32,lb,9,111.46,2024/8/1 0:00,2099/12/31 23:59,0,0,0,,2024/7/30 4:00,336,2024/7/30 4:00,336
,1,1603,33,lb,9,113.79,2024/8/1 0:00,2099/12/31 23:59,0,0,0,,2024/7/30 4:00,336,2024/7/30 4:00,336
,1,1603,34,lb,9,116.34,2024/8/1 0:00,2099/12/31 23:59,0,0,0,,2024/7/30 4:00,336,2024/7/30 4:00,336
,1,1603,35,lb,9,119.23,2024/8/1 0:00,2099/12/31 23:59,0,0,0,,2024/7/30 4:00,336,2024/7/30 4:00,336
,1,1603,36,lb,9,121.77,2024/8/1 0:00,2099/12/31 23:59,0,0,0,,2024/7/30 4:00,336,2024/7/30 4:00,336
,1,1603,37,lb,9,124.56,2024/8/1 0:00,2099/12/31 23:59,0,0,0,,2024/7/30 4:00,336,2024/7/30 4:00,336
,1,1603,38,lb,9,127.54,2024/8/1 0:00,2099/12/31 23:59,0,0,0,,2024/7/30 4:00,336,2024/7/30 4:00,336
,1,1603,39,lb,9,130.3,2024/8/1 0:00,2099/12/31 23:59,0,0,0,,2024/7/30 4:00,336,2024/7/30 4:00,336
,1,1603,40,lb,9,133.08,2024/8/1 0:00,2099/12/31 23:59,0,0,0,,2024/7/30 4:00,336,2024/7/30 4:00,336
,1,1603,41,lb,9,135.38,2024/8/1 0:00,2099/12/31 23:59,0,0,0,,2024/7/30 4:00,336,2024/7/30 4:00,336
,1,1603,42,lb,9,137.93,2024/8/1 0:00,2099/12/31 23:59,0,0,0,,2024/7/30 4:00,336,2024/7/30 4:00,336
,1,1603,43,lb,9,140.74,2024/8/1 0:00,2099/12/31 23:59,0,0,0,,2024/7/30 4:00,336,2024/7/30 4:00,336
,1,1603,44,lb,9,142.76,2024/8/1 0:00,2099/12/31 23:59,0,0,0,,2024/7/30 4:00,336,2024/7/30 4:00,336
,1,1603,45,lb,9,145.51,2024/8/1 0:00,2099/12/31 23:59,0,0,0,,2024/7/30 4:00,336,2024/7/30 4:00,336
,1,1603,46,lb,9,148.31,2024/8/1 0:00,2099/12/31 23:59,0,0,0,,2024/7/30 4:00,336,2024/7/30 4:00,336
,1,1603,47,lb,9,151.16,2024/8/1 0:00,2099/12/31 23:59,0,0,0,,2024/7/30 4:00,336,2024/7/30 4:00,336
,1,1603,48,lb,9,153.74,2024/8/1 0:00,2099/12/31 23:59,0,0,0,,2024/7/30 4:00,336,2024/7/30 4:00,336
,1,1603,49,lb,9,156.38,2024/8/1 0:00,2099/12/31 23:59,0,0,0,,2024/7/30 4:00,336,2024/7/30 4:00,336
,1,1603,50,lb,9,159.01,2024/8/1 0:00,2099/12/31 23:59,0,0,0,,2024/7/30 4:00,336,2024/7/30 4:00,336
